# OBJ file format with ext .obj
# vertex count = 2503
# face count = 4968
v 2.1754370e-002 1.3031957e-001 0.00341018
v 2.9656090e-002 1.5250145e-001 0.0817192
v 1.0983400e-003 1.2477885e-001 0.0305435
v 3.7560240e-002 1.1211138e-001 0.0249016
v -2.4219580e-002 1.7843055e-001 0.0184057
v 3.1968440e-002 1.2144925e-001 -0.0190679
v 3.2652890e-002 1.2494359e-001 -0.0060412
v -1.2000020e-002 1.6299355e-001 0.013469
v -9.8213000e-004 1.7236688e-001 0.0343932
v 3.7097300e-003 1.0957263e-001 0.0843142
v -4.1799800e-003 1.7211574e-001 0.0422335
v -1.3838790e-002 1.5660615e-001 0.0633084
v -2.6931360e-002 1.6708033e-001 0.0769039
v 5.1670300e-002 1.1539550e-001 0.0722539
v 3.8302950e-002 1.1366375e-001 -0.0129813
v 1.4236000e-003 1.7010102e-001 0.0378573
v 4.5867630e-002 3.7962370e-002 -0.00486894
v 4.6301340e-002 4.0918830e-002 0.0571805
v 4.4503770e-002 3.8839100e-002 0.0452091
v 1.7132300e-003 1.2617876e-001 0.0337615
v 9.3944500e-003 1.5773747e-001 0.0502423
v -4.6923700e-003 1.5887938e-001 0.0212169
v 8.1786500e-003 1.5778406e-001 0.056473
v 4.6169800e-002 4.1319860e-002 0.0528021
v 4.4462650e-002 4.3101950e-002 0.0499603
v 5.2493310e-002 3.6539860e-002 0.0297488
v 4.7541530e-002 4.2659770e-002 0.00354389
v 4.5723390e-002 4.1982660e-002 -0.00493049
v -1.1924680e-002 1.6872020e-001 0.0390882
v 4.3236960e-002 4.5437000e-002 0.056901
v 4.2129560e-002 4.3098890e-002 0.0412449
v 5.1219460e-002 4.5034530e-002 0.026472
v 5.3243800e-002 4.4022930e-002 0.021867
v 1.3256300e-003 1.6899301e-001 0.0369963
v -1.3733710e-002 1.6171340e-001 0.0672166
v 2.3732020e-002 7.0235220e-002 -0.0497601
v 4.1170040e-002 4.6411230e-002 0.0491866
v 4.2685460e-002 4.3797990e-002 0.0445904
v 4.0286310e-002 4.7154500e-002 0.0436865
v 5.1885310e-002 4.6513620e-002 0.022492
v 4.7502780e-002 4.5036200e-002 0.00651742
v 4.6519930e-002 4.4935790e-002 -0.00037699
v 2.4595280e-002 1.1353879e-001 -0.0340239
v -8.0811700e-003 1.8104250e-001 0.0264679
v 4.8829630e-002 4.7964250e-002 0.0175335
v 4.7485540e-002 4.6416520e-002 0.00700126
v 4.9073620e-002 4.6689140e-002 -0.00598623
v 4.9353190e-002 4.8474490e-002 -0.00910072
v 3.5055410e-002 1.1244769e-001 0.0354537
v 4.9216580e-002 1.3820800e-001 0.0759832
v 2.8954310e-002 4.3153410e-002 -0.0348384
v 3.8731190e-002 4.8494220e-002 0.0526556
v 3.9126790e-002 4.8456670e-002 0.0473789
v 4.0364780e-002 4.6364270e-002 0.0389338
v 4.9322590e-002 4.7816430e-002 0.0264689
v 5.0126500e-002 4.8073650e-002 0.0223658
v 4.7883850e-002 4.7892410e-002 0.0133734
v 4.9484490e-002 4.9470300e-002 0.0121935
v 4.9136900e-002 4.7193060e-002 0.00063364
v 5.2290220e-002 5.0104680e-002 -0.00206568
v 4.6605520e-002 4.9883880e-002 0.0227493
v 4.6947970e-002 4.9917850e-002 0.0180021
v 5.0988650e-002 5.0169310e-002 0.00780368
v 5.3186790e-002 5.1247420e-002 0.00268438
v -2.0064210e-002 1.6140094e-001 0.0638757
v 3.0316760e-002 4.5333970e-002 -0.032434
v 5.7412000e-004 1.2496764e-001 0.0880646
v 3.2765900e-003 1.6748512e-001 0.0415037
v -5.1180400e-003 1.5342891e-001 0.064457
v 3.8286020e-002 5.0520150e-002 0.0343032
v 4.3926450e-002 5.1020650e-002 0.0229494
v 5.0710310e-002 5.4428200e-002 0.0143547
v 5.3149010e-002 5.2302710e-002 -0.00137731
v 5.3422710e-002 5.3198640e-002 -0.0036285
v 5.1773560e-002 5.1574140e-002 -0.00807238
v 5.1668200e-002 1.3005582e-001 0.0726659
v 3.1902020e-002 4.9793200e-002 -0.0379928
v 3.1737450e-002 4.8062400e-002 -0.0384973
v 2.1252620e-002 1.2563988e-001 -0.0215035
v -8.9376200e-003 1.4827412e-001 0.0764813
v -1.7813000e-004 1.1967213e-001 0.0872404
v 2.3425000e-003 1.6822738e-001 0.04372
v 2.6290300e-002 1.2266506e-001 0.0406522
v 3.7587370e-002 5.4570720e-002 0.0466862
v 3.8977810e-002 5.1058250e-002 0.0440717
v 3.9302160e-002 5.0599600e-002 0.0381441
v 4.6142000e-002 5.1607710e-002 0.0198758
v 4.8459320e-002 5.1843550e-002 0.0169112
v 5.0306940e-002 5.4292110e-002 0.0162492
v 5.1958610e-002 5.3685970e-002 0.0104465
v 5.3908250e-002 5.4467500e-002 0.00430909
v 5.2750250e-002 5.5050680e-002 -0.00781527
v -3.2031800e-003 1.0488710e-001 -0.0379551
v 5.3149340e-002 1.2850550e-001 0.0790038
v 5.0990290e-002 1.3448894e-001 0.079779
v 3.4489540e-002 1.5039712e-001 0.0591297
v 3.8160980e-002 1.4961818e-001 0.0656918
v 1.9400580e-002 1.2518394e-001 0.0319517
v -9.1905000e-003 1.6061775e-001 0.0693726
v 2.0377520e-002 1.2935459e-001 0.0452255
v 3.9796700e-002 5.6164390e-002 0.0418791
v 3.6694290e-002 5.4412650e-002 0.0306148
v 4.0839760e-002 5.2606220e-002 0.0247876
v 4.5467040e-002 5.6836920e-002 0.0215889
v 5.4641200e-002 5.4536020e-002 0.00024264
v 5.2155370e-002 1.2558713e-001 0.0809005
v -5.2358200e-003 1.7811137e-001 0.0299962
v 3.1439830e-002 5.0449570e-002 -0.0355154
v 3.2492110e-002 5.2145550e-002 -0.0433156
v 3.4481070e-002 1.5262699e-001 0.0639385
v 3.9545320e-002 6.1077710e-002 0.0444894
v 4.0151390e-002 5.7996270e-002 0.0389799
v -4.1373170e-002 1.7044488e-001 0.0790877
v 5.3990710e-002 5.7759650e-002 0.00462473
v 5.4630800e-002 5.5925480e-002 0.00149855
v 5.3423530e-002 5.7017990e-002 -0.00519817
v 3.4749660e-002 1.2315746e-001 -3.092e-05
v 2.1798410e-002 1.1523716e-001 -0.0335683
v 3.1188930e-002 5.6450590e-002 -0.0386863
v 3.8060290e-002 5.4096000e-002 0.0343858
v 5.5308950e-002 6.0159420e-002 0.00853083
v 5.4483410e-002 5.8343410e-002 0.00044024
v 4.0141810e-002 1.1506037e-001 0.0910787
v 3.2014740e-002 5.4557490e-002 -0.0407755
v 3.1992220e-002 5.7402620e-002 -0.0456369
v 2.5906340e-002 1.2448747e-001 -0.0203589
v 1.3080500e-003 1.2767892e-001 0.0141697
v 5.2752420e-002 5.7493210e-002 0.0119876
v 5.5464300e-002 5.9828640e-002 -0.00325145
v 3.3588280e-002 1.2264726e-001 0.0123952
v 3.2502590e-002 1.2322188e-001 -0.0138138
v 2.4534770e-002 1.5521281e-001 0.0770043
v 3.7471210e-002 6.1075420e-002 0.0280014
v 5.5824810e-002 6.0593520e-002 0.0008548
v 3.3178540e-002 1.1527068e-001 0.0380502
v 2.9576990e-002 1.2382942e-001 0.0162313
v -1.4801300e-003 1.5840012e-001 0.0253736
v 3.0233720e-002 1.5454353e-001 0.0678186
v 5.5688490e-002 6.1418570e-002 0.00430826
v 3.8349580e-002 1.1912518e-001 0.00319589
v 3.5740890e-002 1.2201090e-001 0.00642924
v 3.0848420e-002 5.9099150e-002 -0.042313
v 3.0347250e-002 6.1780760e-002 -0.04851
v 3.0245060e-002 6.0312610e-002 -0.0504123
v 4.1382890e-002 6.3074530e-002 0.0391856
v 3.9543990e-002 6.0780500e-002 0.0344487
v 5.3730860e-002 6.5583910e-002 0.014746
v 5.6525210e-002 6.2700010e-002 -0.00266452
v 3.6251540e-002 1.1962575e-001 0.0139916
v 3.7545270e-002 1.1236219e-001 -0.0196592
v -2.5953100e-003 1.7498725e-001 0.0325972
v 4.9849750e-002 9.9437380e-002 0.00215139
v 2.7931150e-002 6.1830670e-002 0.0560014
v 3.1670590e-002 6.3461570e-002 0.0547073
v 3.1434930e-002 6.0521660e-002 0.0513079
v 4.1824930e-002 6.9629980e-002 0.0419793
v 3.7982220e-002 6.2474660e-002 0.0302725
v 5.4918000e-002 6.4742460e-002 0.0113879
v 5.5599150e-002 6.4700130e-002 -0.00695449
v 1.0258300e-003 9.7690960e-002 -0.0430151
v 2.9841250e-002 6.1574860e-002 -0.0406359
v 3.0223400e-002 6.1910110e-002 -0.0461836
v 2.6303470e-002 1.0685291e-001 -0.037553
v -2.8387790e-002 1.6387238e-001 0.0786407
v -4.3256800e-003 1.4761484e-001 0.0619962
v 5.6173390e-002 6.5488980e-002 0.00574998
v 5.6569260e-002 6.5741170e-002 -0.00025369
v 3.3003670e-002 1.1979518e-001 0.0205425
v 2.8646880e-002 1.2782561e-001 -0.00431559
v 3.9635790e-002 6.7652130e-002 0.0465496
v 5.4089530e-002 6.9659490e-002 0.0174206
v 5.5004790e-002 7.0909900e-002 0.0152422
v 5.5289610e-002 6.8926360e-002 0.0102829
v 5.6579790e-002 6.9288200e-002 0.00011289
v 3.0674020e-002 1.1876943e-001 0.0363093
v 1.9809180e-002 6.3367770e-002 0.0703258
v 2.8039210e-002 6.3795810e-002 -0.0430231
v 2.7873760e-002 8.5556040e-002 -0.0428311
v 2.2931490e-002 1.2715003e-001 -0.0169816
v 1.0751500e-003 1.2825104e-001 0.0421215
v 3.1375390e-002 1.2251895e-001 -0.0163292
v 2.5897830e-002 1.5381172e-001 0.0812642
v -2.5130960e-002 8.8192600e-002 0.0322579
v 5.4695630e-002 7.0887950e-002 0.0137749
v 5.5670490e-002 6.8006030e-002 -0.00529296
v 5.6062150e-002 7.2375600e-002 -0.00769625
v 3.6911950e-002 1.2002635e-001 -0.00348306
v 3.8716340e-002 1.1673563e-001 -0.00665325
v 2.6808990e-002 6.6473930e-002 -0.0460866
v 2.8281890e-002 6.4327070e-002 -0.0523273
v -8.7725500e-003 1.2297065e-001 0.0618976
v -2.2841900e-002 1.0524472e-001 0.00639347
v 4.1381470e-002 6.8559830e-002 0.0352183
v 4.0124390e-002 6.7729720e-002 0.0326899
v 3.9369010e-002 6.9551520e-002 0.0292454
v 5.6892510e-002 6.9655000e-002 0.00500245
v 3.5042300e-002 1.1890153e-001 -0.016574
v 1.7521830e-002 9.9024040e-002 0.0893851
v 2.3549340e-002 6.9489400e-002 -0.0457192
v 2.4517690e-002 6.8796720e-002 -0.0545372
v 4.1929250e-002 7.1577330e-002 0.0449895
v 2.5829230e-002 1.2914902e-001 0.00424394
v 5.3395800e-002 1.2091638e-001 0.0738801
v 4.4994970e-002 1.4406894e-001 0.0740339
v 2.6851470e-002 6.7292480e-002 -0.0504
v -2.4865900e-003 1.5671602e-001 0.0540569
v 2.7308010e-002 1.2014725e-001 -0.0261481
v 1.0993790e-002 1.2990285e-001 0.0107365
v -2.1865520e-002 8.7261130e-002 0.0450788
v 4.1846470e-002 6.8843770e-002 0.0383409
v 4.1186430e-002 7.5169210e-002 0.0292556
v 6.0740300e-003 1.6296037e-001 0.0473112
v 5.6250050e-002 7.3183750e-002 0.011866
v 5.7972980e-002 7.2184340e-002 0.00637346
v 5.8167190e-002 7.2186440e-002 0.00299353
v -2.8388220e-002 9.3778180e-002 0.0257811
v 3.7853150e-002 1.1568553e-001 0.0166926
v 2.4730980e-002 1.0832050e-001 0.0841234
v -1.5534220e-002 1.6356850e-001 0.0742941
v 1.9224650e-002 1.2617744e-001 0.0942971
v 2.1635690e-002 1.2505219e-001 0.0352071
v 4.1673570e-002 7.3436340e-002 0.0494959
v 4.1277900e-002 7.6654840e-002 0.0330642
v 5.7971690e-002 7.3919590e-002 0.00731573
v 5.7696650e-002 7.3496040e-002 -2.185e-05
v 5.6298730e-002 7.2915170e-002 -0.00419344
v 4.3122930e-002 1.4565854e-001 0.0772561
v -9.7879400e-003 8.8724320e-002 -0.0410733
v 3.3973000e-004 1.0850822e-001 -0.0374187
v 4.1939740e-002 7.4687840e-002 0.0551114
v 4.2804080e-002 7.6995340e-002 0.0427402
v 2.0997710e-002 1.5630045e-001 0.0685312
v 5.7388560e-002 7.6343100e-002 0.00994402
v 5.8714640e-002 7.5710690e-002 0.00324792
v 5.1467750e-002 9.3073740e-002 -0.0134144
v -1.4751720e-002 9.3883340e-002 0.0735044
v 5.0688900e-002 1.3507476e-001 0.0744718
v 2.6079670e-002 1.2182948e-001 0.0258513
v -3.7271600e-003 1.7597076e-001 0.0340229
v -2.6792980e-002 1.6839072e-001 0.0754058
v 4.2006940e-002 7.5087300e-002 0.0366584
v 5.6087240e-002 7.7486190e-002 0.0177955
v 5.7698880e-002 7.9877150e-002 0.0113787
v 5.8190740e-002 7.6881950e-002 0.00010415
v 5.6719190e-002 7.9105680e-002 -0.00273814
v 5.6327220e-002 7.6397140e-002 -0.00556812
v -1.9018600e-002 1.5424247e-001 0.0618959
v 4.6976640e-002 1.4098943e-001 0.072647
v 1.3236870e-002 1.2901416e-001 -0.0157997
v 5.1592080e-002 9.7355720e-002 0.0117034
v 4.2961390e-002 7.7545490e-002 0.0589222
v 4.3334920e-002 7.7912430e-002 0.0531213
v 4.3137630e-002 7.6148400e-002 0.0507457
v 4.2630140e-002 7.5550340e-002 0.0474018
v 4.2341310e-002 7.8796280e-002 0.0450556
v 4.2918620e-002 7.8127780e-002 0.0395177
v 5.6934590e-002 8.2940770e-002 0.0152456
v 5.6493250e-002 7.6582160e-002 0.0145578
v 5.7969830e-002 7.9038240e-002 0.0059406
v 1.8811330e-002 1.1064404e-001 -0.0371765
v 1.1955100e-002 1.3162713e-001 -0.00239297
v 1.8662080e-002 1.1789378e-001 0.0936442
v 4.2083520e-002 7.8621830e-002 0.0639398
v 4.3282120e-002 8.2383550e-002 0.0453765
v 4.3162320e-002 8.1152260e-002 0.0365055
v 4.1852180e-002 8.2266590e-002 0.0332443
v 4.1798070e-002 8.0068420e-002 0.0308006
v 5.7553840e-002 8.0998290e-002 0.00205785
v 5.5374510e-002 8.0756170e-002 -0.00818481
v 3.8920230e-002 1.1593580e-001 0.0129534
v 5.2136990e-002 1.2351940e-001 0.0780815
v -4.1963400e-003 1.5567694e-001 0.0265809
v -2.3236300e-003 1.1624130e-001 0.0824716
v 4.7697210e-002 7.9964780e-002 0.0275385
v 5.7446440e-002 8.3845570e-002 -0.00125564
v 5.6463500e-002 8.3406240e-002 -0.00615083
v 4.4203120e-002 8.4035270e-002 0.0624332
v 4.3277090e-002 8.0540510e-002 0.0598672
v 4.4984770e-002 8.1999450e-002 0.0552383
v 4.4601460e-002 8.0568410e-002 0.0540004
v 4.4264180e-002 8.1311330e-002 0.050027
v 4.2456150e-002 8.1083670e-002 0.0419961
v 4.3502350e-002 8.3631380e-002 0.0393579
v 1.8244920e-002 1.0838594e-001 0.0861615
v 3.5537100e-003 9.9917250e-002 0.086723
v 5.5590700e-002 8.3283520e-002 0.0224137
v 5.7523880e-002 8.2555820e-002 0.0169932
v 5.7267780e-002 8.5222570e-002 0.012406
v 3.9283850e-002 1.1693417e-001 0.00744421
v 4.2436620e-002 1.1143287e-001 0.0021452
v 5.3087330e-002 1.2522734e-001 0.0757182
v 5.2462430e-002 1.3193469e-001 0.0770567
v 2.2517050e-002 1.5569660e-001 0.061121
v 1.5320870e-002 1.2744127e-001 0.0375385
v 4.5625920e-002 1.0093469e-001 0.00205167
v 4.4120060e-002 8.4550900e-002 0.0649921
v 4.4186030e-002 8.3944360e-002 0.057862
v 4.4159500e-002 8.4988010e-002 0.0456811
v 4.2912760e-002 8.2888160e-002 0.0350226
v 4.3745080e-002 8.5402300e-002 0.029982
v 9.5703200e-003 9.9209100e-002 0.0888923
v 5.7217390e-002 8.3474800e-002 0.0191353
v 7.5790000e-004 1.0724729e-001 0.0834897
v 5.2714160e-002 1.1790350e-001 0.0701128
v -4.8676200e-003 1.7595563e-001 0.0355263
v 5.3274880e-002 1.2254425e-001 0.0708314
v 6.2336800e-003 9.3630690e-002 -0.0451338
v 4.5332470e-002 8.5346850e-002 0.0536167
v 4.5352040e-002 8.6221680e-002 0.0490008
v 4.3612890e-002 8.6083690e-002 0.0367449
v 5.6665490e-002 8.8826770e-002 0.0108726
v 5.7197980e-002 8.4787810e-002 0.00384502
v 3.1581430e-002 1.1771293e-001 0.0490201
v 3.0645040e-002 1.1835991e-001 0.0429144
v 1.2983110e-002 1.5561695e-001 0.0576845
v 1.2886000e-004 1.2472533e-001 0.0254117
v 1.7786580e-002 1.2736197e-001 -0.0190122
v 4.5109290e-002 8.8845470e-002 0.0594986
v 4.4692930e-002 8.8101500e-002 0.056931
v 7.2086000e-003 1.3138981e-001 -0.00357656
v 5.6741190e-002 8.7266690e-002 0.0166833
v 5.7605220e-002 8.3990470e-002 0.00849808
v 5.7048320e-002 8.6339520e-002 -0.00350782
v -7.8469500e-003 1.8070650e-001 0.0283987
v 5.1489350e-002 1.1674037e-001 0.0765658
v 4.8712940e-002 9.0898610e-002 -0.0178694
v 3.2460200e-002 1.1669551e-001 0.0403421
v 1.6823750e-002 1.3140929e-001 -0.00591057
v -4.6970000e-005 9.1701370e-002 0.0857775
v 4.5188000e-002 8.8844660e-002 0.0503722
v 4.3477620e-002 8.7654530e-002 0.0444341
v 4.2534630e-002 8.6711520e-002 0.0420564
v 4.2560350e-002 8.6185500e-002 0.0330585
v 4.4236610e-002 9.0453360e-002 0.0292419
v 5.7168580e-002 8.4432910e-002 0.00689641
v 5.6879750e-002 9.0415250e-002 0.00662106
v 5.6552120e-002 8.9093200e-002 0.00124391
v 5.4214140e-002 9.0328050e-002 -0.0094076
v -2.0048600e-003 1.0231597e-001 -0.0401948
v 2.2102000e-003 1.1466841e-001 0.0862271
v 1.4234810e-002 9.5632430e-002 0.0894955
v -6.2032000e-003 1.5709447e-001 0.0671322
v 4.4568870e-002 9.0913520e-002 0.0529356
v 4.3312050e-002 8.8886950e-002 0.0367449
v 5.6674380e-002 8.9787930e-002 0.0136261
v 2.4874140e-002 1.2353449e-001 -0.0233371
v 3.5474000e-004 1.2715094e-001 0.0370538
v 1.4359790e-002 1.5613015e-001 0.0736967
v 4.4092080e-002 9.1042400e-002 0.0655924
v 4.5335270e-002 9.2030670e-002 0.0589974
v 4.3697040e-002 8.8573580e-002 0.0332389
v 4.4173460e-002 9.0722970e-002 0.031835
v 5.5589350e-002 8.8032110e-002 0.0200222
v 5.6105260e-002 9.2366370e-002 0.0112138
v 1.3142330e-002 1.0829072e-001 -0.0391084
v 2.4545910e-002 1.1959600e-001 -0.0286757
v -1.9716000e-003 1.5652777e-001 0.0689402
v 4.5090730e-002 9.1126880e-002 0.0626151
v 2.0821750e-002 1.1886441e-001 -0.0304446
v 5.5817230e-002 9.1821720e-002 0.0152411
v 5.5893630e-002 9.3235010e-002 0.00562217
v 5.4715170e-002 9.1654840e-002 -0.00479899
v 4.2388730e-002 9.2376840e-002 0.0682824
v 4.5054970e-002 9.2187420e-002 0.0556237
v 4.3937650e-002 9.5457620e-002 0.051901
v 4.4456690e-002 9.1083890e-002 0.048809
v 4.3252770e-002 9.1002130e-002 0.0454116
v 4.2972490e-002 9.4860420e-002 0.0445145
v 4.3177890e-002 8.9597620e-002 0.0394303
v 4.4238490e-002 9.2617410e-002 0.0356422
v 5.5398380e-002 9.3201160e-002 0.00012246
v 5.0910600e-002 9.5483870e-002 -0.00951046
v 4.8043360e-002 9.1354960e-002 -0.0214417
v -2.2683480e-002 1.6926449e-001 0.00898303
v 2.2419340e-002 1.5602104e-001 0.0730191
v -2.0371200e-003 1.5311588e-001 0.0647604
v 4.2129000e-002 9.5242790e-002 0.0693685
v 4.4183820e-002 9.5552910e-002 0.0601171
v 4.4821190e-002 9.4290440e-002 0.0292417
v 4.4975420e-002 9.3289510e-002 0.0265614
v 5.3993500e-002 9.4587640e-002 0.014394
v 5.4445980e-002 9.5400260e-002 0.00886916
v 5.3815910e-002 9.6201750e-002 0.00121887
v 5.2936770e-002 9.5817360e-002 -0.0040479
v 3.3471960e-002 1.2428544e-001 0.00460194
v 4.8329360e-002 1.3928013e-001 0.0784365
v 1.4341740e-002 1.3079162e-001 -0.0107746
v 4.3667910e-002 9.6322170e-002 0.0566237
v 4.3580310e-002 9.5695620e-002 0.0362989
v 4.4434530e-002 9.5866450e-002 0.0243799
v 2.9857020e-002 1.2633629e-001 -0.0109155
v 5.2743650e-002 9.7350210e-002 0.00586227
v 4.7440920e-002 9.7106620e-002 -0.0169735
v 4.1593880e-002 9.9173950e-002 0.067232
v 4.2955230e-002 9.9640820e-002 0.0549942
v 4.4183060e-002 9.6452700e-002 0.048618
v 1.6160650e-002 1.5442476e-001 0.055369
v 2.3568470e-002 1.2207432e-001 0.0942435
v 4.8750160e-002 9.6738240e-002 -0.013243
v 4.6971000e-002 9.6602480e-002 -0.0206393
v 3.5973430e-002 1.2098188e-001 -0.00734297
v 5.9690700e-003 1.2882438e-001 0.0134939
v 2.3588310e-002 1.2504545e-001 0.0201106
v -1.7218700e-002 1.6479930e-001 0.0694384
v 4.2565330e-002 9.7838670e-002 0.0640281
v 4.2716590e-002 9.9707850e-002 0.0519963
v 4.2383430e-002 9.9425460e-002 0.0439909
v 4.0574410e-002 1.0215357e-001 0.0397383
v 4.2335800e-002 9.9809950e-002 0.0359315
v 4.4651400e-002 9.6914680e-002 0.0308676
v 4.3761280e-002 9.7782680e-002 0.0283421
v 4.4210890e-002 9.8713420e-002 0.0256226
v 2.4537670e-002 1.1077356e-001 0.0852366
v 4.8419510e-002 9.8859470e-002 -0.0071936
v 4.7373080e-002 1.0108782e-001 -0.00965092
v 4.7454290e-002 1.0076420e-001 -0.0134871
v 1.1682970e-002 1.3147500e-001 -0.00773898
v 4.0167560e-002 1.1633319e-001 -0.00080905
v -1.8212480e-002 1.6567918e-001 0.0726526
v 1.0516060e-002 1.3076674e-001 0.00560094
v 1.7392980e-002 1.2518875e-001 0.0263037
v 4.2349150e-002 1.0081180e-001 0.0475904
v 4.1778620e-002 9.8544800e-002 0.0414608
v 4.0737990e-002 1.0383908e-001 0.0335821
v 4.3544750e-002 1.0284737e-001 0.0228702
v 4.4765940e-002 9.8207610e-002 0.022362
v 4.4489280e-002 9.8973200e-002 0.0188705
v 3.8060760e-002 7.7573520e-002 0.0714337
v 5.3034590e-002 1.1826712e-001 0.0730012
v -8.3359800e-003 1.3498146e-001 0.0684664
v -9.0477100e-003 1.0786100e-001 0.0746838
v -1.2595320e-002 1.5852021e-001 0.064959
v 3.5151900e-002 1.5093057e-001 0.0789317
v 3.8337710e-002 9.9442520e-002 0.0741136
v 3.9794060e-002 1.0098777e-001 0.0704569
v 4.2725130e-002 1.0041260e-001 0.0590588
v 4.0301390e-002 1.0452012e-001 0.0491873
v 4.2633060e-002 1.0197369e-001 0.0291512
v 4.4191660e-002 1.0107813e-001 0.0115997
v 4.5423010e-002 1.0163906e-001 -0.00514504
v 4.0347210e-002 1.0496738e-001 0.0514957
v 4.3701160e-002 1.0214391e-001 0.0202182
v 4.2563550e-002 1.0523743e-001 -0.00425159
v 4.5287270e-002 1.0337487e-001 -0.0168328
v 4.5537500e-003 1.2562669e-001 0.0256611
v 3.7523210e-002 1.0536685e-001 0.0721419
v 4.0647810e-002 1.0371550e-001 0.0649846
v 4.0906390e-002 1.0467197e-001 0.0606525
v 4.1516690e-002 1.0365394e-001 0.055309
v 4.1339990e-002 1.0431726e-001 0.0442432
v 4.2919420e-002 1.0436131e-001 0.0155133
v 4.3710640e-002 1.0304531e-001 0.00763232
v 4.3825460e-002 1.0516619e-001 0.00780469
v 4.3603830e-002 1.0523506e-001 -0.00971632
v 2.8685010e-002 1.1553645e-001 -0.0303004
v 4.0165640e-002 1.0635662e-001 0.0474969
v 3.8247660e-002 1.0683037e-001 0.0389789
v 4.2207540e-002 1.0426705e-001 0.0258693
v 4.2802830e-002 1.0503919e-001 0.0180579
v 4.2350430e-002 1.0807750e-001 0.01518
v 4.4047190e-002 1.0566175e-001 0.00389815
v 4.3775910e-002 1.0446731e-001 -2.682e-05
v 4.5396310e-002 1.0403629e-001 -0.0119784
v 4.1811990e-002 1.0726898e-001 -0.015005
v 2.0398110e-002 1.2230287e-001 -0.0264881
v 3.8644860e-002 1.0634244e-001 0.0362256
v 4.0715320e-002 1.0932290e-001 0.0211268
v 4.3465690e-002 1.0457100e-001 0.0128198
v 4.1674980e-002 1.0943666e-001 -0.00528479
v 4.1243400e-002 1.0710645e-001 -0.00894037
v 7.1421300e-003 1.6062039e-001 0.0518397
v 3.4843990e-002 1.1451730e-001 0.0542014
v 1.9689610e-002 1.2958070e-001 -0.0132263
v 3.7507800e-002 1.0865787e-001 0.0693824
v 3.8018440e-002 1.0734145e-001 0.067691
v 3.7579790e-002 1.1037270e-001 0.0637824
v 3.8297580e-002 1.0928682e-001 0.0507494
v 4.3454570e-002 1.0742813e-001 0.00939362
v 4.2662800e-002 1.0932531e-001 -0.00117601
v 3.9945400e-002 1.1003994e-001 -0.00980203
v 4.0323840e-002 1.0732778e-001 -0.0201313
v -2.2459030e-002 1.0577531e-001 0.00278728
v 3.9424590e-002 1.0774199e-001 0.0549969
v 3.8754110e-002 1.0905146e-001 0.0459667
v 3.9456440e-002 1.0737278e-001 0.0423245
v 3.8102720e-002 1.0896504e-001 0.0321612
v 3.2858800e-002 1.1597313e-001 0.0307702
v 4.2475330e-002 1.0983707e-001 0.0116086
v -2.4931860e-002 9.3166620e-002 0.0294283
v -9.4198200e-003 9.2080160e-002 0.0800436
v 3.5117920e-002 1.1342104e-001 0.0497974
v 5.7713400e-003 1.6191369e-001 0.0437239
v 3.7997640e-002 1.0943152e-001 0.0579817
v 3.5873450e-002 1.1224766e-001 0.0414912
v 3.4094730e-002 1.1592775e-001 0.0249298
v 3.7872990e-002 1.1409528e-001 0.0208817
v 4.2039690e-002 1.1183813e-001 0.00755197
v 4.1494710e-002 1.1240547e-001 -0.00376672
v -9.2373400e-003 1.5189480e-001 0.0628296
v 3.6234680e-002 1.1320797e-001 0.0591959
v -2.1761690e-002 9.3892810e-002 0.0510791
v -1.5154490e-002 8.4374880e-002 0.0739454
v -7.7592200e-003 1.3486431e-001 0.0721462
v -2.0994830e-002 1.7041104e-001 0.0194089
v -1.9602100e-003 1.4905531e-001 0.0555305
v 4.3000600e-002 3.6976600e-002 -0.0166885
v 3.3769460e-002 1.1775075e-001 0.0522773
v -1.6486120e-002 9.3039200e-002 0.0692014
v 3.0867940e-002 1.1702438e-001 -0.0265792
v 5.4144750e-002 3.7036910e-002 0.0235743
v 4.8929450e-002 3.8988430e-002 0.00737751
v 4.4501470e-002 3.8453060e-002 -0.0132347
v 4.2641060e-002 4.0809290e-002 -0.0194874
v 3.8484200e-002 1.4694729e-001 0.0639539
v 4.5955360e-002 3.6096540e-002 0.0495795
v 4.4042360e-002 3.6286400e-002 0.0433236
v 7.7617700e-003 1.2556338e-001 0.0290472
v 4.7262900e-002 3.9476800e-002 0.00173431
v -4.6738900e-003 1.5362199e-001 0.0313581
v -2.0606030e-002 1.0747582e-001 -0.0025822
v 3.1740300e-002 1.4514674e-001 0.0568023
v 4.6819640e-002 3.7683110e-002 0.0564643
v 4.6286140e-002 3.8312290e-002 0.0509648
v 2.7585000e-002 1.3486613e-001 0.0509804
v 5.4161390e-002 3.8860730e-002 0.0256474
v 5.3986030e-002 4.0615780e-002 0.0225421
v 5.2403440e-002 3.8911170e-002 0.017618
v -1.3020960e-002 1.6829145e-001 0.0197118
v 4.6347330e-002 9.5222940e-002 -0.0237801
v 4.4510310e-002 4.2716950e-002 -0.0147443
v 4.0846450e-002 4.0161530e-002 -0.0216914
v -1.8855520e-002 9.0172190e-002 0.0640672
v 4.5760520e-002 1.0041961e-001 -0.0203192
v -2.3534630e-002 9.3630690e-002 0.036425
v 5.1404530e-002 4.2571420e-002 0.0149812
v 4.0231470e-002 1.2340101e-001 0.0573353
v 3.7576440e-002 1.2337919e-001 0.0541726
v 4.0904580e-002 4.3621680e-002 -0.0226252
v 3.2157720e-002 4.3352290e-002 -0.0288105
v 5.2016200e-003 1.5727487e-001 0.0427642
v 4.5057440e-002 4.4125090e-002 -0.00922319
v 4.3793870e-002 4.5755840e-002 -0.0150482
v -1.7484400e-002 1.0251144e-001 0.0637573
v -1.3786960e-002 1.6148975e-001 0.0340704
v 1.6542620e-002 7.5610200e-002 0.0821915
v 5.0615920e-002 1.2337119e-001 0.0662994
v 5.0653040e-002 4.5283110e-002 0.0155101
v 4.3009830e-002 4.4249610e-002 -0.018928
v 3.8277230e-002 4.6326610e-002 -0.0258218
v 3.6152520e-002 4.4547790e-002 -0.0272687
v 7.2036900e-003 1.5695057e-001 0.0453013
v 3.9378080e-002 1.0616625e-001 -0.0238558
v 4.0694430e-002 4.8127270e-002 -0.0216327
v 3.1343420e-002 4.8803700e-002 -0.0437854
v 2.8165490e-002 4.8969960e-002 -0.0480748
v 2.1201270e-002 4.7673620e-002 -0.0526631
v 4.4143250e-002 4.4722850e-002 0.0527224
v -6.3597700e-003 1.7258324e-001 0.0300716
v 1.6504600e-003 1.5447469e-001 0.034508
v 4.6472020e-002 4.6711810e-002 -0.0106297
v 4.3678630e-002 4.8439000e-002 -0.0167434
v 4.3920090e-002 9.2133370e-002 -0.028827
v 4.0771270e-002 1.2726188e-001 0.0599371
v 4.1862000e-003 1.5802075e-001 0.0367521
v 2.4686000e-004 1.6199719e-001 0.0378854
v -1.2094990e-002 1.8348586e-001 0.0220478
v -9.8312000e-003 1.8096836e-001 0.0243646
v 7.6451700e-003 1.5052959e-001 0.0448823
v 3.8752040e-002 5.1317780e-002 -0.0269968
v 3.0797290e-002 5.2751040e-002 -0.0477358
v 2.4147970e-002 4.8857380e-002 -0.0517038
v 4.8036050e-002 1.1424088e-001 0.0675044
v -9.6926000e-003 1.6031250e-001 0.0162575
v -4.0730420e-002 1.6792441e-001 0.0639263
v 4.5405000e-003 1.4996141e-001 0.0416653
v -2.6810000e-003 1.6493551e-001 0.0352032
v 2.4275750e-002 9.9496740e-002 -0.0413188
v 4.8593880e-002 5.2523910e-002 -0.0140552
v 4.4798910e-002 5.1321300e-002 -0.0194212
v 4.1053270e-002 5.1474390e-002 -0.023678
v 3.2757880e-002 5.1930810e-002 -0.0342581
v 2.3197720e-002 5.3147410e-002 -0.0559573
v 1.6017200e-003 1.4922850e-001 0.039938
v 2.6985500e-002 1.2600802e-001 0.0469888
v -3.1911460e-002 9.0081290e-002 0.0277084
v 4.7722150e-002 5.5166510e-002 -0.0192046
v 4.5102460e-002 5.3927560e-002 -0.021886
v 3.6913620e-002 5.2863840e-002 -0.0312863
v 3.1976810e-002 5.4719230e-002 -0.0466612
v 2.7927010e-002 5.3276700e-002 -0.0518237
v -2.1039500e-003 1.6140418e-001 0.0292649
v 4.3041630e-002 1.4463537e-001 0.0687008
v 2.9867640e-002 1.5000706e-001 0.0560701
v 1.2024710e-002 9.4802660e-002 -0.0447179
v 6.4548200e-003 1.5582081e-001 0.0418041
v 5.2437860e-002 1.2289287e-001 0.0683693
v -1.8114610e-002 9.5509880e-002 0.0641148
v -1.7136370e-002 1.8543664e-001 0.0183831
v 5.1914060e-002 5.6678340e-002 -0.0117454
v 4.0548240e-002 1.1998238e-001 0.0593754
v 2.0270120e-002 5.7956980e-002 -0.0590921
v 1.7314650e-002 9.7389400e-002 -0.0435477
v -5.1845000e-004 1.5963381e-001 0.0262918
v 4.9522780e-002 5.6350380e-002 -0.0149048
v 4.3086850e-002 5.4958580e-002 -0.0242862
v 4.0388970e-002 5.6125250e-002 -0.0289526
v 3.0259270e-002 1.2949500e-001 0.0495078
v 2.8657920e-002 9.5170220e-002 -0.0408248
v 4.8864720e-002 5.8243780e-002 -0.0177748
v 3.8310990e-002 5.8515260e-002 -0.0335738
v 3.3601460e-002 5.6996480e-002 -0.036385
v 4.8008340e-002 1.2243894e-001 0.064205
v 4.1308960e-002 1.4011279e-001 0.0654245
v 3.0001390e-002 5.7308080e-002 -0.0508013
v 2.4291920e-002 5.6970820e-002 -0.0566717
v 1.1274060e-002 1.4913519e-001 0.0493499
v 4.8265220e-002 1.3442855e-001 0.0697606
v 4.8576140e-002 6.0003780e-002 -0.0195371
v 4.3454420e-002 5.9952790e-002 -0.0270139
v 2.4201790e-002 6.1392970e-002 -0.0576794
v 3.9426610e-002 1.2623512e-001 0.0569165
v 3.3537270e-002 1.1656262e-001 -0.0234693
v 3.2937460e-002 1.3885500e-001 0.0582986
v 5.4780030e-002 6.0297430e-002 -0.00645984
v 5.2484370e-002 5.9162400e-002 -0.010406
v 4.5871060e-002 5.8654360e-002 -0.0231839
v 3.9781440e-002 6.1773840e-002 -0.0330404
v 4.6650200e-002 1.2628088e-001 0.0643482
v 3.6494880e-002 1.1562007e-001 0.0570314
v 2.7653010e-002 5.8342890e-002 -0.0544516
v -7.3591600e-003 1.7011322e-001 0.0301344
v 1.6096500e-003 1.5986369e-001 0.0370771
v 3.1970590e-002 1.3731083e-001 0.0560328
v 4.3868140e-002 1.4150325e-001 0.0676765
v 5.4009240e-002 6.2735270e-002 -0.00999117
v 5.0500900e-002 6.1382890e-002 -0.0145215
v 4.1545810e-002 6.2169610e-002 -0.0300517
v 3.4366020e-002 6.1062710e-002 -0.0375192
v 2.8268530e-002 6.1391550e-002 -0.053944
v 2.1561830e-002 6.3128810e-002 -0.0591199
v -1.1719630e-002 1.7693266e-001 0.0243664
v -1.4120370e-002 1.6627152e-001 0.0132534
v 2.0450190e-002 1.0669250e-001 -0.0392187
v -1.8103430e-002 1.8078031e-001 0.017969
v 4.7282360e-002 6.0875970e-002 -0.0219024
v 3.7606020e-002 6.1630030e-002 -0.0353417
v 3.6700970e-002 1.3599775e-001 0.0621456
v 2.5286090e-002 6.3691150e-002 -0.0568206
v 2.1962800e-003 1.5948699e-001 0.0328
v 5.3982180e-002 6.6584120e-002 -0.0112121
v 5.2441150e-002 6.4203580e-002 -0.0129196
v 4.7919660e-002 6.3851330e-002 -0.020127
v 3.7781400e-002 6.6669610e-002 -0.0359718
v 3.1686660e-002 6.4361260e-002 -0.0399069
v 4.5480940e-002 1.3210600e-001 0.0667023
v 3.5374700e-003 1.5978000e-001 0.0416014
v 3.1916150e-002 1.0766252e-001 -0.0330446
v 4.5204640e-002 6.3694500e-002 -0.0246721
v 4.3902690e-002 6.8007640e-002 -0.0261087
v 3.9729480e-002 6.7054760e-002 -0.0333639
v 2.6994720e-002 6.6707700e-002 -0.0429158
v 2.6979680e-002 6.4697160e-002 -0.054715
v -9.2475200e-003 1.6325000e-001 0.0165309
v -6.7072700e-003 1.6113800e-001 0.0178916
v -3.9756700e-003 9.7491260e-002 -0.0411181
v 4.7012620e-002 7.0075990e-002 -0.0233868
v 3.5132520e-002 6.5678440e-002 -0.0381029
v 3.4718950e-002 1.2221678e-001 -0.0101452
v 2.1979460e-002 6.6741240e-002 -0.0583924
v -1.4478830e-002 8.4549140e-002 -0.038302
v 3.7590390e-002 9.7053980e-002 -0.0341264
v 1.9128800e-003 1.5809888e-001 0.0313557
v 3.2440640e-002 1.4099493e-001 0.0582595
v 5.1490220e-002 1.1951525e-001 0.0668172
v 5.1151230e-002 1.1647050e-001 0.06809
v 5.1009890e-002 6.6269890e-002 -0.0165683
v 4.2289380e-002 6.6509780e-002 -0.0293629
v -1.1674040e-002 9.3949630e-002 -0.0370272
v 2.3969320e-002 6.7659930e-002 -0.0564127
v 3.7137830e-002 1.4519988e-001 0.0612957
v 3.9792610e-002 1.1336223e-001 -0.0083873
v 5.4240490e-002 7.0920980e-002 -0.011807
v 4.1653890e-002 7.0647100e-002 -0.0297417
v 3.7114610e-002 7.1220700e-002 -0.0362944
v 3.2720020e-002 7.0294820e-002 -0.0398997
v 3.6678590e-002 1.3778012e-001 0.0627631
v -1.8654160e-002 1.7504938e-001 0.0158154
v 1.7017380e-002 1.1475156e-001 0.092269
v 4.4290070e-002 1.0141111e-001 0.00094964
v 3.8006760e-002 1.1274250e-001 0.0637129
v 3.9654020e-002 1.1701650e-001 0.061096
v 4.9003540e-002 6.9335450e-002 -0.0209919
v 4.4539930e-002 7.0550460e-002 -0.0256585
v 4.0486510e-002 7.3500690e-002 -0.0329786
v 2.8318230e-002 6.9717580e-002 -0.0421561
v 3.6598450e-002 1.2956070e-001 0.0555169
v 3.7448800e-003 1.6436059e-001 0.0408023
v 4.4322030e-002 1.0121650e-001 0.00625465
v -1.6047550e-002 1.6621199e-001 0.0109868
v -5.3291400e-003 1.6448158e-001 0.0303514
v 4.1733260e-002 1.0088990e-001 -0.0261109
v 4.2318710e-002 1.1329504e-001 0.0655999
v 4.2257700e-002 9.6712680e-002 -0.0288147
v 5.2717390e-002 7.1571940e-002 -0.0152633
v 4.3447240e-002 7.4088480e-002 -0.0289824
v 2.3155250e-002 7.5516710e-002 -0.0448725
v -2.5019400e-003 1.4962481e-001 0.0782252
v 9.0029700e-003 1.5296850e-001 0.0460949
v 1.8934650e-002 1.4682913e-001 0.052369
v -6.8623600e-003 1.5763440e-001 0.0215921
v 5.1826600e-002 7.3066230e-002 -0.0171768
v 4.9312500e-002 7.5149180e-002 -0.0226875
v 3.8482270e-002 7.3076670e-002 -0.035472
v 2.5061450e-002 1.3839976e-001 0.0894808
v 3.2978380e-002 1.3221978e-001 0.0532167
v 4.3700800e-003 1.5551947e-001 0.0377768
v 2.1680550e-002 1.3511875e-001 0.0905494
v 4.1669940e-002 1.3037076e-001 0.0633666
v 5.4221350e-002 7.6651720e-002 -0.0140743
v 5.2488260e-002 7.5806590e-002 -0.0181098
v 2.9187200e-002 7.8861480e-002 -0.0422099
v 2.0510310e-002 1.4179906e-001 0.0521159
v 3.3805790e-002 1.1149602e-001 -0.0290631
v 2.8980480e-002 1.4267229e-001 0.0547315
v 4.6416650e-002 7.5536040e-002 -0.0259036
v 4.2699060e-002 7.5907440e-002 -0.0312988
v 3.5050640e-002 7.5649430e-002 -0.0384462
v 1.8354320e-002 7.4079520e-002 -0.0463517
v 2.5523570e-002 1.3077525e-001 0.0476566
v -1.9602980e-002 1.7131059e-001 0.0114474
v -2.8167000e-004 1.6640131e-001 0.0366472
v 7.8019000e-003 1.5917824e-001 0.0466535
v 5.6514200e-003 1.4663612e-001 0.0455699
v -7.4587000e-003 9.2365100e-002 -0.0414389
v 3.9945640e-002 1.3463625e-001 0.0642874
v 3.8915910e-002 1.3178328e-001 0.0611289
v 2.8833160e-002 1.2215063e-001 0.0478435
v 3.1778440e-002 1.2491344e-001 0.0495368
v 4.7853960e-002 1.3817656e-001 0.0711354
v 5.5256790e-002 7.6468110e-002 -0.0101139
v 5.2759530e-002 7.9516550e-002 -0.0178974
v 5.0425390e-002 8.0250650e-002 -0.0217408
v 4.8026570e-002 7.8724920e-002 -0.0252716
v 4.3388770e-002 7.8999480e-002 -0.030885
v 3.6965840e-002 1.4084781e-001 0.0624419
v -1.7837760e-002 1.5666850e-001 0.0621651
v 4.3004680e-002 1.0416830e-001 -0.0206573
v 4.2572290e-002 1.1571453e-001 0.0636028
v 5.3755600e-002 8.0085500e-002 -0.014424
v 4.4527350e-002 8.2553250e-002 -0.0287793
v 2.4552920e-002 8.1846900e-002 -0.0444501
v 1.9700850e-002 8.3338380e-002 -0.045542
v 3.2163270e-002 1.2063801e-001 0.0496658
v -5.6241100e-003 1.7619959e-001 0.0291773
v 3.6918680e-002 1.3270975e-001 0.0582031
v -7.7799300e-003 9.7088220e-002 -0.038997
v 3.7451450e-002 1.2071262e-001 0.0547258
v 5.3065830e-002 8.4211180e-002 -0.0131891
v -9.9900200e-003 1.6489742e-001 0.0199263
v 3.4271250e-002 1.1849719e-001 -0.0201531
v 3.7253480e-002 1.1774313e-001 0.0558599
v 5.1285840e-002 8.3623160e-002 -0.0180453
v -5.0155730e-002 1.5912175e-001 0.0637571
v -1.7043540e-002 1.7653197e-001 0.0185276
v 3.8035240e-002 1.0360053e-001 -0.0287344
v 1.6578920e-002 1.0284216e-001 -0.041414
v 4.4687400e-002 9.8016880e-002 -0.0244117
v 4.9433120e-002 8.6311430e-002 -0.0209252
v 4.3011090e-002 8.4959560e-002 -0.030445
v 4.1636930e-002 8.3781640e-002 -0.0330301
v 3.7198390e-002 7.9876480e-002 -0.0369751
v 4.8155990e-002 1.1355888e-001 0.0777215
v 3.6590330e-002 1.0651935e-001 -0.02925
v 2.8266470e-002 1.3754688e-001 0.0530782
v 4.5235530e-002 1.1999459e-001 0.0629906
v 4.8735570e-002 1.1751956e-001 0.0653983
v 2.7788130e-002 1.1227890e-001 -0.0333739
v 3.5185850e-002 8.7489930e-002 -0.0384136
v -5.6647670e-002 1.6479234e-001 0.0619459
v -1.3431140e-002 1.7392813e-001 0.0228765
v -3.5708800e-003 8.8390020e-002 -0.0437662
v 2.7550520e-002 1.0125969e-001 -0.0392915
v 5.4732670e-002 8.6027290e-002 -0.0109362
v 4.8292310e-002 8.4492600e-002 -0.0241087
v 3.2837670e-002 9.9195470e-002 -0.0367584
v 3.4587860e-002 1.2565987e-001 0.0519416
v -5.7320000e-003 1.6641850e-001 0.0315821
v 5.6117850e-002 8.6427230e-002 -0.00764059
v 5.0522960e-002 8.8644690e-002 -0.016771
v 4.0574270e-002 8.6932850e-002 -0.0344046
v 3.7936930e-002 8.4439200e-002 -0.0361438
v 2.6760600e-003 1.0361081e-001 -0.0412588
v 3.6728360e-002 1.1081111e-001 -0.0247661
v -6.0717000e-003 1.6250449e-001 0.0226016
v -2.2624750e-002 1.7879041e-001 0.0128937
v -1.1329700e-002 1.7031135e-001 0.0249392
v 8.3661500e-003 1.4559606e-001 0.0484686
v 5.3394630e-002 8.9593930e-002 -0.0125345
v 4.6655260e-002 8.8482290e-002 -0.0258729
v 4.2215450e-002 8.8969130e-002 -0.0327565
v -3.1862400e-003 1.6103450e-001 0.0233436
v 2.6802950e-002 1.1943826e-001 0.092595
v -6.6698800e-003 1.3761738e-001 0.0743148
v 2.9256200e-002 1.2131500e-001 0.0924992
v -1.4133650e-002 1.5764266e-001 0.0773783
v 3.6523230e-002 1.2307021e-001 0.0929073
v 4.4234200e-002 8.8011080e-002 -0.0284233
v 3.9183920e-002 9.0836820e-002 -0.0352517
v 4.9939310e-002 9.3203560e-002 -0.0157606
v 3.2520220e-002 9.4954300e-002 -0.0387855
v 4.3062680e-002 1.2373565e-001 0.0615112
v 5.0148970e-002 1.2748676e-001 0.0681451
v -1.4299100e-002 1.8237588e-001 0.0206167
v 3.7031980e-002 1.1571495e-001 -0.0151372
v 1.1816680e-002 1.5276300e-001 0.0507183
v 3.9404710e-002 1.0048686e-001 -0.0301687
v 4.0312400e-003 9.5469530e-002 0.0874265
v 3.5449690e-002 1.4284463e-001 0.0600104
v 3.3808800e-002 1.4637237e-001 0.0586033
v 4.0890240e-002 9.3736150e-002 -0.0324117
v -1.6842050e-002 1.4997690e-001 0.0759178
v -8.6782200e-003 3.5293940e-002 -0.0185966
v -1.4685160e-002 3.5259400e-002 -0.0172098
v 2.2097520e-002 9.0818120e-002 -0.0443265
v 3.0938100e-003 3.8830830e-002 -0.0383359
v -2.0919300e-003 3.6775320e-002 -0.0221929
v -1.2507670e-002 3.8234010e-002 -0.019636
v 3.7148760e-002 3.9762540e-002 -0.0236821
v 6.5649500e-003 4.2465320e-002 -0.0466933
v -4.7021600e-003 3.7657240e-002 -0.0216211
v -1.9884930e-002 3.8196090e-002 -0.0166386
v 3.7720210e-002 1.1366307e-001 0.090254
v 1.0276770e-002 1.1373094e-001 0.0905939
v -5.7821820e-002 1.7679461e-001 0.0625417
v -2.5996430e-002 1.7992082e-001 0.0110919
v -2.2578880e-002 1.5219935e-001 0.0622631
v -2.2562420e-002 9.4982570e-002 0.0422768
v 2.0634400e-003 4.1864140e-002 -0.0432934
v -1.2622500e-003 4.4530720e-002 -0.0437796
v -9.4629500e-003 4.0427270e-002 -0.021697
v -1.6151690e-002 1.6450000e-001 0.0111837
v -2.8997120e-002 1.5313041e-001 0.0623726
v -2.8270200e-002 1.7725850e-001 0.00924893
v -9.1575000e-003 8.5509410e-002 -0.0414774
v 2.9440660e-002 1.0879438e-001 0.0812687
v 1.4582960e-002 4.3815900e-002 -0.0495757
v 5.0420000e-003 4.7747690e-002 -0.052988
v -1.4536230e-002 4.2855330e-002 -0.0219775
v -1.7136500e-002 3.8294100e-002 -0.0185057
v -1.3279000e-004 1.5203437e-001 0.0351005
v 2.3023500e-003 4.5265000e-002 -0.0487491
v -1.4620980e-002 9.9870060e-002 -0.0319129
v -1.3349060e-002 1.6167426e-001 0.0142225
v 6.8063900e-003 1.3638523e-001 0.0486636
v -2.8390760e-002 1.7426102e-001 0.00958372
v 1.0427720e-002 4.6539940e-002 -0.0528018
v 1.0401000e-003 4.8485200e-002 -0.0514338
v -2.0807290e-002 9.8021670e-002 -0.0239112
v -1.0820840e-002 4.4130110e-002 -0.0245671
v -2.0456280e-002 4.3662400e-002 -0.0203568
v -1.9695320e-002 1.1087418e-001 0.0218824
v 2.5066610e-002 1.4981693e-001 0.0538318
v 1.7484000e-002 4.7773090e-002 -0.0541142
v 1.0627080e-002 5.0515740e-002 -0.0567306
v -3.8715700e-003 4.8138820e-002 -0.0459418
v 2.8524490e-002 1.1109094e-001 0.0838178
v -8.5081800e-003 4.7450250e-002 -0.0292078
v -1.2847240e-002 4.8067390e-002 -0.0284549
v -1.6427740e-002 4.7607100e-002 -0.0266373
v -1.7528500e-002 4.4992500e-002 -0.0220401
v -2.2114680e-002 4.7167750e-002 -0.0191201
v -2.3724130e-002 1.0072957e-001 0.0157822
v -5.2788100e-002 1.7213119e-001 0.0625142
v -7.6600200e-003 1.4745498e-001 0.0623456
v 1.3124070e-002 8.8151720e-002 -0.0455982
v 8.9728300e-003 1.4283525e-001 0.0494226
v 4.4221460e-002 1.1162341e-001 0.0827619
v 1.7448750e-002 1.5013661e-001 0.0521662
v -2.0170260e-002 1.4801371e-001 0.0636167
v 2.3662180e-002 1.3796388e-001 0.0514927
v -6.0631700e-002 1.7517449e-001 0.0615176
v 1.5564490e-002 5.0125660e-002 -0.0565249
v 3.2062600e-003 5.1416260e-002 -0.0552579
v -3.4166300e-003 5.2786370e-002 -0.0503181
v -4.5713890e-002 1.6744086e-001 0.062682
v 1.9940560e-002 5.1179900e-002 -0.0565201
v 7.2538300e-003 5.1578130e-002 -0.056908
v -6.2070000e-004 5.1898670e-002 -0.0528542
v -2.9042560e-002 3.3767390e-002 0.0389211
v -1.3990860e-002 5.0324690e-002 -0.0297407
v -5.2067400e-003 3.5117720e-002 0.0687962
v 1.8647920e-002 5.5503780e-002 -0.058826
v -4.4735500e-003 1.2309988e-001 0.0261606
v 2.4261390e-002 1.4401200e-001 0.053342
v 1.5182420e-002 5.2821320e-002 -0.0581774
v 1.3342730e-002 5.6840180e-002 -0.0597981
v -6.6158000e-004 5.6044630e-002 -0.0545499
v -2.0234060e-002 5.1423450e-002 -0.0267755
v -2.6708770e-002 1.7291588e-001 0.00869604
v 2.6405070e-002 7.1967020e-002 0.0770396
v -4.2951850e-002 1.5897471e-001 0.0630699
v -8.9993300e-003 5.6083040e-002 -0.0357067
v -1.1006150e-002 5.3707520e-002 -0.0326004
v -1.6224950e-002 5.2538430e-002 -0.02974
v 9.4530800e-003 5.6362780e-002 -0.0592385
v 4.0245600e-003 5.6012210e-002 -0.0574218
v -1.8042060e-002 5.5210580e-002 -0.029063
v -3.2085300e-002 9.5214090e-002 0.0172244
v 7.6582400e-003 1.0968787e-001 0.0859114
v 1.5591560e-002 6.1677210e-002 -0.0605949
v 5.8397000e-003 6.0504600e-002 -0.0595316
v 1.8886400e-003 5.9944620e-002 -0.0573065
v -6.4252500e-003 5.9839830e-002 -0.0388294
v -1.6518370e-002 5.7300390e-002 -0.0306628
v -9.0152900e-003 1.2068537e-001 0.0277621
v 1.7509020e-002 1.0314633e-001 0.0881946
v 1.0463990e-002 6.1646560e-002 -0.0607788
v -1.1966510e-002 5.9916380e-002 -0.0359151
v -2.4254800e-002 5.6457470e-002 -0.0242519
v -5.2621160e-002 1.6865320e-001 0.0619544
v 1.6141030e-002 1.1275994e-001 0.0905579
v 1.2679160e-002 1.1124294e-001 0.0884692
v 5.9471000e-003 6.3099260e-002 -0.059558
v -1.8132720e-002 6.0518080e-002 -0.0309404
v 2.6213300e-002 1.2474629e-001 0.0935757
v 3.7913720e-002 1.2019919e-001 0.0931898
v -2.4197660e-002 1.7314463e-001 0.00922961
v 2.3313610e-002 7.6861340e-002 0.0817395
v -2.0372300e-003 1.5063932e-001 0.0369927
v 1.8533320e-002 6.5693450e-002 -0.0600936
v 8.5139400e-003 6.6423180e-002 -0.0598372
v -5.5920300e-003 6.4475310e-002 -0.0407062
v -1.4646740e-002 6.3261340e-002 -0.0347459
v -2.5806250e-002 1.6000450e-001 0.0618797
v -1.2898750e-002 1.5344875e-001 0.0765378
v -1.1142000e-002 6.4811810e-002 -0.0381111
v -1.8473410e-002 6.4657050e-002 -0.0319093
v 3.0757900e-003 1.4674277e-001 0.0831594
v 9.7651100e-003 1.0562761e-001 0.0870559
v -5.5478550e-002 1.8105301e-001 0.0714483
v -2.7335800e-003 1.2461094e-001 0.0856321
v 1.3974830e-002 6.5806600e-002 -0.060729
v -9.5698200e-003 6.8171740e-002 -0.0399096
v -1.5683210e-002 6.7740790e-002 -0.0349818
v 3.6458650e-002 1.2747346e-001 0.091822
v -4.9667290e-002 1.6366637e-001 0.0624254
v -2.7590940e-002 1.4740156e-001 0.0711689
v 1.9526100e-003 1.3715763e-001 0.0503648
v 1.6291740e-002 1.4159899e-001 0.0504927
v 1.6171610e-002 6.8513050e-002 -0.0598867
v -5.8265750e-002 1.7268822e-001 0.061407
v -2.3568270e-002 6.5897320e-002 -0.0249907
v -2.7752940e-002 1.4993112e-001 0.0748527
v 2.0449290e-002 6.0265200e-002 0.0622257
v 4.3918940e-002 3.6435020e-002 0.0620019
v 1.3072740e-002 7.1186410e-002 -0.0583746
v -8.2927900e-003 1.2286688e-001 0.036125
v -2.0418570e-002 6.7850250e-002 -0.0292165
v -7.0193300e-003 1.2575112e-001 0.0416817
v -3.8240340e-002 1.6437012e-001 0.0742266
v -2.4756660e-002 1.6928488e-001 0.00978457
v 3.5229100e-003 1.2078310e-001 0.089578
v -4.0623990e-002 1.6371109e-001 0.0623119
v -2.6468100e-003 9.1519890e-002 -0.0435148
v 1.3244980e-002 1.3754973e-001 0.0484344
v 3.0458750e-002 1.3653006e-001 0.0893132
v -2.5167090e-002 1.5652681e-001 0.0742302
v -1.2635370e-002 7.3093410e-002 -0.0373786
v -2.3878680e-002 7.0240650e-002 -0.0263218
v 4.2498600e-003 1.4426649e-001 0.0480236
v 3.5842730e-002 1.1611534e-001 0.0920196
v 3.5969780e-002 7.3899020e-002 0.0713055
v -3.3784580e-002 1.5697807e-001 0.0620593
v -1.9360250e-002 1.6738863e-001 0.00970153
v -2.2304600e-003 7.1676120e-002 -0.0433421
v -6.1596000e-003 6.9568020e-002 -0.0417725
v -1.7034800e-002 7.2809860e-002 -0.0335054
v -2.1282340e-002 7.1506830e-002 -0.029665
v -1.1914700e-003 1.5550263e-001 0.0294602
v 5.9820600e-003 1.0479356e-001 0.0863964
v 2.8438970e-002 1.4662313e-001 0.0549107
v -2.1170500e-003 8.5204260e-002 -0.0442038
v -3.8843900e-003 7.5810540e-002 -0.0432644
v -2.9269770e-002 9.1126480e-002 -0.013097
v -1.7425950e-002 9.1144610e-002 0.0670692
v 6.0998500e-003 1.2276896e-001 0.0908217
v 2.6073900e-003 7.4684430e-002 -0.04562
v 1.1216820e-002 1.2026416e-001 0.0930398
v 1.7832070e-002 9.2794290e-002 -0.0446356
v -1.8240780e-002 1.6457514e-001 0.0112434
v 3.8865500e-003 8.6953050e-002 -0.0455112
v 6.9140800e-003 7.7373870e-002 -0.0462527
v -9.2881000e-003 7.2637130e-002 -0.0402816
v 5.0153300e-003 9.9486740e-002 -0.0432182
v 1.4279480e-002 1.4520219e-001 0.0511083
v 2.2466700e-003 9.2688550e-002 -0.044693
v 2.4538450e-002 9.1860370e-002 -0.0434225
v 7.5074100e-003 1.0554729e-001 -0.0407514
v -6.6514000e-004 9.6277110e-002 0.085613
v -8.2130000e-003 7.8475530e-002 -0.0407215
v -1.4434750e-002 7.6062960e-002 -0.0355381
v 3.2692730e-002 1.2073095e-001 0.0927365
v -1.4672730e-002 1.5166598e-001 0.0622785
v 6.1119000e-004 8.0942630e-002 -0.0449602
v -1.3289630e-002 7.9698150e-002 -0.0378147
v -1.7632490e-002 7.8656690e-002 -0.0338645
v 2.1729630e-002 1.4199862e-001 0.0910443
v -5.3916320e-002 1.7818523e-001 0.0740044
v -3.4046350e-002 1.6067957e-001 0.0617687
v 5.2937500e-003 1.4112519e-001 0.0497474
v 2.9888620e-002 9.0460700e-002 -0.0410654
v 1.8794620e-002 6.5057400e-002 0.0729164
v 1.7371130e-002 1.3895375e-001 0.0909497
v 9.4753200e-003 1.0093777e-001 -0.0428791
v -5.3535420e-002 1.7610676e-001 0.0724555
v -9.0209000e-003 1.5071299e-001 0.0758629
v 1.3935600e-003 1.0267793e-001 0.0852698
v -4.6168100e-003 1.1396763e-001 0.0770256
v 1.4786330e-002 7.8702020e-002 -0.0462809
v -6.6690900e-003 8.1533160e-002 -0.0421069
v -1.6229590e-002 8.1991750e-002 -0.0365239
v -2.4226790e-002 4.5428500e-002 0.0374202
v 2.4808500e-003 1.3965520e-001 0.0851489
v -3.2895120e-002 1.6503258e-001 0.0633133
v -2.5945630e-002 1.5681572e-001 0.0615914
v 8.4236300e-003 8.7036220e-002 -0.0459185
v 8.2665000e-004 8.4178380e-002 -0.0446311
v 1.7114800e-003 1.4629393e-001 0.0448429
v -5.8730420e-002 1.7953625e-001 0.0641242
v -5.6618620e-002 1.8072682e-001 0.0670703
v -5.5883250e-002 1.7885275e-001 0.0647938
v -4.9225660e-002 1.7296209e-001 0.064371
v -5.3172590e-002 1.8071180e-001 0.0703815
v 3.4374060e-002 1.5232949e-001 0.0752693
v 1.6683610e-002 1.2844514e-001 0.0162731
v 1.8034420e-002 1.5600787e-001 0.0621162
v 2.5369280e-002 1.5381662e-001 0.0560108
v -8.6627000e-004 1.7289068e-001 0.0372779
v -5.0794750e-002 1.7987275e-001 0.0741587
v 1.5141810e-002 1.5537445e-001 0.07904
v 2.9588830e-002 1.5459529e-001 0.0725055
v -5.0375960e-002 1.7728865e-001 0.0677382
v 4.7488700e-002 1.0021302e-001 0.00753469
v 2.6373250e-002 1.5472401e-001 0.0595756
v 3.0894990e-002 1.5346600e-001 0.0773827
v 1.9697340e-002 1.5473104e-001 0.0814967
v -5.4242300e-003 1.5896734e-001 0.0722233
v -2.5549550e-002 1.8491150e-001 0.0137085
v 2.2518890e-002 1.2451145e-001 0.0434653
v 1.6370800e-003 1.5559479e-001 0.0691037
v 2.3491700e-003 1.5539253e-001 0.0737481
v -4.5365870e-002 1.7439828e-001 0.0681924
v 3.2887630e-002 1.5280350e-001 0.0600528
v 1.6613770e-002 1.2615386e-001 0.0234595
v -4.8208800e-002 1.7854465e-001 0.0727772
v -4.7118080e-002 1.7753227e-001 0.0765956
v 2.5110240e-002 1.2790838e-001 -0.0139064
v 1.1980640e-002 1.0906537e-001 0.0863675
v 2.5971090e-002 1.2140977e-001 0.0313589
v 1.9314030e-002 1.3666879e-001 0.0491046
v 9.2700700e-003 1.2928436e-001 0.0429306
v 9.1386000e-004 1.5390322e-001 0.0653203
v 2.4313530e-002 1.2422605e-001 0.0376065
v 2.0715020e-002 1.3041865e-001 -0.00950784
v 1.6360660e-002 1.3117283e-001 0.00179768
v 2.1168600e-002 1.3076791e-001 -0.00362317
v 1.1889520e-002 1.1701945e-001 0.0926747
v 2.6017600e-002 1.5565338e-001 0.0657397
v 8.4326800e-003 1.4249188e-001 0.0865619
v 6.9058200e-003 1.5569959e-001 0.0707315
v 1.6872280e-002 1.3030537e-001 0.00808407
v 2.0795220e-002 1.2606625e-001 0.0442862
v 3.6718910e-002 1.5143521e-001 0.0702223
v -2.2057240e-002 1.8463639e-001 0.0152107
v -1.9977570e-002 1.8699602e-001 0.0172708
v 7.6806700e-003 1.5255943e-001 0.0835609
v 5.6788000e-003 9.7540510e-002 0.0881303
v 1.0640660e-002 1.3899000e-001 0.0883992
v 1.4276320e-002 1.5614453e-001 0.0677805
v 3.0226390e-002 1.2641717e-001 0.00658646
v 7.1477800e-003 1.3625578e-001 0.0887462
v -1.8972540e-002 1.5639950e-001 0.0772067
v 2.3362360e-002 1.1821016e-001 0.0931765
v 1.0996900e-002 1.2672006e-001 0.0235068
v -4.2127770e-002 1.7171115e-001 0.0665466
v -3.9013330e-002 1.7247836e-001 0.069136
v 8.0307600e-003 7.1107690e-002 -0.0571803
v -5.2402050e-002 1.7952824e-001 0.0753909
v 1.0013410e-002 1.2639115e-001 0.0318288
v 2.2026810e-002 1.2952269e-001 0.00898888
v -2.2406500e-003 1.1193312e-001 -0.0343259
v -6.8745800e-003 9.7100250e-002 0.0814149
v -1.7923000e-002 1.8324307e-001 0.0232988
v 1.1099820e-002 1.5582039e-001 0.0616417
v 2.1204700e-002 9.0483320e-002 0.0888265
v 5.7247600e-003 6.8067590e-002 -0.0583731
v 1.6842260e-002 1.2785122e-001 0.0430456
v -3.1785500e-003 1.1554234e-001 -0.0308357
v 7.9337600e-003 9.4881200e-002 0.0886313
v 3.0809400e-002 1.1709957e-001 0.0917151
v -4.1930320e-002 1.7499844e-001 0.0720838
v 3.3865720e-002 1.5308527e-001 0.0695406
v 1.1454500e-002 6.8129260e-002 -0.0600787
v 1.9607250e-002 1.2628381e-001 0.0400811
v 4.4458600e-003 1.1655625e-001 -0.0328199
v -1.5654680e-002 1.4510601e-001 0.0728232
v 2.3290940e-002 1.0551770e-001 0.0852702
v -6.2722100e-003 1.1103825e-001 0.0760513
v 2.5875370e-002 1.5154801e-001 0.0865377
v 1.0669650e-002 7.2579250e-002 -0.0558885
v 1.2612400e-002 1.5522963e-001 0.0546424
v 3.8670600e-003 1.1116756e-001 -0.03673
v 1.6855100e-003 1.1725172e-001 -0.0315019
v -1.0600670e-002 9.5240290e-002 0.0787516
v 3.0924750e-002 1.4352815e-001 0.0894082
v -1.5037360e-002 1.8595338e-001 0.0208911
v -9.7324600e-003 1.6136525e-001 0.0708636
v -3.2763750e-002 1.7136688e-001 0.0709198
v 1.6594770e-002 1.2564075e-001 0.0307713
v 2.2505190e-002 1.5297699e-001 0.0544542
v 2.9232870e-002 1.2754717e-001 0.00155395
v 6.1117500e-003 1.2027445e-001 -0.0291306
v -3.6150000e-005 1.2122705e-001 -0.0257259
v 1.3418110e-002 9.9546980e-002 0.089319
v -3.2879890e-002 1.7095605e-001 0.0754295
v 2.9888170e-002 1.1901156e-001 0.028596
v 1.0998100e-003 1.2497756e-001 -0.0210698
v 4.1201730e-002 1.1816838e-001 0.0922408
v 4.6938070e-002 1.0016785e-001 -0.00240946
v 2.9629030e-002 1.5270606e-001 0.0566276
v 1.9322430e-002 1.5506250e-001 0.0572648
v 2.7670650e-002 1.2199869e-001 0.0364521
v -3.7986840e-002 1.7355729e-001 0.0741082
v 1.2698700e-002 7.3496690e-002 -0.0515371
v 7.1561800e-003 1.5532529e-001 0.066096
v 1.0491780e-002 1.1266103e-001 -0.036102
v 2.2331000e-004 1.2689851e-001 -0.0167152
v -1.5312800e-003 1.4301400e-001 0.0807679
v 1.7790710e-002 1.4334588e-001 0.0917576
v 1.5521450e-002 1.5280775e-001 0.0868249
v -3.0558670e-002 1.6764344e-001 0.0658081
v -3.3564250e-002 1.6873975e-001 0.0782173
v 4.1714090e-002 1.4753230e-001 0.0725671
v 1.7779620e-002 7.0200810e-002 -0.05844
v 1.7139380e-002 7.2017160e-002 -0.0568476
v 1.5223590e-002 7.3161610e-002 -0.0549194
v 1.2430020e-002 7.3691410e-002 -0.0474469
v 1.3336200e-003 1.2903768e-001 -0.0123194
v -6.6275400e-003 1.0351662e-001 0.0797906
v 7.9686300e-003 1.5509766e-001 0.0766552
v 3.0878810e-002 1.2118456e-001 -0.0217473
v 3.9175980e-002 1.4938613e-001 0.0752605
v -1.3541090e-002 1.8272826e-001 0.0259196
v -3.1627490e-002 1.6974781e-001 0.0679838
v 2.8425580e-002 1.2487146e-001 -0.0168311
v 1.8678010e-002 7.2883850e-002 -0.0540165
v 1.6166890e-002 7.3397910e-002 -0.0505227
v 7.9209900e-003 1.5623338e-001 0.0595824
v 9.9818800e-003 1.2374750e-001 -0.0253435
v 5.5552100e-003 1.2689390e-001 -0.0192627
v 2.6008130e-002 1.4223375e-001 0.0907585
v 1.6889630e-002 1.3320769e-001 0.0465485
v -1.1544760e-002 1.8380887e-001 0.0241069
v 2.6156880e-002 1.2894574e-001 -0.00867844
v 2.4847110e-002 1.2983563e-001 -0.00249192
v 2.1153510e-002 6.9482720e-002 -0.0573451
v 2.0378290e-002 1.5339912e-001 0.0853298
v 9.2957500e-003 1.1691463e-001 -0.0328773
v 4.8764500e-003 1.2377758e-001 -0.0242466
v 2.2874020e-002 1.3301969e-001 0.0477656
v -2.5912990e-002 1.6332115e-001 0.0635418
v -2.0670760e-002 1.6477375e-001 0.0666052
v -2.3959570e-002 1.6732018e-001 0.0685042
v -2.7013420e-002 1.6965906e-001 0.0727592
v 1.6994630e-002 7.2698580e-002 -0.0482069
v 2.1658860e-002 1.2324257e-001 0.0273832
v 1.1145770e-002 1.3124443e-001 0.0450775
v 1.2299330e-002 1.2057701e-001 -0.0292531
v 6.9327400e-003 1.2967262e-001 -0.0136776
v 6.2754400e-003 1.3090986e-001 -0.00842109
v 2.5865900e-003 1.3064303e-001 -0.00096836
v 5.0535640e-002 9.8307360e-002 -0.0030802
v 1.2927370e-002 1.5310101e-001 0.0524202
v -2.6144260e-002 1.6906988e-001 0.0703597
v 2.1381250e-002 7.1467260e-002 -0.0543594
v 2.2530690e-002 7.1030380e-002 -0.0451614
v 1.1296310e-002 1.2738348e-001 -0.0193204
v 1.3505010e-002 1.2691094e-001 0.0932812
v 1.3645920e-002 1.0593990e-001 0.0874051
v 5.2280460e-002 9.0635040e-002 0.0228516
v 3.0837360e-002 1.5406697e-001 0.0620994
v 2.7665040e-002 1.2072981e-001 0.0458516
v 2.0680180e-002 7.2155170e-002 -0.0507817
v 2.9308560e-002 1.3971105e-001 0.0896073
v 1.6213860e-002 1.5273520e-001 0.053323
v 2.1545200e-002 1.2784878e-001 0.0152271
v 1.7181290e-002 1.1574212e-001 -0.0336635
v 1.5517930e-002 1.2468761e-001 -0.0240003
v -3.2761900e-003 9.7756820e-002 0.0841668
v 9.8501500e-003 1.2777519e-001 0.0362236
v 5.0346300e-003 1.2828193e-001 0.0391896
v -8.1799500e-003 1.7774449e-001 0.033674
v -2.5954600e-003 1.5649443e-001 0.0744886
v 8.1212800e-003 1.3284294e-001 0.0467556
v 1.2654460e-002 1.5322309e-001 0.0849704
v 2.7575440e-002 1.2691699e-001 0.0108662
v 5.6428500e-003 1.3072898e-001 0.0031074
v 2.1079040e-002 9.7037440e-002 0.0887605
v 1.5508440e-002 3.4530640e-002 0.0648113
v 2.4272050e-002 3.5086450e-002 0.0643003
v 3.3849430e-002 3.5895770e-002 0.066727
v -2.2785880e-002 9.6518890e-002 -0.0198385
v -1.2357760e-002 1.6070199e-001 0.0386705
v -6.9570100e-003 1.3041906e-001 0.0768901
v 7.0298800e-003 3.5399270e-002 0.0725397
v 1.2042140e-002 3.5454810e-002 0.069209
v 1.7687570e-002 3.5900770e-002 0.0641608
v 3.3296290e-002 3.7377740e-002 0.0668042
v 4.2707680e-002 3.9061660e-002 0.0629283
v 8.6966700e-003 3.6789350e-002 0.0717522
v 2.5953770e-002 3.7289500e-002 0.0651714
v 2.9621950e-002 3.7712350e-002 0.066392
v 3.9411530e-002 3.9639900e-002 0.0645587
v 4.4293830e-002 4.1202050e-002 0.0601458
v 4.5245950e-002 3.8442990e-002 0.0603184
v -2.3868800e-002 8.8663360e-002 0.0367563
v 4.2870900e-002 3.7551570e-002 0.0394948
v 3.9789400e-003 3.7572700e-002 0.072016
v 6.0145000e-003 3.9461000e-002 0.0716936
v 8.1142100e-003 3.9366310e-002 0.071166
v 1.0768900e-002 3.8467710e-002 0.0690003
v 1.3533960e-002 3.8142160e-002 0.0672534
v 1.9710900e-002 3.7790050e-002 0.0611257
v 4.1476070e-002 4.2406740e-002 0.0391797
v 4.7732690e-002 3.8585920e-002 0.035146
v 5.3309090e-002 3.9285940e-002 0.0289509
v 4.6847940e-002 9.7494570e-002 0.0182239
v -8.9077400e-003 1.2278907e-001 0.0669163
v 1.6593500e-002 3.8250120e-002 0.0637546
v 2.8243480e-002 4.1283840e-002 0.0644158
v 2.7414960e-002 9.7025390e-002 0.0858563
v 4.4296550e-002 4.0221900e-002 0.0375011
v 4.8425810e-002 4.0923630e-002 0.034334
v 5.1312460e-002 4.0294330e-002 0.0311729
v 6.6897800e-003 4.2073080e-002 0.0699973
v 3.3645750e-002 9.7800660e-002 0.0803793
v 4.8356180e-002 7.7631160e-002 0.0262732
v 4.2988400e-002 4.2736690e-002 0.0375014
v 5.3315220e-002 4.2498930e-002 0.0261775
v 3.1825800e-003 4.1881270e-002 0.0696372
v 1.0240940e-002 4.1972860e-002 0.0671565
v 2.2020360e-002 1.0205209e-001 0.0874055
v 5.3534730e-002 7.8800140e-002 0.0239444
v 4.2678530e-002 4.3429500e-002 0.0609024
v 4.9780920e-002 4.3847510e-002 0.0312179
v 3.6070970e-002 1.0354026e-001 0.0757294
v 1.4646770e-002 4.1885720e-002 0.0624253
v 1.2421940e-002 4.4392230e-002 0.0610517
v -2.2701840e-002 8.9610660e-002 -0.0258551
v 3.5797660e-002 8.2214940e-002 0.077645
v 4.0088740e-002 4.5921420e-002 0.0603813
v 5.3421060e-002 8.1777650e-002 0.024982
v 4.5422990e-002 4.4563960e-002 0.0344539
v 4.7746920e-002 4.6782280e-002 0.0298429
v 4.4500270e-002 9.9930020e-002 0.0151196
v 7.5958300e-003 4.4176830e-002 0.0673065
v 1.1062610e-002 4.6444500e-002 0.057853
v 1.7488800e-003 1.6392582e-001 0.0518153
v 3.8517780e-002 4.8383880e-002 0.0551741
v 5.0622870e-002 1.1867375e-001 0.0788492
v 4.7909730e-002 8.7991480e-002 0.0272291
v -1.0438650e-002 1.5977062e-001 0.0755369
v 4.0740900e-002 4.6505140e-002 0.0361513
v 4.8852330e-002 9.0677870e-002 0.0254392
v 4.8762460e-002 1.1670406e-001 0.0800504
v 1.4858440e-002 4.7577880e-002 0.0525136
v 3.9341520e-002 5.0461830e-002 0.0320436
v 4.5253210e-002 4.6930210e-002 0.0314878
v 5.1588540e-002 9.3999570e-002 0.0203215
v 4.1494780e-002 9.1556450e-002 0.072145
v 1.2201850e-002 4.9358170e-002 0.0536442
v 4.9365030e-002 1.2186563e-001 0.0824039
v 3.7037110e-002 4.9738300e-002 0.0497544
v 4.2523960e-002 4.8672840e-002 0.0323321
v 4.7358870e-002 9.4515900e-002 0.0231229
v 2.6811080e-002 9.1722090e-002 0.0863471
v 7.2765100e-003 4.8717820e-002 0.0577131
v 2.4879860e-002 8.8912090e-002 0.0869704
v 4.0786530e-002 1.2488519e-001 0.0922377
v 5.0139360e-002 9.7021620e-002 0.0158628
v 4.3340720e-002 5.0502090e-002 0.02772
v 3.9849810e-002 1.4263412e-001 0.0859188
v 3.9581000e-002 9.0073560e-002 0.0750974
v 2.7694960e-002 1.4730552e-001 0.0894308
v 1.1730350e-002 5.1925760e-002 0.0532883
v 1.6255440e-002 5.3462260e-002 0.0501687
v 3.4827030e-002 1.4670902e-001 0.085986
v 4.2175690e-002 8.6076860e-002 0.0699373
v 3.4037400e-002 5.1831330e-002 0.0503993
v 3.3740890e-002 1.4960772e-001 0.083299
v 3.7637320e-002 5.2264530e-002 0.0291748
v 4.6560090e-002 1.1944938e-001 0.0887637
v -4.1478670e-002 1.7367969e-001 0.0776935
v 3.0898450e-002 9.4127440e-002 0.0834181
v 7.3718200e-003 5.3470630e-002 0.0560675
v 3.9463070e-002 1.4817228e-001 0.0789356
v 4.3526990e-002 8.7817230e-002 0.0679028
v -2.2373210e-002 9.2883990e-002 0.0441112
v 4.6783020e-002 1.3226807e-001 0.0866051
v 4.1629650e-002 1.2084025e-001 0.0926543
v 1.4455790e-002 5.2727900e-002 0.0508873
v 3.3624250e-002 5.6241200e-002 0.0497634
v 4.3022990e-002 1.2904861e-001 0.0897713
v 3.6786850e-002 5.4551030e-002 0.0280542
v 3.9182240e-002 5.6689210e-002 0.0258671
v -3.7301400e-003 1.2226381e-001 0.0837022
v 5.2117660e-002 1.3012213e-001 0.0814555
v 1.5900350e-002 5.5878150e-002 0.0514585
v -4.6607580e-002 1.7441574e-001 0.0785977
v 2.0988410e-002 5.7043070e-002 0.0529098
v 2.6211920e-002 5.9553770e-002 0.0529785
v 2.6672460e-002 5.6302970e-002 0.0521306
v 3.6705820e-002 6.1944520e-002 0.0477145
v 2.7014070e-002 8.1169560e-002 0.0835398
v 4.9763020e-002 5.7489970e-002 0.01834
v 3.4593070e-002 9.0586130e-002 0.0800698
v 2.9223270e-002 8.6337700e-002 0.0838123
v 2.3018970e-002 5.9420250e-002 0.0554366
v 4.0600080e-002 1.4513771e-001 0.0822277
v 4.7681090e-002 7.2269150e-002 0.0241876
v 4.0642170e-002 6.2567200e-002 0.0253532
v 4.4115160e-002 1.2282100e-001 0.0911321
v 7.3744000e-004 1.6819719e-001 0.0460763
v 3.5707670e-002 1.4351461e-001 0.0878293
v 4.2316550e-002 1.3812326e-001 0.0869906
v 5.2365440e-002 6.0822970e-002 0.0157159
v 5.0440490e-002 1.2561100e-001 0.0838036
v -1.3605440e-002 1.1274190e-001 0.0627867
v 3.3106400e-002 8.4698180e-002 0.0810338
v 4.5392840e-002 1.1624535e-001 0.0885635
v 4.8212120e-002 6.2266810e-002 0.0202684
v 5.4424080e-002 6.1635030e-002 0.0126196
v 4.0609890e-002 8.1818160e-002 0.0704912
v 4.9113540e-002 1.3331465e-001 0.0838825
v 3.6607050e-002 4.8355540e-002 0.0565604
v -1.9472810e-002 1.0919723e-001 -0.00994449
v 4.6376100e-002 3.5917310e-002 0.0559282
v -1.8021110e-002 1.6361344e-001 0.0760033
v 2.8038330e-002 1.0290691e-001 0.0837988
v 4.6141300e-002 1.2692730e-001 0.0882521
v 3.2050700e-002 1.0619883e-001 0.0791267
v 2.3744010e-002 9.4485700e-002 0.0882062
v 3.7658780e-002 1.3851394e-001 0.0891103
v 5.3820650e-002 9.2123890e-002 0.0193214
v -2.0948690e-002 9.0926390e-002 0.0582656
v 3.9672140e-002 6.7014450e-002 0.0270463
v -2.1732520e-002 1.7977662e-001 0.0214163
v -2.2185670e-002 1.0924112e-001 0.007824
v 5.3716430e-002 8.5995590e-002 0.0239883
v 4.3343800e-003 1.5567975e-001 0.0604836
v 4.8412440e-002 1.2168475e-001 0.0863891
v -3.2610050e-002 1.4987744e-001 0.0740844
v 5.6013880e-002 7.9572500e-002 0.0205806
v 4.4893850e-002 1.3927865e-001 0.0838375
v 5.2865490e-002 3.5632910e-002 0.022934
v 4.8563960e-002 1.2735612e-001 0.0861536
v -1.4317670e-002 1.0709818e-001 0.0657286
v 5.2857680e-002 7.4194460e-002 0.0214811
v -9.0354600e-003 1.5736285e-001 0.0764239
v 3.7420770e-002 8.5594880e-002 0.077216
v 5.0483700e-002 1.2955013e-001 0.0841508
v 3.1255840e-002 8.1003250e-002 0.0812214
v 3.0939660e-002 1.0167226e-001 0.081704
v 2.5413770e-002 1.0106846e-001 0.0862527
v 4.7359080e-002 1.3903572e-001 0.080945
v 3.5435500e-002 9.4830900e-002 0.0789084
v 4.0210650e-002 9.5412600e-002 0.0734402
v -2.1886300e-002 8.8220740e-002 0.0526758
v 3.3748300e-002 7.7511060e-002 0.0764407
v -2.2327000e-002 1.0658035e-001 0.0217911
v 2.6044170e-002 1.4996706e-001 0.0883609
v 4.5178370e-002 6.7906700e-002 0.0240789
v 5.1565340e-002 6.7569300e-002 0.0200181
v 4.9177500e-002 1.2052625e-001 0.0835778
v -2.5972690e-002 1.7456543e-001 0.0146559
v 4.8745680e-002 8.4108300e-002 0.0273959
v -2.2126350e-002 8.8463400e-002 0.0419336
v -2.2352310e-002 1.0261265e-001 0.0316939
v -2.2830920e-002 1.0440703e-001 0.0278902
v -7.8851200e-003 1.2016662e-001 0.0737904
v -2.0457580e-002 1.0506369e-001 0.0461242
v 4.2641380e-002 7.3269450e-002 0.0274127
v -2.1363200e-002 3.4736480e-002 0.0455329
v -2.1097830e-002 3.9017010e-002 0.044993
v -1.7778710e-002 3.6800270e-002 0.0464626
v 5.8227800e-003 1.1361863e-001 0.0883665
v 9.0647400e-003 7.2897250e-002 -0.0517462
v -9.3190000e-004 3.7450300e-002 0.0703852
v 2.2468850e-002 3.8621820e-002 0.0609232
v -4.3117910e-002 1.7027889e-001 0.0776967
v -7.3026400e-003 1.6955506e-001 0.0437932
v -5.0221090e-002 1.7717875e-001 0.0775872
v -2.7364950e-002 3.8886010e-002 0.0405419
v -2.4252210e-002 3.6131460e-002 0.0442159
v -5.0180700e-003 4.0430310e-002 0.0666349
v 1.9289000e-004 4.1474050e-002 0.0692421
v -2.6908460e-002 1.5930400e-001 0.0756407
v 2.5181560e-002 3.9614170e-002 0.063087
v -4.1544310e-002 1.5186699e-001 0.072303
v -2.4061000e-002 4.1528620e-002 0.0410515
v -1.4016920e-002 3.8892380e-002 0.0469906
v 4.5457500e-003 1.2851666e-001 0.0895597
v -2.2970800e-003 1.5369375e-001 0.0769873
v -5.1173650e-002 1.6882633e-001 0.0701217
v 3.1616900e-002 4.1724530e-002 0.0647926
v -9.5602500e-003 1.2409627e-001 0.0421481
v -8.4076400e-003 1.2493027e-001 0.0480697
v -2.1508710e-002 4.3343970e-002 0.0421505
v 1.5741800e-003 4.4034000e-002 0.0673152
v -2.9943830e-002 1.5463418e-001 0.0733866
v 1.9135490e-002 4.2936210e-002 0.0553528
v 2.2953280e-002 4.1419500e-002 0.0600678
v 3.5315470e-002 4.0937780e-002 0.0654885
v 6.0518000e-004 1.5039650e-001 0.0800664
v -1.7993960e-002 4.1949070e-002 0.0440313
v -1.4193620e-002 4.2453420e-002 0.0451865
v -3.2933400e-003 1.0265445e-001 0.0831094
v 4.5575400e-003 4.5627570e-002 0.0654728
v -1.4393690e-002 1.5201213e-001 0.0754277
v 2.3612600e-002 4.5937510e-002 0.0544734
v 2.8493310e-002 4.3722000e-002 0.0624641
v 3.4622890e-002 4.5182750e-002 0.0628326
v 3.7974010e-002 4.3524020e-002 0.0635381
v -4.1316200e-003 4.4749620e-002 0.0602553
v 4.8428000e-004 4.5549700e-002 0.063242
v 7.1903500e-003 4.6540050e-002 0.0622494
v 2.1507030e-002 1.4885725e-001 0.0910037
v 2.6865280e-002 4.5996540e-002 0.0570941
v 2.9889950e-002 4.7299580e-002 0.0572765
v -7.5752600e-003 1.7385855e-001 0.0395199
v 3.4141800e-002 1.3841920e-001 0.0896411
v 2.5183580e-002 1.3018652e-001 0.0926014
v 2.9751670e-002 1.2762053e-001 0.0922809
v -2.9660250e-002 4.1025060e-002 0.0339573
v 5.6754900e-003 1.1657506e-001 0.0901995
v 2.1246000e-004 4.7731310e-002 0.0585159
v -2.1567820e-002 1.4617438e-001 0.0717236
v 1.7686300e-002 4.5449130e-002 0.0523898
v 3.4172420e-002 4.7277990e-002 0.0594143
v 4.1621200e-003 1.5877600e-001 0.0575206
v -2.0189900e-003 1.0926674e-001 0.0809591
v 1.9421290e-002 4.6100060e-002 0.051904
v 2.1647030e-002 4.8568730e-002 0.0518301
v -1.6599150e-002 1.5658012e-001 0.0776504
v -1.7147280e-002 4.7682130e-002 0.0374164
v 3.9875800e-003 1.5347012e-001 0.0788761
v 4.6108400e-003 5.0425540e-002 0.0576354
v 2.9046740e-002 5.0434620e-002 0.0526254
v 3.3967600e-002 4.9169020e-002 0.0529987
v -4.4791800e-002 1.6871934e-001 0.0735026
v -5.9186900e-003 4.7836520e-002 0.0544207
v 2.4485690e-002 5.1085350e-002 0.0523127
v -3.5506230e-002 1.6736568e-001 0.0791299
v -9.8291000e-003 1.2350285e-001 -0.00941157
v -1.8941410e-002 1.0896631e-001 0.0327157
v -1.9406940e-002 4.9607260e-002 0.0311334
v 3.0143300e-003 6.9814450e-002 -0.0459973
v -6.9894800e-003 1.0966209e-001 -0.0335255
v -3.9461300e-003 5.2767560e-002 0.0550472
v -1.5319000e-003 4.9655570e-002 0.0568979
v 1.7164780e-002 4.9098930e-002 0.0502905
v 1.9174130e-002 4.9923270e-002 0.0505952
v 2.8705560e-002 5.3324670e-002 0.0518874
v -5.5466400e-002 1.6533627e-001 0.0676845
v -1.7676140e-002 5.2106080e-002 0.0302714
v -2.0543230e-002 1.1141669e-001 0.00910873
v 2.3395500e-003 5.4424380e-002 0.0570694
v -1.1627470e-002 1.7759875e-001 0.0327484
v -2.2175780e-002 5.1265290e-002 0.0290096
v -1.3886800e-002 5.1791310e-002 0.0313831
v -3.3510400e-003 5.6983850e-002 0.055674
v 1.9753140e-002 5.3813610e-002 0.050916
v 2.0086580e-002 1.5169443e-001 0.0888754
v -4.7867620e-002 1.7378676e-001 0.0771531
v -3.1825860e-002 1.6420639e-001 0.0785778
v -2.5147390e-002 5.4021570e-002 0.0275459
v 1.0326840e-002 5.5357450e-002 0.0544637
v 9.1161000e-004 1.3058932e-001 0.0870414
v 5.9220600e-003 1.3278082e-001 0.0900093
v 1.5430650e-002 1.3195400e-001 0.0922326
v -5.0591500e-003 1.6472475e-001 0.04864
v -7.5992200e-003 5.9959350e-002 0.0540665
v 8.7259700e-003 5.7683500e-002 0.0574341
v 4.5575900e-003 1.3850688e-001 0.0867947
v 1.9919290e-002 1.3092307e-001 0.0929895
v 2.4688630e-002 1.3311897e-001 0.091282
v -1.0015300e-002 1.1770533e-001 -0.021815
v -2.1311320e-002 5.8104260e-002 0.0296471
v -1.4387840e-002 5.5208570e-002 0.0312895
v 2.6140800e-003 5.9234620e-002 0.0590022
v 1.4149160e-002 1.3575994e-001 0.0902417
v -6.1679170e-002 1.7084875e-001 0.0615694
v -5.8644080e-002 1.6557822e-001 0.0660702
v -1.8726950e-002 1.8005865e-001 0.0245399
v -2.6037190e-002 1.8298848e-001 0.0161318
v -1.7835020e-002 5.6998040e-002 0.0308094
v -2.5898970e-002 9.6180450e-002 -0.0104643
v -1.0786100e-003 5.9530160e-002 0.0574916
v 2.5952780e-002 1.3650500e-001 0.0891465
v -2.1515100e-002 1.0391901e-001 -0.00437145
v 3.1082650e-002 1.3252490e-001 0.090377
v 2.0562560e-002 1.3855232e-001 0.0907954
v 2.2201450e-002 1.2615419e-001 0.0942377
v 3.8138790e-002 1.3119830e-001 0.0903369
v -1.1569430e-002 1.2218447e-001 0.0450826
v -2.3024250e-002 9.8243750e-002 -0.011348
v -2.1912720e-002 9.9184630e-002 0.0392279
v -5.5600270e-002 1.5857325e-001 0.0655095
v -2.0754580e-002 1.6260515e-001 0.0774095
v -2.5256100e-003 1.6689211e-001 0.04858
v -9.0785600e-003 1.5351394e-001 0.0769229
v -5.3982110e-002 1.5734825e-001 0.0677506
v -5.1112000e-004 6.5230450e-002 -0.0529064
v -2.4918230e-002 6.1084120e-002 0.0290548
v -2.2751080e-002 6.5058860e-002 0.0310669
v -1.8313830e-002 1.0266151e-001 -0.0242497
v 1.3763500e-003 1.6050213e-001 0.0554737
v -5.6842680e-002 1.6040875e-001 0.0666429
v -2.3999690e-002 1.6073213e-001 0.0782003
v -1.1110660e-002 1.1968625e-001 0.0183207
v -1.5081090e-002 1.0956342e-001 -0.021713
v -5.4208800e-002 1.5980248e-001 0.0683826
v -3.0864700e-002 6.0208550e-002 0.0254456
v -3.1664870e-002 6.5084000e-002 0.0265403
v -2.7938500e-002 6.2199610e-002 0.0284257
v -1.5453010e-002 6.1264600e-002 0.0326058
v -7.9563700e-003 1.1611638e-001 0.0708723
v -4.9418240e-002 1.5938570e-001 0.0697805
v -2.7654950e-002 6.7694720e-002 0.0303249
v -1.8385530e-002 6.6365180e-002 0.0329774
v -2.1579310e-002 1.0255388e-001 -0.0135335
v 9.4765000e-004 6.9758860e-002 -0.0444085
v -1.9658660e-002 1.1215881e-001 0.0021999
v -7.2256000e-004 6.7046610e-002 0.0720285
v -4.2720470e-002 1.7313910e-001 0.0786996
v 4.2128500e-003 1.5072131e-001 0.083212
v 2.3974700e-003 1.3374875e-001 0.0874391
v -2.3151710e-002 8.4562230e-002 -0.026348
v -2.2854300e-003 7.0419350e-002 0.0749015
v -2.2098700e-002 9.1562950e-002 0.0545764
v -3.5703520e-002 1.5231332e-001 0.0732425
v -4.7551010e-002 1.7218738e-001 0.074551
v -3.0610160e-002 6.8283500e-002 0.0286807
v -2.1487700e-002 1.0246037e-001 -0.0173729
v 7.1020400e-003 7.3025200e-002 0.0812574
v -1.8974470e-002 1.5407794e-001 0.0749823
v 1.0638150e-002 1.3196262e-001 0.0915565
v -3.2056320e-002 9.5165120e-002 0.00082448
v -5.3263500e-003 7.3999130e-002 0.0776188
v 3.0420200e-003 7.2755040e-002 0.0798588
v 1.1161690e-002 7.3470610e-002 0.0816275
v -2.0236290e-002 1.4785987e-001 0.0736793
v 1.6270070e-002 1.4848588e-001 0.0913098
v 1.4809050e-002 1.4625613e-001 0.0908501
v -5.7187900e-002 1.7513008e-001 0.0685439
v -2.1279680e-002 1.0747453e-001 0.027254
v -2.9316700e-003 1.2273826e-001 -0.0214436
v -8.4521000e-004 7.3724300e-002 0.0790612
v 1.7615500e-003 7.5993670e-002 0.0820635
v 8.9586000e-003 7.6771840e-002 0.0837366
v 1.3035090e-002 1.4947775e-001 0.0902057
v -1.7337090e-002 1.1670025e-001 -0.00084818
v -2.8647990e-002 1.5164041e-001 0.0745776
v -3.3354470e-002 7.2924630e-002 0.0290875
v -3.0339870e-002 7.3989530e-002 0.031184
v -2.4866580e-002 7.1955620e-002 0.0326066
v -2.9879400e-003 7.6607800e-002 0.080576
v 1.2488490e-002 1.4392581e-001 0.089491
v -4.3543000e-003 1.4656426e-001 0.0773884
v -3.4109420e-002 1.5834962e-001 0.0728962
v -1.8345640e-002 1.1468229e-001 -0.00713465
v -2.2373150e-002 7.6130020e-002 0.0345026
v 2.2951400e-003 8.0789530e-002 0.0838907
v 4.6673300e-003 7.7240270e-002 0.0837405
v 1.0535420e-002 8.0930750e-002 0.0862046
v 1.4440780e-002 7.9931100e-002 0.0860615
v 2.6727280e-002 7.7950660e-002 0.0815428
v -1.0509540e-002 1.1268609e-001 -0.0266662
v -2.1420480e-002 1.5663068e-001 0.0760414
v 1.5752740e-002 1.5083344e-001 0.0900121
v -4.5360530e-002 1.6335125e-001 0.0711565
v -2.7708380e-002 7.6873190e-002 0.033211
v -1.3749940e-002 7.9983830e-002 0.0732631
v -7.0125500e-003 8.0048830e-002 0.0792859
v 1.9542680e-002 8.2645720e-002 0.0860345
v 2.2180460e-002 8.0729950e-002 0.0843354
v -4.2183090e-002 1.5727092e-001 0.0713515
v -3.5288420e-002 1.6120822e-001 0.0735485
v -1.7020040e-002 1.0991230e-001 -0.0167326
v -3.2816490e-002 7.7020860e-002 0.0309788
v -6.1485990e-002 1.7544824e-001 0.0623592
v -1.7205040e-002 1.1491318e-001 0.0175879
v -2.4038900e-003 8.0876320e-002 0.082354
v -4.6031000e-003 1.4050129e-001 0.0785789
v -3.5049800e-002 7.9247620e-002 0.0289311
v -3.2182320e-002 8.0413100e-002 0.0312257
v -2.7146060e-002 7.9621670e-002 0.0332587
v -1.4725860e-002 1.1791537e-001 0.0446974
v -8.7608600e-003 8.4226660e-002 0.0797237
v -7.7640000e-005 8.3817830e-002 0.0850422
v 1.2419030e-002 8.4344860e-002 0.0867764
v 1.5174340e-002 8.2665010e-002 0.0866747
v 2.5679440e-002 8.5176580e-002 0.0851062
v -1.1450630e-002 8.2935940e-002 0.0769758
v -4.3687000e-003 8.3430890e-002 0.0827764
v 6.3639000e-003 8.2572150e-002 0.0861804
v 1.5673910e-002 1.4144362e-001 0.0911608
v -7.1504600e-003 1.4398484e-001 0.0746388
v -1.6873200e-003 1.3393299e-001 0.0834485
v -1.9881200e-002 1.5134475e-001 0.0758047
v -1.9397440e-002 1.5273013e-001 0.0749241
v -1.0798060e-002 1.2159646e-001 0.0523144
v -3.0506670e-002 8.5427560e-002 0.030734
v -2.9100210e-002 8.1942660e-002 0.0325906
v 9.1667000e-004 8.6940490e-002 0.0864548
v -2.2360190e-002 1.0634409e-001 0.0125018
v 9.8780000e-003 1.4605869e-001 0.0885859
v 6.5981100e-003 1.4712513e-001 0.0856097
v 1.0152460e-002 1.5061504e-001 0.0875112
v 4.4907580e-002 3.5550440e-002 0.0601135
v 8.1029200e-003 8.6869110e-002 0.0882842
v 1.4226540e-002 8.7765490e-002 0.0888126
v 1.5466680e-002 8.6626430e-002 0.0880011
v 2.2420950e-002 8.6444700e-002 0.0869911
v -1.4172380e-002 1.4727815e-001 0.07461
v -2.4302260e-002 8.4035880e-002 0.0347079
v -3.0068000e-003 8.9962540e-002 0.0849649
v 4.8489900e-003 8.7741580e-002 0.0880915
v 2.2277220e-002 1.4543178e-001 0.0914905
v 1.7904340e-002 1.2183919e-001 0.0943804
v -3.3666780e-002 8.5393440e-002 0.0291645
v -2.7550670e-002 8.8625920e-002 0.0305578
v -1.1694810e-002 8.7844840e-002 0.0777705
v -7.8003100e-003 8.8204150e-002 0.0807283
v -5.6502900e-003 8.9476690e-002 0.0832725
v 1.1645550e-002 8.9539000e-002 0.0893987
v 1.3774760e-002 1.3971257e-001 0.0896984
v -5.5823000e-003 1.5151225e-001 0.0771349
v -2.6640500e-003 1.6374125e-001 0.0511214
v -1.4864100e-003 1.2767438e-001 0.086443
v -5.0188670e-002 1.5490763e-001 0.0696056
v 4.2059000e-003 9.2110030e-002 0.0872652
v 1.0569860e-002 9.2377120e-002 0.0890863
v 1.7812280e-002 9.1599880e-002 0.0896123
v 1.2529100e-003 1.4196856e-001 0.0827325
v -1.0987100e-002 1.4368135e-001 0.0726184
v -3.6777320e-002 1.6610992e-001 0.0776772
v -3.4317310e-002 9.3863440e-002 0.0150781
v -4.5778530e-002 1.5476885e-001 0.0710573
v 9.1589500e-003 1.2523886e-001 0.0923319
v -1.3643150e-002 9.1037250e-002 0.0760467
v -6.1856300e-003 9.3291700e-002 0.0829428
v -3.3784850e-002 9.4592340e-002 0.0104112
v -1.5844640e-002 1.1476230e-001 0.0293311
v -1.5173050e-002 1.1594244e-001 0.0372183
v -2.3822480e-002 1.0286006e-001 0.0124299
v -3.2945810e-002 8.8144500e-002 -0.00665096
v -3.4817640e-002 9.2876210e-002 0.00641199
v -1.1415630e-002 1.1996558e-001 -0.0158001
v -1.5768380e-002 1.0247506e-001 -0.0291027
v -2.5405300e-003 6.3480630e-002 -0.0420807
v -1.7497350e-002 9.7943220e-002 -0.0287231
v -2.3392920e-002 1.0278313e-001 0.0199876
v -1.8630450e-002 8.3644140e-002 -0.0337484
v -2.0248700e-002 1.8689625e-001 0.0186857
v -1.6282740e-002 1.1790181e-001 -0.00641549
v 2.6525000e-003 6.7769910e-002 -0.0563052
v -1.9613290e-002 1.1289400e-001 0.00536083
v -1.2166100e-003 6.4628800e-002 -0.0457694
v -2.7731360e-002 9.8229650e-002 0.0100909
v -1.1354580e-002 1.1755645e-001 0.0604585
v -1.3979370e-002 1.1887250e-001 -0.0129339
v -2.4437140e-002 9.4977900e-002 -0.0152357
v -2.4954000e-002 4.7409030e-002 0.0308929
v -2.3049280e-002 1.8572344e-001 0.0177662
v -2.0161170e-002 1.1002855e-001 0.0130349
v 7.7218000e-004 3.8608570e-002 0.0712065
v -1.7729250e-002 1.0627709e-001 -0.0179048
v -1.1927480e-002 1.1840428e-001 0.0336235
v -1.4402480e-002 1.1788332e-001 0.0499068
v -1.5359280e-002 1.1747209e-001 0.00668781
v -2.4795870e-002 1.8597600e-001 0.0154515
v -3.0123840e-002 3.8038460e-002 0.0306039
v -2.7519460e-002 1.8397188e-001 0.0132203
v -1.7482120e-002 1.1162729e-001 0.0478594
v -3.6659270e-002 9.0776040e-002 0.013099
v 2.9730400e-003 1.5425437e-001 0.0631173
v -1.7672740e-002 1.1051601e-001 0.0551398
v -2.8042450e-002 1.8202324e-001 0.0110968
v -2.9113750e-002 3.4695830e-002 0.0265689
v -2.3519320e-002 1.0222209e-001 0.00663966
v 6.0244000e-004 1.5741713e-001 0.0569964
v -2.4890230e-002 9.1870620e-002 -0.0190766
v -6.8361400e-003 1.2429893e-001 -0.0134731
v -2.4306850e-002 9.8410960e-002 0.0217305
v -2.4924330e-002 9.8057460e-002 0.0171422
v -6.5801000e-004 1.5137318e-001 0.0586981
v -4.4672400e-003 1.2764883e-001 -0.00356411
v -2.4351070e-002 9.9921220e-002 0.00853698
v -2.9061170e-002 1.8125102e-001 0.012172
v 9.9983000e-004 1.5305212e-001 0.061114
v -1.3675530e-002 1.1713871e-001 0.0295706
v -8.1860600e-003 1.1221207e-001 -0.0305301
v -3.0658990e-002 3.5111530e-002 0.0317141
v -2.8126410e-002 1.7914707e-001 0.0136911
v -1.6385680e-002 1.1548972e-001 -0.0116208
v -1.6297100e-003 1.5028063e-001 0.0619936
v -9.8485900e-003 1.0099570e-001 -0.036684
v 6.0005000e-003 7.1798180e-002 -0.0485127
v -1.3610580e-002 1.1983662e-001 0.00046583
v -2.7127190e-002 9.0113950e-002 -0.0167472
v -2.4800310e-002 9.7730080e-002 -0.00698324
v -1.1771730e-002 4.6263570e-002 0.0432268
v -1.8239810e-002 1.1373600e-001 0.00835625
v -1.6486930e-002 1.1556773e-001 0.0123544
v 1.0139500e-002 7.4354100e-002 -0.0468345
v -1.3579660e-002 1.0931725e-001 -0.0253192
v -1.6188050e-002 1.1392482e-001 0.0424595
v 2.6277600e-003 6.4158440e-002 -0.0577446
v -9.4949000e-003 3.6535780e-002 0.0597105
v -2.1523850e-002 1.0962100e-001 0.00320784
v -2.2292060e-002 6.1345700e-002 -0.0270207
v -2.1230990e-002 1.0191162e-001 -0.00710302
v -7.3257400e-003 1.2465525e-001 0.0382257
v -8.2193900e-003 1.1576352e-001 -0.0259415
v -9.3216600e-003 3.3900220e-002 0.061298
v -1.8885400e-003 1.4743956e-001 0.0594667
v -2.2109510e-002 1.0087700e-001 -0.0105066
v -1.2787210e-002 1.0273382e-001 -0.0330813
v -1.9915960e-002 1.0475378e-001 -0.0125178
v -2.2210680e-002 9.3998720e-002 -0.023088
v -1.8204280e-002 9.2484730e-002 -0.0315554
v -2.2296890e-002 9.9910370e-002 -0.00627231
v -1.7942580e-002 4.6121780e-002 0.0409172
v -1.2008970e-002 9.8188850e-002 -0.0354074
v -1.2937780e-002 1.2121902e-001 -0.00941359
v 6.8010000e-003 7.2027350e-002 -0.0537352
v -5.0330800e-003 1.1880719e-001 -0.0256203
v -2.6893990e-002 4.2466610e-002 0.0381503
v -1.8001930e-002 1.1116862e-001 0.0282124
v -3.7906300e-003 1.4339100e-001 0.0602536
v -1.9333120e-002 1.0401450e-001 -0.0190169
v -3.1643140e-002 9.1682150e-002 -0.00754467
v -1.1364410e-002 1.2240119e-001 0.00707608
v -2.7579900e-002 9.6562130e-002 0.0190475
v -2.2002990e-002 1.0669256e-001 0.0169534
v -2.2857770e-002 1.0119875e-001 0.00067307
v -7.7912000e-003 1.2528031e-001 0.00901793
v -5.8816050e-002 1.8006113e-001 0.0681362
v -1.5577390e-002 1.1513818e-001 0.0236002
v -6.6469100e-003 4.2842260e-002 0.0598312
v -2.8853800e-003 5.9012380e-002 -0.0531241
v -2.9714170e-002 3.7107370e-002 0.0369318
v -2.8027300e-003 1.4139213e-001 0.0562151
v -7.9621500e-003 1.0372844e-001 -0.0366959
v -1.0640470e-002 1.2040038e-001 0.0358851
v -3.8112540e-002 8.5423730e-002 0.00935695
v -9.3791100e-003 1.2041391e-001 0.0601273
v -1.1570310e-002 1.2156113e-001 0.0398428
v -1.2623390e-002 1.0847957e-001 -0.0283222
v -1.7169430e-002 1.1593910e-001 0.00187335
v -1.2549680e-002 9.0153340e-002 -0.0386481
v -3.4310460e-002 9.2244170e-002 0.00173592
v -3.4649900e-003 6.1612070e-002 -0.0500008
v 6.9037000e-004 6.2910170e-002 -0.055859
v -1.3103780e-002 1.1515372e-001 -0.0204615
v -1.4465520e-002 1.1798075e-001 0.0151658
v 3.3895100e-002 7.1510150e-002 0.0708595
v -2.4925490e-002 8.6606050e-002 -0.022674
v -1.7109050e-002 8.7438890e-002 -0.0353588
v -7.6804200e-003 1.2145507e-001 -0.0184009
v -2.9204830e-002 4.1421010e-002 0.0254259
v -3.0809780e-002 9.6777440e-002 0.00820851
v -1.1166310e-002 3.3873940e-002 0.0568107
v -2.7122900e-002 4.4744960e-002 0.0345886
v -1.3674080e-002 1.1827531e-001 0.0402517
v -1.5496900e-002 1.1402346e-001 -0.016387
v -3.4583700e-003 6.0797460e-002 -0.0426353
v -1.2380790e-002 3.5935870e-002 0.0506872
v -2.9683220e-002 9.4509570e-002 -0.00734468
v -3.4636880e-002 9.2917340e-002 0.0197067
v -9.7120900e-003 1.2219229e-001 0.012083
v 1.6952900e-003 6.8457810e-002 -0.0488059
v -2.7403170e-002 9.8402500e-002 0.00308697
v -1.6580500e-003 1.3672896e-001 0.0531988
v 1.6909100e-003 1.3055355e-001 0.0472901
v -1.3931400e-002 1.2044039e-001 -0.00446517
v -1.0382460e-002 1.2290534e-001 0.00238501
v -2.5162110e-002 9.5858030e-002 0.0248333
v -2.7253600e-002 3.6291920e-002 0.0422969
v -3.9920400e-003 1.3404922e-001 0.0543883
v -1.0872200e-003 1.3336659e-001 0.0505394
v -2.8407060e-002 9.6942660e-002 -0.00260403
v -1.9430400e-003 1.2821209e-001 0.00781631
v 9.2881000e-004 1.3002517e-001 -0.00651117
v -1.5654590e-002 9.2274140e-002 -0.0347429
v -5.8191050e-002 1.8088887e-001 0.0677877
v -1.8078440e-002 1.1151566e-001 0.0337154
v -9.4291400e-003 1.2427294e-001 -0.00446304
v -3.2031820e-002 9.3392760e-002 0.0233702
v -1.3229400e-003 1.2980647e-001 0.0489821
v -3.2490000e-003 1.2822918e-001 0.00078164
v -3.3628450e-002 8.9857600e-002 -0.00249604
v -1.9554260e-002 1.1196790e-001 -0.00745533
v -2.0370210e-002 9.1157340e-002 -0.0287911
v -7.3470400e-003 1.2437450e-001 0.0535902
v -1.2812990e-002 1.2064432e-001 0.0477436
v -9.5487700e-003 1.2109197e-001 0.0196162
v -5.9758600e-002 1.7999148e-001 0.0650474
v -1.1763450e-002 3.7620360e-002 0.0517042
v -4.1187000e-003 1.2929832e-001 0.0521243
v 1.5819100e-003 1.2891494e-001 0.0453344
v -1.0688000e-003 1.2919453e-001 0.00304712
v -5.2073700e-003 1.2721957e-001 -0.00721296
v -3.1850900e-003 1.2720154e-001 -0.0116693
v 3.1291400e-003 6.9708830e-002 -0.0530564
v -6.0393570e-002 1.7810951e-001 0.0630211
v -2.0698040e-002 6.4391270e-002 -0.0282048
v -1.0224920e-002 1.0503000e-001 -0.0344002
v -1.1058430e-002 1.0790250e-001 -0.0309752
v -1.5966690e-002 1.1480518e-001 0.0489844
v -5.9088300e-003 1.2300500e-001 0.0328217
v -4.8183200e-003 1.2716487e-001 0.0507929
v -3.1542800e-003 1.2547815e-001 0.0353017
v 4.9191700e-003 6.9951490e-002 -0.0564552
v -3.6499700e-003 1.2512177e-001 0.0162405
v -1.9586410e-002 1.1119793e-001 0.0169704
v -1.0544680e-002 3.9781210e-002 0.0540881
v -2.2301500e-002 4.7514010e-002 0.0341905
v -2.6427690e-002 9.3914220e-002 -0.0136991
v -2.4355670e-002 9.9234930e-002 -0.00088
v -4.8843300e-003 1.2723953e-001 0.0464595
v -4.1742000e-003 1.2687599e-001 0.0417355
v -6.1190100e-003 1.2313643e-001 0.0210005
v -5.2007900e-003 1.2572568e-001 0.0121304
v -6.9495200e-003 1.2640753e-001 0.00438224
v -2.3265200e-002 3.4781990e-002 -0.00140857
v -2.6071900e-002 3.5070930e-002 0.0148462
v -2.7958820e-002 3.4795120e-002 0.0213995
v -2.1735750e-002 3.5961900e-002 -0.0120092
v -2.3878090e-002 3.6129220e-002 -0.00382492
v -2.2095120e-002 9.6617580e-002 0.0511396
v -2.1425370e-002 9.8102480e-002 0.0548133
v -1.8170420e-002 1.6979824e-001 0.027597
v -2.2496330e-002 3.9377410e-002 -0.0133599
v -2.4170290e-002 3.8674430e-002 -0.00439193
v -2.5177120e-002 3.6444540e-002 0.00684782
v -2.6391810e-002 3.7699590e-002 0.0132803
v -1.3301210e-002 3.6116650e-002 0.0476728
v -1.8796680e-002 1.0853826e-001 0.0455901
v -1.8504510e-002 1.0990925e-001 0.0500957
v -7.2073000e-003 3.6469550e-002 0.0657666
v -1.8822880e-002 1.6824727e-001 0.0234558
v -2.5412870e-002 3.8404570e-002 0.0045918
v -2.9152720e-002 3.7441060e-002 0.0249541
v -2.7474000e-004 3.7358220e-002 -0.0290078
v -2.5911270e-002 4.1489920e-002 0.00794688
v -2.7565350e-002 3.9753810e-002 0.0168038
v -7.6848600e-003 1.4034537e-001 0.0651561
v -1.1869830e-002 4.0700690e-002 0.0470801
v -4.9557400e-003 3.7477700e-002 0.0684706
v -8.5850000e-004 4.0209510e-002 -0.0373269
v -2.8075100e-003 4.1257050e-002 -0.0353499
v -2.4065670e-002 4.1536320e-002 -0.00518207
v -2.2127290e-002 1.0030784e-001 -0.0186607
v -1.7042300e-002 1.0748450e-001 0.0605108
v -7.4040200e-003 4.0146090e-002 0.0623743
v -4.0251400e-003 3.9483890e-002 -0.0254569
v -2.5124420e-002 4.3394940e-002 0.00022828
v -2.6140070e-002 4.3439060e-002 0.00810884
v -2.7665190e-002 4.3237420e-002 0.0173625
v -2.8209740e-002 4.4674020e-002 0.0264167
v -2.0203790e-002 1.0944331e-001 -0.00380645
v -2.0616030e-002 9.5690400e-002 0.0582324
v -2.7538800e-003 4.2341260e-002 0.0661224
v -1.9015670e-002 9.4173040e-002 0.0609599
v -4.6745000e-003 4.2649280e-002 -0.0313522
v 4.9089960e-002 3.6342620e-002 0.0335409
v -2.3067190e-002 4.4335610e-002 -0.0172528
v -2.4926170e-002 4.4161560e-002 -0.0106377
v -2.6788990e-002 4.5806710e-002 -0.00438431
v -2.8441070e-002 4.5148720e-002 0.00825064
v -2.7877790e-002 4.5043860e-002 0.0157484
v -6.1863000e-003 4.4697850e-002 -0.0289903
v -2.5178740e-002 4.5053030e-002 -0.00816864
v -2.7308280e-002 4.5378230e-002 0.00096291
v -2.9928930e-002 4.7819200e-002 0.00170334
v -2.8079410e-002 4.4740410e-002 0.0315358
v -1.1024870e-002 1.5691468e-001 0.0336197
v -1.0018680e-002 4.3109620e-002 0.0507512
v -6.1057100e-003 4.7353200e-002 -0.0368909
v -7.0169900e-003 4.2644580e-002 -0.0249756
v -1.9672760e-002 4.8369560e-002 -0.0245624
v -2.4706510e-002 4.5579170e-002 -0.013964
v -2.6551500e-002 4.8630300e-002 -0.0133761
v -2.9025970e-002 4.8127990e-002 -0.00373089
v -2.9881630e-002 4.7056850e-002 0.0087947
v -3.2243480e-002 5.1865060e-002 0.0137538
v -2.7951320e-002 4.6657090e-002 0.0212008
v -4.5274100e-003 4.5658580e-002 -0.0396935
v -6.3904600e-003 4.8717730e-002 -0.0336274
v -1.6820150e-002 9.9294570e-002 0.0653521
v -3.0357440e-002 5.0383670e-002 -0.00128681
v -3.1071390e-002 4.9845800e-002 0.00817975
v -2.9741930e-002 4.8210500e-002 0.0171844
v -2.6149500e-002 4.7692500e-002 0.0260494
v 3.9488380e-002 1.1078350e-001 0.084747
v -7.9310500e-003 4.8270690e-002 0.0513169
v -4.6796400e-003 1.2765487e-001 0.0825065
v -6.6910200e-003 5.1696670e-002 -0.0386637
v -1.1927610e-002 9.9440450e-002 0.0756432
v -2.4895380e-002 5.1349190e-002 -0.0202845
v -2.9119360e-002 5.0976660e-002 -0.0059436
v -2.6884680e-002 5.1472710e-002 0.0255283
v -1.2865040e-002 4.9399890e-002 0.0355627
v -1.0337510e-002 1.6220182e-001 0.042819
v -6.0504730e-002 1.7665711e-001 0.0655936
v -1.3312550e-002 1.7442797e-001 0.0341511
v -5.9843500e-003 5.0162230e-002 -0.0436732
v -5.1927700e-003 1.5546197e-001 0.0503424
v -2.1691010e-002 5.4029700e-002 -0.0254642
v -2.7750590e-002 4.9258540e-002 -0.0101498
v -3.0135610e-002 5.3612020e-002 0.0220432
v -1.0888650e-002 5.1677630e-002 0.0328755
v -1.1626140e-002 4.9534770e-002 0.0376138
v -1.1286200e-002 4.9285110e-002 0.0407506
v -1.0085980e-002 4.7490850e-002 0.0463852
v -6.3327900e-003 5.3293010e-002 -0.0444732
v -7.2382500e-003 5.1020650e-002 -0.0332056
v -2.6397810e-002 5.1169270e-002 -0.0156784
v -3.0561130e-002 5.5010170e-002 -0.00683417
v -3.1334400e-002 5.5502800e-002 -0.00214247
v -3.0513830e-002 5.2867950e-002 -0.00059285
v -3.1457940e-002 5.1869000e-002 0.00364814
v -3.3653980e-002 5.5399220e-002 0.00942456
v -3.3919700e-002 5.8224770e-002 0.0193022
v -7.2248900e-003 1.3386190e-001 0.0610843
v -1.1402110e-002 5.5656840e-002 0.0433098
v -5.9192060e-002 1.6833773e-001 0.0610805
v -5.1300300e-003 5.2943630e-002 -0.0475747
v -1.8243310e-002 1.1150775e-001 0.037403
v -2.7108230e-002 5.4409710e-002 -0.0199725
v -3.0903760e-002 5.8382570e-002 -0.00539748
v -3.3403350e-002 5.3602910e-002 0.0106036
v -1.0347380e-002 5.2331560e-002 0.0349983
v -9.8299800e-003 5.1304340e-002 0.0464712
v -9.5107300e-003 1.1493603e-001 0.0679454
v -4.4679270e-002 1.5161088e-001 0.0710482
v -2.4224470e-002 3.4790620e-002 0.00589038
v -2.8284560e-002 5.5555670e-002 -0.0168421
v -2.9767520e-002 5.4687610e-002 -0.010711
v -3.3360920e-002 5.9492420e-002 0.00118268
v -3.2840220e-002 5.5688960e-002 0.00523259
v -7.4047200e-003 5.2470760e-002 0.0517058
v -8.9566900e-003 6.0043760e-002 0.0526264
v -1.4434510e-002 9.7762720e-002 0.0725986
v -6.0362700e-003 5.5818010e-002 -0.0443313
v -6.1822500e-003 5.4934820e-002 -0.0384634
v -5.2584800e-003 5.7808260e-002 -0.0388386
v -3.4437110e-002 5.9510130e-002 0.00920154
v -1.0545060e-002 5.5284900e-002 0.0352626
v -1.0905320e-002 5.4503540e-002 0.0383365
v 5.2222250e-002 3.6289540e-002 0.0177275
v -4.6211800e-003 5.8095800e-002 -0.0500065
v -4.7769600e-003 5.9278810e-002 -0.046134
v -2.8645750e-002 5.9819840e-002 -0.0151103
v -2.9995250e-002 5.7586530e-002 -0.0103124
v -3.4695830e-002 6.0256790e-002 0.00613534
v -3.5268510e-002 5.9396390e-002 0.0123182
v -3.6865870e-002 6.3136020e-002 0.0144669
v -1.2135840e-002 5.9840950e-002 0.0466503
v -7.1885700e-003 1.2480275e-001 0.0565721
v -5.6744800e-003 1.2055419e-001 0.0792375
v -6.1175900e-003 1.2560650e-001 0.0793348
v -2.6014120e-002 5.8492230e-002 -0.02234
v -3.1135840e-002 6.2098330e-002 -0.00762704
v -3.2481070e-002 6.0456840e-002 -0.00331017
v -3.5929330e-002 6.1275230e-002 0.0168119
v -1.2104730e-002 5.7196350e-002 0.0324919
v -1.3053130e-002 6.1466560e-002 0.0341082
v -1.1047570e-002 5.7025330e-002 0.033897
v -1.1505750e-002 5.8303290e-002 0.0386236
v -1.3390450e-002 6.2723940e-002 0.0450084
v -5.6270700e-003 1.3398739e-001 0.056896
v -8.6731600e-003 1.5746031e-001 0.0448539
v 1.1810740e-002 6.9656870e-002 0.0786096
v -2.3836400e-002 1.0186156e-001 0.02373
v -2.3580130e-002 9.9322390e-002 0.0281229
v -3.6419700e-003 1.4997652e-001 0.0500767
v -2.3426460e-002 9.5958590e-002 0.0330484
v -2.7292470e-002 6.2064770e-002 -0.0195204
v -2.0641400e-002 1.0333987e-001 0.0388647
v -1.0220880e-002 5.6281090e-002 0.0489529
v -1.1093400e-003 1.4498656e-001 0.053993
v -2.1729510e-002 9.8510850e-002 0.0455306
v -2.1619430e-002 1.0074570e-001 0.050911
v -2.5047990e-002 6.2792530e-002 -0.0232458
v -3.1141370e-002 6.3181400e-002 -0.00974128
v -3.4490930e-002 6.4559630e-002 0.00086614
v -3.5850480e-002 6.4001730e-002 0.0085264
v -1.3029910e-002 6.4794120e-002 0.0484515
v -1.9271240e-002 1.0614813e-001 0.0523252
v -1.9897100e-002 1.0216682e-001 0.0552653
v -1.9222950e-002 9.9032210e-002 0.059042
v -1.8525740e-002 1.0433496e-001 0.0578468
v -1.8538890e-002 1.7332156e-001 0.0271135
v -2.6297510e-002 6.7082570e-002 -0.022832
v -2.9855690e-002 6.4595540e-002 -0.0145191
v -3.0901170e-002 6.7581440e-002 -0.0114713
v -3.7657310e-002 6.6260830e-002 0.0177394
v -8.0899900e-003 1.3452104e-001 0.0650597
v -5.8090000e-003 1.4244605e-001 0.0758293
v -1.2813770e-002 6.1637330e-002 0.0413623
v -5.7541100e-003 6.1921550e-002 0.0561479
v -4.5202600e-003 6.2845360e-002 0.0621261
v -1.3627050e-002 1.6449057e-001 0.0372925
v -1.7608980e-002 1.6509494e-001 0.0198189
v -3.2563040e-002 6.5416350e-002 -0.00628811
v -3.5933480e-002 6.9515630e-002 0.00592505
v -3.6517060e-002 6.7999180e-002 0.0105386
v -1.5434860e-002 6.6817430e-002 0.0353857
v -9.3254900e-003 6.4638700e-002 0.0539945
v -6.9393300e-003 6.5572310e-002 0.0638523
v -8.5494600e-003 1.2774242e-001 0.0639209
v 5.3351850e-002 3.6184050e-002 0.0269407
v -2.8356120e-002 6.7007390e-002 -0.0196187
v -3.1553160e-002 6.9933940e-002 -0.0122752
v -3.2730520e-002 6.8247960e-002 -0.00542651
v -3.4870250e-002 6.6619200e-002 0.00440842
v -3.6535750e-002 6.7144790e-002 0.0219113
v -7.2969400e-003 1.5466949e-001 0.0456432
v -1.2120350e-002 6.6850660e-002 0.0516735
v -1.0044340e-002 6.6465950e-002 0.0581052
v -2.2403000e-003 1.4311862e-001 0.0569923
v -4.4397800e-003 1.3119854e-001 0.0806511
v -6.2014700e-003 1.2850938e-001 0.0565443
v -2.9404680e-002 7.0138540e-002 -0.0177581
v -3.3525310e-002 7.0791870e-002 -0.00649805
v -3.4462560e-002 7.0434460e-002 -0.00075831
v -3.7917490e-002 6.9292820e-002 0.0132359
v -8.7301400e-003 1.1889688e-001 0.0673908
v -1.3829140e-002 6.4162310e-002 0.0381195
v -1.9794270e-002 1.1303356e-001 -0.00185274
v 1.8117970e-002 6.8170610e-002 0.0759508
v -3.7661370e-002 7.2671480e-002 0.010002
v -3.8443880e-002 7.0613770e-002 0.0179761
v -3.8072640e-002 7.2778460e-002 0.023036
v -3.5451530e-002 7.1177480e-002 0.0261201
v -7.8046600e-003 1.3929375e-001 0.0685354
v -1.8011860e-002 7.1067650e-002 0.035263
v -1.6774100e-002 6.9774010e-002 0.0415582
v -1.4864960e-002 7.0298920e-002 0.0528317
v -6.8094400e-003 6.7638980e-002 0.0669789
v -2.9538870e-002 1.7895826e-001 0.0102445
v -8.0241700e-003 1.2680098e-001 0.0752726
v 4.2049490e-002 1.1248315e-001 0.0873599
v -3.3398210e-002 7.4301560e-002 -0.0087503
v -5.7041470e-002 1.6045024e-001 0.0642495
v -1.7874430e-002 7.3372220e-002 0.044354
v -1.5928780e-002 6.9445320e-002 0.0457626
v -1.6106990e-002 7.2542990e-002 0.0479574
v -1.4416470e-002 6.9538010e-002 0.0578226
v -7.4714400e-003 7.1538150e-002 0.0720716
v -2.4938540e-002 7.4094500e-002 -0.0254729
v -2.9747770e-002 7.3756350e-002 -0.0157197
v -3.4552450e-002 7.3763980e-002 -0.0048214
v -3.5887190e-002 7.3921320e-002 0.00225286
v -3.7223830e-002 7.4799620e-002 0.00738349
v -3.9044290e-002 7.7095190e-002 0.0202253
v -2.0823150e-002 7.2101270e-002 0.0340162
v -1.7502230e-002 7.2839870e-002 0.0384934
v -1.5335340e-002 7.3116330e-002 0.0643926
v -1.2261750e-002 7.0187350e-002 0.0644807
v -1.4504190e-002 1.6164528e-001 0.0238543
v -2.6900140e-002 7.2692600e-002 -0.0221045
v -2.9606940e-002 7.6586960e-002 -0.0155324
v -3.1383860e-002 7.4860570e-002 -0.0115741
v -3.8490670e-002 7.7640750e-002 0.0147316
v -3.8864420e-002 7.4288800e-002 0.0160188
v -1.6243060e-002 7.3071950e-002 0.0511036
v -1.7522320e-002 7.4017880e-002 0.0579895
v -1.0934430e-002 7.2322890e-002 0.0696084
v -6.5577200e-003 1.1714132e-001 0.0759961
v -1.9975760e-002 1.0751453e-001 0.0379877
v -3.2009580e-002 7.9889200e-002 -0.0106962
v -3.7476940e-002 7.8264580e-002 0.00534334
v -3.6780200e-002 7.6191290e-002 0.026082
v -1.0580510e-002 1.5718885e-001 0.039161
v -1.6750060e-002 7.5860010e-002 0.0656099
v -1.3839210e-002 7.5663330e-002 0.0701776
v -9.3537900e-003 7.4808360e-002 0.0742914
v -6.1412170e-002 1.7185387e-001 0.0634289
v -2.0778090e-002 7.5726870e-002 -0.0306849
v -2.7743990e-002 7.9017870e-002 -0.019305
v -3.7905180e-002 7.9338730e-002 0.00859921
v -3.8386500e-002 7.6568500e-002 0.0232001
v -1.8644360e-002 7.6390120e-002 0.0381178
v -1.9026580e-002 7.7664130e-002 0.0442311
v -1.8186900e-002 7.5705070e-002 0.0510255
v -8.7629200e-003 1.2994832e-001 0.0705951
v -2.2432450e-002 7.8785370e-002 -0.0281477
v -3.3714560e-002 7.9435920e-002 -0.0076016
v -3.4409750e-002 7.8027250e-002 -0.00495024
v -3.9185590e-002 8.1165550e-002 0.0158584
v -3.9010720e-002 8.3343870e-002 0.0185021
v -4.1482100e-003 1.3606854e-001 0.0797394
v -1.6241160e-002 1.6634656e-001 0.0309802
v -1.9374020e-002 7.7248350e-002 0.0357498
v -1.9575700e-002 7.9086360e-002 0.0489447
v -1.9755480e-002 7.8089190e-002 0.0550659
v -2.5450120e-002 8.0240410e-002 -0.023706
v -3.0771580e-002 8.3456700e-002 -0.0122541
v -3.4838500e-002 8.4692790e-002 -0.00185499
v -3.5782080e-002 7.8941410e-002 0.00020857
v -3.6380660e-002 8.2947370e-002 0.0004271
v -3.7467250e-002 8.2794510e-002 0.00441016
v -2.0647590e-002 1.0578320e-001 0.0332023
v -2.0571000e-002 8.1536380e-002 0.039207
v -1.9375540e-002 7.9766610e-002 0.0603554
v -2.0832940e-002 1.0396706e-001 0.0417718
v -3.8489610e-002 8.2713320e-002 0.011204
v -3.8329160e-002 8.1686990e-002 0.0231815
v -3.6620670e-002 8.0570950e-002 0.0272332
v -2.2325910e-002 8.0196070e-002 0.0354702
v -2.0473520e-002 8.1997900e-002 0.0448642
v -2.1365890e-002 8.2309430e-002 0.0506479
v -2.1353790e-002 8.1927600e-002 0.0555226
v 1.8516150e-002 1.1135484e-001 0.0880896
v 4.5361400e-002 1.1107918e-001 0.0720361
v -1.5448990e-002 1.6986395e-001 0.0333598
v 2.1576840e-002 6.2170510e-002 0.066839
v -2.0040460e-002 8.1968990e-002 -0.0307306
v -2.8952010e-002 8.6480380e-002 -0.0162243
v -1.4847830e-002 1.0027892e-001 0.0698556
v -1.8908860e-002 8.1704600e-002 0.0638362
v -1.7128200e-002 8.0136290e-002 0.0679148
v -8.1780500e-003 1.6340754e-001 0.0457521
v -3.0860110e-002 8.8010780e-002 -0.0117275
v -3.2829380e-002 8.5270000e-002 -0.00733348
v -3.6461000e-002 8.7017890e-002 0.00343565
v -3.6361740e-002 8.4512810e-002 0.0269641
v -2.2576200e-002 8.5316190e-002 0.0365534
v -2.1917600e-002 8.5232710e-002 0.0387911
v -2.1098320e-002 8.6258340e-002 0.0576769
v -1.9169290e-002 8.6394530e-002 0.0625818
v -8.5944200e-003 1.2468846e-001 0.0713953
v -2.2842920e-002 9.9040900e-002 -0.0148016
v -2.1977110e-002 1.7491852e-001 0.0211629
v -3.8317070e-002 8.7288840e-002 0.0148243
v -3.6027250e-002 8.9468030e-002 0.0232858
v -2.1600960e-002 8.4422070e-002 0.0515956
v -1.7198420e-002 8.5656460e-002 0.069481
v -1.1496630e-002 1.0754846e-001 0.0709172
v -2.0408140e-002 8.6284000e-002 -0.0301453
v -1.4645990e-002 1.1567692e-001 0.0555781
v -3.6552200e-002 8.9070080e-002 0.00809811
v -8.8299000e-004 1.1205088e-001 0.0812063
v -3.6991710e-002 8.9838040e-002 0.0187722
v -3.7849050e-002 8.6587670e-002 0.0211004
v -3.5082250e-002 8.8889590e-002 0.0258099
v -2.1817170e-002 9.0731760e-002 0.0489848
v -3.0845200e-002 3.4776000e-002 0.0358749
v -2.9721880e-002 3.3606540e-002 0.0331644
v -2.6321120e-002 3.3487000e-002 0.025964
v -2.4625420e-002 3.3611640e-002 0.0167175
v -2.2600430e-002 3.3829010e-002 0.00534863
v -2.0854930e-002 3.4293000e-002 -0.00648435
v -1.8612870e-002 3.4880000e-002 -0.0139504
v -2.7260650e-002 3.4189100e-002 0.042466
v -2.6719450e-002 3.3578760e-002 0.0332411
v -1.8764230e-002 3.4165800e-002 -0.00628135
v -2.1914420e-002 3.3663660e-002 0.0442658
v -2.3217760e-002 3.3630970e-002 0.0236715
v -2.1054260e-002 3.3895430e-002 0.0115586
v -1.9331070e-002 3.4053940e-002 0.00204064
v -1.6607870e-002 3.4459660e-002 -0.00173239
v -2.1353750e-002 3.3910070e-002 0.0273161
v -1.9023720e-002 3.4361580e-002 0.0133711
v -1.5424050e-002 3.4207220e-002 -0.00958873
v -1.7992380e-002 3.5878180e-002 0.0149815
v -1.5929740e-002 3.5903130e-002 0.00234743
v -1.4783970e-002 3.6411540e-002 -0.00225443
v -2.0508290e-002 3.3835210e-002 0.0351991
v -1.9405170e-002 3.5918600e-002 0.0260755
v -1.2648700e-002 3.5645200e-002 -0.00827406
v -1.1262870e-002 3.4742600e-002 -0.0104736
v -1.4495730e-002 3.4483430e-002 -0.0140554
v -1.5007790e-002 3.5680360e-002 0.0369705
v -1.4159030e-002 3.8408770e-002 0.00247195
v -2.3612470e-002 3.3618220e-002 0.0394819
v -1.1997540e-002 3.4006000e-002 0.0410915
v -1.9204150e-002 3.5592330e-002 0.0315898
v -1.7220790e-002 3.8064450e-002 0.0200863
v -1.5646360e-002 3.8290290e-002 0.0111132
v -1.2957650e-002 3.7705190e-002 -0.00445226
v -2.9666500e-003 3.4416230e-002 -0.0158705
v -1.5418250e-002 3.4136300e-002 0.047872
v -1.2804590e-002 3.3622720e-002 0.0475216
v -1.6158190e-002 3.7577040e-002 0.0334073
v -1.7210420e-002 3.8404330e-002 0.0278515
v -1.3000800e-002 3.9028950e-002 0.00850653
v -1.0164860e-002 3.8165190e-002 -0.00645525
v -3.0116800e-003 3.4659190e-002 -0.00741471
v -5.9571300e-003 3.4335400e-002 -0.0119662
v -3.7806900e-003 3.5567580e-002 -0.0204148
v -1.4202620e-002 3.8762570e-002 0.0192888
v -1.0381370e-002 3.9176760e-002 0.00113901
v -8.0827300e-003 3.9024470e-002 -0.00381492
v -6.7614300e-003 3.6733400e-002 -0.00752082
v -1.8984900e-003 3.4843990e-002 -0.0199681
v -1.2527510e-002 3.3600490e-002 0.0450584
v -1.4050770e-002 3.8639810e-002 0.0307549
v -1.2082510e-002 3.3729110e-002 0.0514998
v -1.1093270e-002 3.8585750e-002 0.0237569
v -3.7963500e-003 3.8208550e-002 -0.00397347
v 1.7162000e-003 3.4232620e-002 -0.00954854
v 3.5630900e-003 3.5799990e-002 -0.0290865
v -9.1246200e-003 3.3529910e-002 0.0559652
v -4.5434500e-003 3.8505210e-002 0.0195235
v 2.2948600e-003 3.4394790e-002 -0.0163635
v 5.6444000e-003 3.4624040e-002 -0.0213247
v -7.3397700e-003 3.6174000e-002 0.0396703
v -4.3030400e-003 3.8648030e-002 0.0142517
v 2.3246000e-003 3.5348200e-002 -0.00232623
v 3.8878900e-003 3.5703800e-002 -0.0140143
v 3.6628500e-003 3.6239700e-002 -0.0153228
v 3.9885300e-003 3.4670710e-002 -0.0237531
v 7.0246300e-003 3.5816010e-002 -0.0323692
v -8.0065600e-003 3.3776930e-002 0.0637159
v -5.1253200e-003 3.3562500e-002 0.0642669
v -7.3079600e-003 3.8518600e-002 0.0380666
v -7.4848700e-003 3.8887690e-002 0.00943088
v 4.9754500e-003 3.4200210e-002 -0.00396778
v 4.5275100e-003 3.6030400e-002 -0.00942926
v 9.8349300e-003 3.4980130e-002 -0.029859
v -1.8117500e-003 3.3497900e-002 0.0527301
v -1.8800800e-003 3.3855400e-002 0.041271
v -2.7793900e-003 3.8946190e-002 0.0031105
v 6.5492800e-003 3.5134100e-002 -0.00621941
v 8.7849000e-003 3.5937100e-002 -0.0208979
v 9.8155300e-003 3.6526640e-002 -0.035606
v -6.1688300e-003 3.3840100e-002 0.0670783
v 4.7721500e-003 3.7424170e-002 0.0008114
v 1.1762220e-002 3.4125310e-002 -0.00314923
v 9.1666100e-003 3.3997100e-002 -0.0049172
v 1.1012580e-002 3.4546910e-002 -0.0251308
v 1.6016700e-002 3.5046370e-002 -0.0282486
v 2.7292860e-002 6.5145960e-002 0.067033
v -8.9435000e-004 3.3605230e-002 0.0463802
v -5.2520000e-004 3.8195400e-002 0.0331634
v -4.2109000e-004 3.8323400e-002 0.0320742
v 4.5100800e-003 3.8266010e-002 0.0216927
v 1.7739160e-002 3.4816710e-002 -0.0239308
v 8.9321600e-003 3.9977070e-002 -0.0427191
v -2.1667000e-004 3.3462230e-002 0.0586041
v 4.5724700e-003 3.3633000e-002 0.0373144
v 6.2292700e-003 3.8488570e-002 0.010424
v 2.3966500e-003 3.8651360e-002 0.00138969
v 8.2607200e-003 3.5462480e-002 0.00030845
v 1.2944550e-002 3.6193080e-002 0.0014089
v 1.3979700e-002 3.6583300e-002 -0.0222529
v -7.8374000e-004 3.4345730e-002 0.0709618
v -1.9761000e-004 3.3717630e-002 0.0690662
v 2.8222500e-003 3.3505860e-002 0.0648256
v 3.5646400e-003 3.3501860e-002 0.0470597
v 1.3046800e-002 3.8172780e-002 0.00369538
v 1.6266960e-002 3.6447340e-002 -0.0334759
v 1.4815820e-002 3.7509920e-002 -0.0372496
v 6.4300300e-003 3.3703640e-002 0.0456759
v 8.5506500e-003 3.3937310e-002 0.0386393
v 1.5570660e-002 3.8352640e-002 0.00950641
v 1.8169400e-002 3.5807100e-002 -0.0214998
v 1.6008250e-002 4.1230990e-002 -0.0448765
v 1.5532600e-003 3.6255930e-002 0.072474
v 4.2026500e-003 3.4452970e-002 0.0714981
v 7.9376100e-003 3.8062900e-002 0.0277909
v 1.0215790e-002 3.8286470e-002 0.0165564
v 1.8134600e-002 3.4842900e-002 -0.00810435
v 2.5337690e-002 3.5890600e-002 -0.0235895
v 2.0751930e-002 4.0585070e-002 -0.0412614
v 8.0329400e-003 3.3645700e-002 0.0513509
v 8.0803900e-003 3.5549500e-002 0.0471043
v 1.6982030e-002 3.6999940e-002 0.00141035
v 1.5634690e-002 3.4803380e-002 -0.00091714
v 1.8849770e-002 3.4636250e-002 -0.00288879
v 2.1423700e-002 3.4379500e-002 -0.0132792
v 2.1593200e-002 3.4425500e-002 -0.0143227
v 2.2040900e-002 3.4646300e-002 -0.0174901
v 1.9872200e-002 3.6248820e-002 -0.0298685
v 1.0789900e-002 3.6326200e-002 0.039222
v 1.4706400e-002 3.3995400e-002 0.0303071
v 2.8018770e-002 3.5172700e-002 -0.0200812
v 2.9429570e-002 3.8104580e-002 -0.024989
v 2.2928670e-002 3.8303930e-002 -0.0335841
v 2.0659450e-002 4.4573630e-002 -0.0490157
v 3.5050280e-002 6.6607310e-002 0.058226
v 8.7266300e-003 3.3846440e-002 0.0673308
v 1.2438580e-002 3.3828710e-002 0.0346923
v 1.6353100e-002 3.4287000e-002 0.0298032
v 2.1179600e-002 3.6310890e-002 -0.00170238
v 2.5516510e-002 4.4625440e-002 -0.045137
v 3.9004630e-002 1.1022176e-001 0.0688765
v 1.4040310e-002 3.3622690e-002 0.0576806
v 1.3987000e-002 3.3585300e-002 0.0532105
v 1.5502900e-002 3.5891600e-002 0.0357116
v 1.7350000e-002 3.5396700e-002 0.0288615
v 1.5705300e-002 3.7742600e-002 0.0265805
v 2.0427010e-002 3.8147840e-002 0.00109744
v 2.6970390e-002 4.0973940e-002 -0.0350477
v 9.7984300e-003 3.4478780e-002 0.0696855
v 1.5848000e-002 3.3309900e-002 0.054019
v 2.4755300e-002 3.7117830e-002 -0.00448168
v 2.4315930e-002 3.5204730e-002 -0.00666055
v 2.4057310e-002 3.4748700e-002 -0.0083833
v 2.4976570e-002 4.1032980e-002 -0.0388831
v 2.5131260e-002 3.8727070e-002 0.00264419
v 2.5898750e-002 3.8708440e-002 -0.00322223
v 2.8482190e-002 3.6890930e-002 -0.00900165
v 3.1630980e-002 3.4835790e-002 -0.013197
v 3.3101020e-002 3.7053310e-002 -0.0222916
v 2.7234810e-002 3.9160020e-002 -0.0289484
v 3.7144310e-002 1.1181412e-001 0.0877735
v 2.0243220e-002 3.8203890e-002 0.0178705
v 3.0822500e-002 3.7047690e-002 -0.0100874
v 2.9040920e-002 4.5435770e-002 -0.0422966
v 4.6513480e-002 1.1388013e-001 0.0843413
v 3.9217250e-002 1.0895629e-001 0.0737957
v 3.4258040e-002 6.4239200e-002 0.0512433
v 1.6900580e-002 3.4017860e-002 0.0617774
v 2.3032000e-002 3.5304200e-002 0.0366651
v 2.9378330e-002 3.8643510e-002 0.0149302
v 3.7910230e-002 1.0967225e-001 0.0808945
v 3.2845310e-002 1.1387199e-001 0.0898226
v 3.1127880e-002 6.8728370e-002 0.0696555
v 4.2517920e-002 1.0988832e-001 0.0784498
v 3.7128750e-002 1.0794900e-001 0.0758241
v 2.6674360e-002 3.4128050e-002 0.0557406
v 2.4380600e-002 3.5429000e-002 0.0382796
v 2.2744860e-002 3.4179780e-002 0.0352833
v 1.9981460e-002 3.7865000e-002 0.0257981
v 2.9548510e-002 3.9004270e-002 -0.00690643
v 3.6984890e-002 3.4852440e-002 -0.015449
v 3.6642280e-002 3.5640640e-002 -0.0191282
v 3.1828080e-002 6.6047840e-002 0.063665
v 2.9992360e-002 4.4939530e-002 -0.0396048
v 1.5995300e-002 7.1702430e-002 0.0802943
v 3.6935610e-002 6.7322700e-002 0.0541854
v -2.8748470e-002 1.4847168e-001 0.0731102
v 4.1197080e-002 7.3751550e-002 0.059
v -2.3753800e-003 6.1040260e-002 0.0595207
v 2.3505640e-002 3.4596760e-002 0.0627918
v 2.6940000e-002 3.3668300e-002 0.0418955
v 3.3900800e-002 3.7639400e-002 -0.00898082
v 3.6265100e-002 3.4888000e-002 -0.00852878
v 4.2771650e-002 1.1498106e-001 0.0898039
v 3.9168070e-002 7.4430370e-002 0.0655454
v 2.2552000e-004 6.1723230e-002 0.0646442
v 3.3271200e-002 3.9507100e-002 -0.00524969
v 3.9327190e-002 3.7033170e-002 -0.0202503
v -1.7493900e-003 6.3292870e-002 0.0670064
v 4.2343200e-003 6.0651470e-002 0.0644798
v 4.9175800e-003 5.7000470e-002 0.0572196
v 3.1430040e-002 7.2437050e-002 0.0743628
v 3.1883280e-002 3.4343180e-002 0.062019
v 3.0513130e-002 3.4444130e-002 0.0468708
v 2.7868430e-002 3.8400960e-002 0.0208143
v 4.1281040e-002 3.5635110e-002 -0.0164393
v 4.5320060e-002 1.1205014e-001 0.0690872
v -3.4639490e-002 1.4861318e-001 0.0718116
v 3.5758200e-003 6.3074750e-002 0.0695388
v 1.6462010e-002 7.8392100e-002 0.0848639
v 2.4705540e-002 1.1588893e-001 0.0911888
v 2.3873640e-002 1.1359169e-001 0.0888278
v 4.9444530e-002 1.1325363e-001 0.0713028
v 3.8828200e-002 7.0282330e-002 0.054877
v 3.4738290e-002 1.0715887e-001 0.0772089
v 8.0916600e-003 5.9007440e-002 0.0612418
v 2.9416520e-002 3.5025080e-002 0.0658857
v 3.6265760e-002 3.4419570e-002 0.0578894
v 3.4635180e-002 3.4470270e-002 0.0518477
v 3.4578200e-002 3.4721400e-002 0.0348346
v 3.2390100e-002 3.8191900e-002 0.0309847
v 3.6702200e-002 3.9364900e-002 0.00496131
v 4.2620580e-002 3.5177480e-002 -0.0122242
v 5.0776480e-002 1.1458863e-001 0.0748982
v 4.6643440e-002 1.1357963e-001 0.0804691
v 2.7264400e-002 6.9586030e-002 0.0741076
v 2.9248090e-002 7.6339320e-002 0.0790026
v 3.3744340e-002 3.4778970e-002 0.0652971
v 3.6914100e-002 3.4344100e-002 0.0336564
v 4.3462110e-002 3.4814800e-002 -0.00493185
v 4.4652280e-002 3.6213020e-002 -0.0113474
v 3.8653760e-002 7.1154540e-002 0.0605693
v 2.8446030e-002 1.1450869e-001 0.0889795
v 1.0557760e-002 6.1090480e-002 0.0685435
v 4.8518530e-002 1.1648975e-001 0.082711
v 3.3200040e-002 3.4467720e-002 0.0419132
v 3.8844100e-002 3.9529200e-002 0.0112898
v 4.5611410e-002 3.4885340e-002 0.00282619
v 1.3061680e-002 5.9484140e-002 0.0645612
v 1.3429540e-002 5.7801460e-002 0.0585814
v 3.8473300e-002 3.9169500e-002 0.02332
v 3.9402900e-002 3.9322300e-002 0.0181599
v 4.3684700e-002 3.4812800e-002 0.0164714
v 4.6024610e-002 3.5833470e-002 -0.00329066
v 3.0416940e-002 1.1200712e-001 0.0852296
v 3.4234780e-002 1.1131719e-001 0.0856447
v 4.6953300e-003 6.6680690e-002 0.0745304
v 8.7995500e-003 6.2751470e-002 0.071113
v 1.6539440e-002 5.8834410e-002 0.0611494
v 3.9739710e-002 3.4627180e-002 0.0469123
v 4.0492530e-002 3.4668230e-002 0.0407604
v 4.3473500e-002 3.4658000e-002 0.0263231
v 4.7873100e-002 3.6229910e-002 0.00318366
v 3.4119800e-002 1.0916678e-001 0.0799405
v 2.8789180e-002 6.3165280e-002 0.0597122
v 3.7398330e-002 6.8061880e-002 0.0511766
v 3.9481010e-002 7.0933150e-002 0.0501266
v 1.5205950e-002 6.4399880e-002 0.0727901
v 1.5354080e-002 6.1214650e-002 0.0685112
v 4.2492560e-002 3.5440180e-002 0.0393432
v 4.7502400e-002 3.5008350e-002 0.00813059
v 3.5552860e-002 7.0202740e-002 0.0660807
v -4.0051350e-002 1.4992277e-001 0.0686026
v 2.4959750e-002 6.7023040e-002 0.0717221
v 1.0244090e-002 6.6557040e-002 0.075115
v 3.9775080e-002 3.5945650e-002 0.0651467
v 4.4794170e-002 3.5924640e-002 0.0368986
v 4.9434210e-002 3.5977600e-002 0.00947804
v 4.8139420e-002 1.1706809e-001 0.085176
v 2.5647610e-002 6.2790260e-002 0.0633664
v 1.8101240e-002 6.1001700e-002 0.0666333
v 2.2606060e-002 5.9985190e-002 0.0581676
v 3.9401920e-002 3.4992560e-002 0.0642122
v 4.2782420e-002 3.4560020e-002 0.0534258
v 4.9264760e-002 3.4859970e-002 0.0180315
v 5.0275730e-002 3.7640770e-002 0.0114404
v 4.6707180e-002 1.1154286e-001 0.0751653
v 5.0605600e-003 6.9826450e-002 0.0771684
v 1.2089080e-002 6.4382590e-002 0.0728014
v 2.1322150e-002 7.0995160e-002 0.078022
v 4.1994900e-002 3.4690410e-002 0.0612634
v 4.4874590e-002 3.5007310e-002 0.0544038
v 4.3518120e-002 3.5206980e-002 0.0457543
v 4.6957890e-002 3.5168820e-002 0.0338324
v 5.0549440e-002 3.5083380e-002 0.0286576
v 5.0133810e-002 3.5246410e-002 0.0153064
v -4.9865930e-002 1.5592447e-001 0.0652836
v -3.1579300e-002 1.4871539e-001 0.0664679
v -5.8385930e-002 1.6388324e-001 0.062096
v -3.2221730e-002 1.5245731e-001 0.0632749
v -2.1433200e-003 1.4773408e-001 0.0437557
v -1.8974710e-002 1.4561631e-001 0.0656969
v -4.9097100e-002 1.5358824e-001 0.0667136
v -2.1746090e-002 1.6668287e-001 0.0104828
v -5.9398280e-002 1.6397531e-001 0.0627445
v -8.4590800e-003 1.4129200e-001 0.0704132
v -6.2734700e-003 1.4037628e-001 0.0615304
v -2.6844980e-002 1.7220633e-001 0.0114525
v -6.0103610e-002 1.6577037e-001 0.0637311
v -1.0999490e-002 1.5758144e-001 0.0282188
v -1.1169510e-002 1.5967716e-001 0.0184713
v -4.5266390e-002 1.5236775e-001 0.0667007
v -1.8614200e-003 1.4670859e-001 0.0498964
v -7.6802300e-003 1.5460463e-001 0.0314496
v -5.1594250e-002 1.5507675e-001 0.0674477
v -2.9246300e-002 1.7649301e-001 0.0109067
v -3.9265860e-002 1.4965550e-001 0.0720836
v -2.5899710e-002 1.4877806e-001 0.0642308
v -7.4907700e-003 1.4341650e-001 0.0630566
v -4.7408000e-004 1.4092550e-001 0.0530434
v -6.6203800e-003 1.5205232e-001 0.0392694
v -3.6185520e-002 1.5210615e-001 0.0647969
v -5.4256370e-002 1.5834400e-001 0.0644003
v -9.3766300e-003 1.4218350e-001 0.0661781
v -2.3333300e-002 1.4605207e-001 0.0677514
v -4.0464820e-002 1.5410067e-001 0.0647316
v -7.8509300e-003 1.5687690e-001 0.0242656
v -1.6396570e-002 1.6312344e-001 0.0157232
v -1.4908480e-002 1.4404618e-001 0.0708877
v -5.6859800e-003 1.5113809e-001 0.0443418
v -1.3098620e-002 1.4694778e-001 0.0628968
v -1.1395730e-002 1.4428875e-001 0.0637554
v -1.4984170e-002 1.4390932e-001 0.0682146
v 1.5153000e-003 1.4336563e-001 0.0502714
v -1.4786030e-002 1.6208479e-001 0.0285356
v -1.2585380e-002 1.4359119e-001 0.0658107
v -4.0674300e-003 1.3774406e-001 0.0561792
v -2.8739870e-002 1.4723338e-001 0.0688669
v -6.0839390e-002 1.7002113e-001 0.0609654
v -2.1897230e-002 1.6787168e-001 0.0138955
v -4.4538540e-002 1.5121847e-001 0.069413
v 1.6990900e-002 5.7309700e-002 0.0550398
s on
f 1069 1647 1578
f 1058 909 939
f 421 1176 238
f 1055 1101 1042
f 238 1059 1126
f 1254 30 1261
f 1065 1071 1
f 1037 1130 1120
f 1570 2381 1585
f 2434 2502 2473
f 1632 1654 1646
f 1144 1166 669
f 1202 1440 305
f 1071 1090 1
f 1555 1570 1584
f 1184 1174 404
f 65 432 12
f 1032 1085 574
f 1789 2207 2223
f 1154 1118 1184
f 1141 1086 1154
f 99 1117 342
f 404 1174 419
f 489 2000 1998
f 1118 1174 1184
f 1196 403 136
f 1495 717 1490
f 1804 402 1207
f 2272 1398 891
f 1100 1002 804
f 1596 1595 2381
f 208 420 1207
f 402 208 1207
f 1455 1935 1925
f 1176 1059 238
f 1150 1040 348
f 1957 1537 2051
f 1124 1189 939
f 1804 1207 1823
f 1381 1300 1109
f 383 384 1182
f 1085 1086 1141
f 1040 1046 132
f 220 1495 1188
f 420 261 1207
f 261 420 1065
f 1055 1133 1101
f 1054 421 403
f 182 1109 2
f 1181 1207 320
f 545 1570 1561
f 35 342 432
f 1024 574 1141
f 432 342 12
f 1489 1081 1547
f 1181 320 1805
f 1516 1683 1507
f 357 1117 1047
f 1561 1570 1555
f 1090 1196 1206
f 1047 1203 1051
f 1165 202 1121
f 1099 341 301
f 1174 240 419
f 922 921 833
f 1121 1080 385
f 815 21 1183
f 35 99 342
f 1083 398 262
f 106 94 1317
f 94 292 1317
f 292 95 1317
f 940 1039 1033
f 1300 1306 433
f 21 212 471
f 1120 1131 1037
f 833 921 688
f 1117 357 342
f 106 271 94
f 386 227 1375
f 1130 1044 1053
f 419 240 219
f 1255 1244 32
f 1557 1081 1489
f 2062 2120 2109
f 2034 2110 430
f 23 315 1111
f 291 94 271
f 291 292 94
f 50 386 95
f 964 734 665
f 1616 1585 1611
f 445 1084 402
f 574 1085 1141
f 1654 341 1653
f 220 1188 1640
f 342 69 12
f 417 261 328
f 292 50 95
f 204 227 386
f 50 204 386
f 1276 1471 1311
f 1206 1196 136
f 1033 1055 1042
f 1037 1044 1130
f 1180 320 417
f 1121 202 1080
f 325 203 271
f 291 76 292
f 292 237 50
f 2159 1696 1767
f 583 929 850
f 1584 1585 1616
f 1495 1490 1188
f 1557 1489 1660
f 1078 1069 1494
f 1972 1992 1971
f 183 1226 2000
f 325 429 203
f 292 76 237
f 1152 227 1143
f 1488 1412 1489
f 1638 1646 1653
f 1947 1869 2468
f 203 306 291
f 306 76 291
f 237 248 50
f 204 1143 227
f 2395 14 429
f 1502 881 2500
f 1 1090 202
f 1652 1653 1099
f 2117 1863 2496
f 50 248 204
f 160 792 994
f 884 888 857
f 544 2117 2496
f 1090 1206 202
f 2463 879 2492
f 429 306 203
f 498 188 418
f 865 884 857
f 994 998 1014
f 884 897 888
f 1795 948 1802
f 208 1035 1071
f 1065 1 1066
f 377 435 1377
f 304 429 14
f 304 306 429
f 73 60 74
f 248 592 204
f 846 2264 829
f 897 912 906
f 1004 991 992
f 1422 1421 1233
f 980 10 303
f 1058 922 909
f 2436 2449 2418
f 394 435 377
f 435 475 446
f 475 474 446
f 336 337 361
f 338 235 372
f 624 148 129
f 812 306 596
f 1726 992 1019
f 945 1514 1511
f 1069 1627 1628
f 1812 1823 1181
f 1165 1121 169
f 447 475 435
f 2487 2458 901
f 42 59 46
f 401 7 187
f 1010 970 797
f 1513 220 1640
f 2474 2491 2462
f 594 307 1014
f 398 1513 1640
f 307 594 1026
f 545 2381 1570
f 403 421 238
f 445 402 127
f 1611 1631 1616
f 1805 1180 1148
f 394 447 435
f 2341 2413 2376
f 75 74 60
f 541 47 42
f 47 59 42
f 541 42 28
f 917 931 1103
f 897 906 883
f 2484 2068 779
f 888 883 857
f 261 1065 328
f 363 1307 349
f 377 363 394
f 444 747 464
f 323 338 362
f 92 116 74
f 592 634 97
f 982 1027 1004
f 1020 982 1004
f 1084 1054 1035
f 208 402 1084
f 421 1119 1176
f 1207 1181 1823
f 1179 1187 1160
f 263 296 1343
f 1298 296 1307
f 1307 296 349
f 405 363 349
f 405 394 363
f 405 447 394
f 362 372 384
f 338 372 362
f 983 1004 987
f 122 134 139
f 415 440 414
f 75 92 74
f 226 186 246
f 796 787 700
f 1119 1059 1176
f 122 114 91
f 624 129 116
f 641 558 631
f 1311 1318 1487
f 100 1162 1170
f 1653 341 1099
f 1316 1983 273
f 263 277 296
f 296 358 349
f 436 447 405
f 109 554 570
f 504 1385 2501
f 115 122 91
f 2068 2460 779
f 43 777 163
f 378 405 349
f 358 378 349
f 448 447 436
f 448 476 447
f 78 77 108
f 75 60 47
f 1764 2481 1795
f 717 714 1512
f 1490 717 1501
f 238 1126 168
f 1878 1866 826
f 2025 2360 2367
f 251 278 263
f 278 277 263
f 277 318 296
f 296 318 358
f 318 350 358
f 378 436 405
f 384 372 1182
f 454 440 415
f 987 1004 992
f 493 476 448
f 323 788 338
f 403 238 136
f 1565 1503 1474
f 297 277 278
f 297 318 277
f 358 350 378
f 378 388 436
f 476 493 500
f 73 105 60
f 323 337 312
f 953 1573 2358
f 142 161 119
f 454 443 440
f 1862 1871 1405
f 297 319 318
f 560 47 541
f 170 1323 111
f 357 1047 1050
f 1119 98 1059
f 1838 1877 1900
f 2359 230 251
f 350 364 378
f 449 448 436
f 449 493 448
f 185 186 226
f 443 469 479
f 874 165 2480
f 463 444 464
f 64 105 91
f 1182 440 1129
f 1958 1651 2502
f 1238 2034 191
f 251 279 278
f 278 279 297
f 364 388 378
f 483 493 449
f 134 148 139
f 244 268 259
f 910 942 930
f 105 115 91
f 24 30 18
f 1132 487 1059
f 1869 1947 2021
f 2497 2494 2463
f 2359 2385 230
f 230 280 251
f 251 280 279
f 279 308 297
f 297 308 319
f 319 364 318
f 364 350 318
f 388 395 436
f 436 395 449
f 493 472 500
f 122 129 134
f 125 142 124
f 373 400 393
f 24 557 30
f 2264 2278 2251
f 1261 30 1269
f 1730 1862 1877
f 252 280 230
f 343 364 319
f 364 343 388
f 63 64 91
f 399 393 416
f 416 444 463
f 162 189 142
f 768 373 326
f 189 661 177
f 189 199 661
f 847 887 864
f 533 747 444
f 1744 1022 1418
f 1170 524 729
f 121 1342 128
f 1236 1244 26
f 280 281 279
f 281 308 279
f 343 319 308
f 343 365 388
f 388 365 395
f 365 406 395
f 406 449 395
f 483 477 493
f 477 491 472
f 493 477 472
f 78 109 77
f 166 174 196
f 481 150 814
f 63 59 64
f 326 373 393
f 643 260 43
f 230 253 252
f 449 441 483
f 441 477 483
f 415 416 463
f 226 246 245
f 464 470 454
f 323 362 337
f 52 37 1283
f 253 281 252
f 281 280 252
f 309 308 281
f 330 343 308
f 366 365 343
f 441 449 406
f 464 814 15
f 883 906 887
f 337 362 371
f 479 498 290
f 247 746 1003
f 25 37 557
f 640 930 669
f 2486 2499 2459
f 309 330 308
f 343 330 366
f 441 437 477
f 290 498 418
f 124 119 108
f 77 124 108
f 589 125 109
f 570 589 109
f 125 162 142
f 1045 433 1034
f 1207 261 320
f 2004 2474 2495
f 1215 1228 2285
f 365 396 406
f 396 422 406
f 422 437 441
f 406 422 441
f 59 47 60
f 51 78 66
f 361 371 383
f 196 215 214
f 463 454 415
f 27 41 535
f 53 1283 37
f 84 1299 1283
f 1805 320 1180
f 254 253 222
f 254 281 253
f 309 366 330
f 396 365 366
f 456 477 437
f 484 491 477
f 2480 2485 2493
f 418 188 187
f 53 85 1283
f 85 84 1283
f 420 1071 1065
f 264 281 254
f 298 309 281
f 368 366 367
f 368 396 366
f 1639 1564 1139
f 560 48 47
f 82 471 212
f 25 38 37
f 202 1206 1080
f 264 298 281
f 298 331 309
f 309 331 366
f 331 367 366
f 396 368 422
f 422 456 437
f 491 1192 313
f 1699 2064 1710
f 462 443 479
f 371 362 384
f 2502 2476 2464
f 371 384 383
f 21 732 212
f 1571 1629 1627
f 38 39 53
f 37 38 53
f 39 85 53
f 1173 1184 404
f 1006 2142 1674
f 201 255 254
f 255 264 254
f 368 407 422
f 450 456 422
f 450 484 456
f 456 484 477
f 314 1192 491
f 2027 2501 2489
f 2475 2471 2488
f 551 492 732
f 464 481 814
f 1081 1494 1547
f 201 231 255
f 407 450 422
f 484 494 491
f 494 327 491
f 327 314 491
f 876 797 995
f 847 856 829
f 125 143 162
f 134 129 148
f 1564 1571 1627
f 417 320 261
f 328 1065 1066
f 170 156 201
f 156 231 201
f 231 282 255
f 282 264 255
f 450 485 484
f 484 485 494
f 2463 2486 2479
f 159 185 167
f 492 68 212
f 732 492 212
f 68 82 212
f 1311 1471 1296
f 101 156 111
f 332 264 282
f 332 298 264
f 332 331 298
f 331 332 367
f 407 423 450
f 450 423 485
f 804 1002 1443
f 2484 779 946
f 689 443 462
f 440 689 1129
f 166 167 174
f 38 31 39
f 112 145 101
f 101 145 156
f 156 256 231
f 332 423 368
f 367 332 368
f 368 423 407
f 946 779 920
f 1432 1261 1449
f 461 478 453
f 464 15 470
f 31 54 39
f 39 54 85
f 86 101 85
f 145 210 156
f 282 283 332
f 283 369 332
f 369 423 332
f 423 408 485
f 854 876 965
f 78 108 66
f 440 443 689
f 374 2465 961
f 929 519 979
f 54 86 85
f 156 241 256
f 256 282 231
f 256 283 282
f 389 423 369
f 389 408 423
f 408 457 485
f 457 49 485
f 485 49 494
f 494 135 327
f 175 83 314
f 1167 1140 1483
f 196 174 215
f 697 16 68
f 1038 82 16
f 140 117 141
f 1654 1653 1646
f 1234 54 31
f 86 112 101
f 210 241 156
f 923 917 911
f 697 34 16
f 145 193 210
f 256 265 283
f 265 310 283
f 283 310 369
f 310 344 369
f 344 370 369
f 370 389 369
f 409 408 389
f 409 466 408
f 466 457 408
f 466 49 457
f 49 135 494
f 174 225 215
f 1014 766 602
f 826 2220 2215
f 1078 1494 1081
f 1273 70 86
f 120 112 86
f 146 145 112
f 146 193 145
f 265 256 241
f 223 265 241
f 486 49 466
f 175 327 135
f 105 122 115
f 480 15 681
f 225 234 215
f 731 34 697
f 86 54 1273
f 70 120 86
f 193 241 210
f 299 310 265
f 310 333 344
f 344 351 370
f 424 466 409
f 135 49 175
f 214 215 234
f 48 75 47
f 34 9 1038
f 16 34 1038
f 203 291 271
f 9 558 754
f 1195 397 1120
f 120 146 112
f 146 194 193
f 266 265 223
f 266 299 265
f 299 333 310
f 333 351 344
f 382 383 392
f 399 416 415
f 266 333 299
f 351 352 370
f 424 486 466
f 487 175 49
f 7 117 187
f 1182 414 440
f 41 42 46
f 290 289 497
f 2502 2464 2473
f 372 399 414
f 1570 1585 1584
f 1066 1 1165
f 1 202 1165
f 120 70 102
f 157 146 120
f 194 223 193
f 223 241 193
f 352 379 370
f 370 379 389
f 410 409 389
f 2478 1409 1958
f 806 945 1002
f 157 194 146
f 267 266 223
f 267 333 266
f 379 410 389
f 410 438 409
f 438 424 409
f 190 205 143
f 337 371 361
f 2215 830 826
f 1631 1646 1638
f 102 157 120
f 157 195 194
f 195 223 194
f 195 211 223
f 223 211 267
f 267 300 333
f 300 334 351
f 333 300 351
f 351 334 352
f 410 411 438
f 438 486 424
f 487 49 486
f 875 594 989
f 108 581 66
f 225 245 244
f 312 336 335
f 151 754 107
f 274 1386 300
f 352 334 379
f 923 1729 1096
f 244 245 268
f 463 464 454
f 414 399 415
f 15 480 470
f 1647 1069 1078
f 909 922 833
f 387 417 328
f 133 157 102
f 1314 133 102
f 133 195 157
f 1148 1179 1160
f 1046 1167 182
f 379 411 410
f 792 339 229
f 391 7 668
f 185 226 174
f 461 290 497
f 2027 504 2501
f 1196 1054 403
f 728 1019 752
f 2459 2483 2461
f 1291 1264 55
f 133 1356 195
f 195 1356 211
f 412 438 411
f 4 486 438
f 458 4 438
f 4 487 486
f 1720 1572 1771
f 245 275 268
f 1869 2021 2059
f 235 399 372
f 64 60 105
f 836 2492 879
f 1315 133 1314
f 1331 1382 1356
f 1310 926 1128
f 7 1121 117
f 119 161 611
f 380 379 334
f 379 380 411
f 467 4 458
f 495 487 4
f 495 1126 487
f 416 400 533
f 479 469 498
f 74 116 73
f 478 461 497
f 393 400 416
f 61 1291 55
f 505 1999 2474
f 1999 2491 2474
f 199 189 36
f 1164 1165 169
f 1179 387 249
f 390 411 380
f 411 390 412
f 458 438 412
f 495 168 1126
f 480 469 470
f 116 122 105
f 418 187 140
f 185 174 167
f 166 148 167
f 470 469 443
f 40 55 32
f 61 71 1291
f 71 103 1291
f 1184 1173 1154
f 634 514 97
f 425 458 412
f 917 923 931
f 2472 2489 853
f 754 641 567
f 44 567 1163
f 454 470 443
f 40 32 1249
f 33 40 1249
f 56 55 40
f 56 61 55
f 451 1265 439
f 1180 417 1179
f 1099 301 1077
f 1189 1058 939
f 1059 221 1132
f 598 1074 1075
f 412 426 425
f 650 186 185
f 234 244 259
f 226 245 225
f 1033 1042 1030
f 2492 836 247
f 7 169 1121
f 1462 1322 1482
f 425 467 458
f 496 4 467
f 1751 2468 2480
f 290 418 140
f 326 789 762
f 142 177 161
f 165 1751 2480
f 87 103 71
f 103 87 104
f 1180 1179 1148
f 417 387 1179
f 2081 2060 2031
f 1154 1173 1141
f 181 131 197
f 442 425 426
f 614 144 143
f 876 1010 797
f 40 45 56
f 56 45 61
f 87 71 61
f 1563 1437 1590
f 1121 385 117
f 1148 1160 1137
f 1449 1459 1439
f 1028 2462 929
f 442 459 425
f 459 467 425
f 168 495 4
f 496 168 4
f 1763 1403 1444
f 140 187 117
f 244 234 225
f 246 740 269
f 372 414 1182
f 40 547 45
f 45 62 61
f 62 87 61
f 87 88 104
f 1084 517 1054
f 387 328 1064
f 2467 2497 2485
f 286 1363 302
f 205 189 162
f 290 140 289
f 214 234 224
f 393 399 809
f 315 1131 397
f 302 321 353
f 1164 169 391
f 427 459 442
f 217 496 467
f 217 168 496
f 978 969 2074
f 361 383 382
f 269 276 245
f 1440 11 305
f 62 88 87
f 328 1066 1064
f 1066 1165 1164
f 242 287 302
f 1363 242 302
f 287 321 302
f 1179 249 1187
f 983 1020 1004
f 464 747 481
f 788 323 276
f 269 245 246
f 88 89 1325
f 171 172 242
f 360 353 321
f 360 1354 353
f 1057 1064 1164
f 2184 2188 2183
f 460 459 451
f 460 467 459
f 149 168 217
f 149 136 168
f 116 129 122
f 109 124 77
f 159 167 148
f 28 42 41
f 57 88 62
f 45 57 62
f 1336 1325 89
f 89 72 1336
f 147 172 171
f 172 258 242
f 258 257 242
f 257 287 242
f 257 321 287
f 345 360 321
f 360 381 1354
f 1069 938 1655
f 387 473 249
f 270 217 467
f 130 136 149
f 851 847 829
f 983 987 975
f 189 177 142
f 88 72 89
f 184 258 172
f 257 288 321
f 1265 451 459
f 270 149 217
f 226 225 174
f 27 28 41
f 109 125 124
f 547 57 45
f 57 58 88
f 88 58 72
f 2476 2484 2458
f 147 184 172
f 184 213 258
f 258 243 257
f 243 288 257
f 345 321 288
f 391 169 7
f 468 460 451
f 468 488 460
f 270 467 460
f 488 270 460
f 1206 136 130
f 481 793 150
f 143 205 162
f 142 119 124
f 58 90 72
f 90 128 72
f 147 173 184
f 173 213 184
f 213 233 258
f 258 233 243
f 354 360 345
f 354 381 360
f 1026 991 307
f 268 312 259
f 1206 130 1080
f 116 105 73
f 139 148 166
f 275 312 268
f 188 401 187
f 2479 2459 2461
f 58 63 90
f 1064 1066 1164
f 1064 473 387
f 288 311 345
f 311 354 345
f 996 994 307
f 452 468 439
f 452 478 468
f 478 488 468
f 141 130 149
f 1564 1639 1563
f 547 41 57
f 2081 2107 2060
f 382 381 354
f 497 270 488
f 289 149 270
f 289 141 149
f 114 122 139
f 59 60 64
f 275 323 312
f 401 668 7
f 41 46 57
f 57 46 58
f 1459 1345 1269
f 1342 121 158
f 166 173 158
f 213 224 233
f 233 259 243
f 243 322 288
f 322 311 288
f 453 478 452
f 497 289 270
f 912 911 906
f 276 323 275
f 276 275 245
f 46 63 58
f 90 121 128
f 173 214 213
f 213 214 224
f 259 322 243
f 336 311 322
f 336 354 311
f 361 382 354
f 1043 439 1290
f 497 488 478
f 385 130 141
f 385 1080 130
f 144 190 143
f 535 41 547
f 121 166 158
f 335 336 322
f 354 336 361
f 2004 2481 1764
f 698 439 1043
f 289 140 141
f 923 1096 931
f 650 185 159
f 46 59 63
f 63 91 90
f 90 114 121
f 121 139 166
f 173 196 214
f 259 335 322
f 2478 2502 2434
f 312 337 336
f 90 91 114
f 114 139 121
f 166 196 173
f 224 234 233
f 234 259 233
f 259 312 335
f 1124 916 1189
f 542 541 530
f 462 479 290
f 269 783 276
f 813 567 641
f 276 783 788
f 82 1038 1333
f 816 701 703
f 672 137 603
f 625 635 624
f 2457 2439 1973
f 767 533 529
f 2468 1869 2480
f 662 190 639
f 711 720 719
f 630 639 614
f 161 654 638
f 781 991 982
f 1227 31 516
f 648 639 630
f 630 614 590
f 2098 544 1899
f 578 579 586
f 697 492 551
f 529 533 400
f 869 859 870
f 1732 924 914
f 1004 1027 991
f 801 591 603
f 636 676 651
f 876 949 965
f 2207 1789 1859
f 76 739 237
f 188 681 15
f 578 604 599
f 797 616 995
f 510 2035 1365
f 76 812 617
f 617 739 76
f 1468 93 1765
f 596 546 812
f 1457 1305 1477
f 760 197 150
f 671 773 765
f 586 609 604
f 591 700 632
f 476 2312 474
f 2084 2027 2489
f 582 590 571
f 1555 2449 1996
f 674 546 596
f 812 655 617
f 161 177 661
f 599 604 636
f 700 787 576
f 776 675 572
f 776 674 675
f 617 634 739
f 591 632 649
f 612 546 674
f 617 655 634
f 728 752 706
f 571 2311 2305
f 775 674 776
f 775 612 674
f 612 628 546
f 546 628 812
f 812 628 655
f 620 630 615
f 620 648 630
f 667 653 646
f 810 782 785
f 150 197 814
f 534 1517 2000
f 702 572 2378
f 748 776 572
f 655 613 634
f 911 917 905
f 648 679 662
f 727 771 713
f 750 807 799
f 639 190 144
f 662 679 200
f 702 748 572
f 775 776 748
f 628 718 655
f 626 658 645
f 791 778 790
f 612 811 628
f 613 514 634
f 1380 1756 1673
f 570 590 614
f 720 741 719
f 1074 795 835
f 614 639 144
f 612 775 811
f 718 735 655
f 655 735 613
f 798 338 788
f 636 652 676
f 571 590 555
f 528 730 687
f 690 702 2312
f 476 690 2312
f 811 718 628
f 721 778 727
f 748 702 690
f 735 686 613
f 1517 2002 2127
f 654 685 667
f 569 588 606
f 513 531 538
f 538 549 548
f 549 553 548
f 550 588 549
f 1903 869 870
f 691 775 748
f 691 600 775
f 600 811 775
f 811 563 718
f 563 736 718
f 718 736 735
f 736 647 735
f 735 647 686
f 686 745 613
f 745 514 613
f 569 606 605
f 654 667 638
f 851 857 847
f 588 569 549
f 690 691 748
f 680 514 745
f 2127 2002 2094
f 747 701 481
f 400 373 529
f 600 536 811
f 536 563 811
f 1306 227 1152
f 522 24 18
f 523 24 522
f 865 857 851
f 2031 2060 1540
f 767 701 747
f 618 652 609
f 652 636 609
f 573 22 710
f 642 699 730
f 1522 1518 2476
f 500 629 691
f 690 500 691
f 691 629 600
f 780 644 641
f 579 578 561
f 131 668 197
f 197 668 814
f 789 809 798
f 622 760 150
f 621 563 536
f 673 745 686
f 673 818 745
f 818 680 745
f 680 96 514
f 2495 2462 1028
f 1028 583 575
f 663 794 664
f 629 761 600
f 761 757 600
f 600 757 536
f 621 696 563
f 755 736 563
f 696 755 563
f 633 736 755
f 633 647 736
f 623 686 647
f 633 623 647
f 686 623 673
f 819 680 818
f 680 819 96
f 1729 1677 1096
f 2482 1899 2471
f 537 536 757
f 536 537 621
f 673 819 818
f 2428 222 230
f 25 24 523
f 25 557 24
f 38 25 19
f 710 22 272
f 663 759 794
f 1120 878 1195
f 537 696 621
f 696 633 755
f 822 2215 2220
f 97 96 1053
f 750 784 743
f 887 905 864
f 768 784 373
f 512 513 548
f 573 664 22
f 696 715 633
f 673 521 819
f 2454 2453 2445
f 883 887 847
f 306 812 76
f 642 528 759
f 798 809 235
f 994 792 998
f 587 626 586
f 1900 1918 1937
f 645 652 618
f 537 786 696
f 521 593 819
f 515 19 523
f 741 749 719
f 789 326 809
f 539 581 550
f 657 777 723
f 684 713 660
f 692 712 720
f 652 666 692
f 507 761 629
f 472 507 629
f 507 757 761
f 623 633 673
f 724 521 673
f 515 516 19
f 304 675 674
f 178 778 721
f 947 1447 2358
f 626 645 618
f 586 626 618
f 784 768 742
f 753 537 757
f 537 753 786
f 724 981 521
f 521 981 593
f 979 559 850
f 637 660 677
f 787 631 576
f 141 117 385
f 809 399 235
f 641 754 558
f 542 553 561
f 742 768 762
f 444 416 533
f 528 687 796
f 813 598 566
f 1490 1501 1557
f 753 757 507
f 786 715 696
f 633 724 673
f 2090 2062 2109
f 646 653 660
f 660 694 683
f 677 660 683
f 1872 839 838
f 1224 18 30
f 326 393 809
f 799 529 373
f 313 507 472
f 715 774 633
f 974 699 841
f 703 820 816
f 692 711 676
f 1014 355 766
f 875 752 1019
f 627 646 660
f 711 692 720
f 652 692 676
f 799 373 784
f 813 566 567
f 2462 2482 2475
f 764 644 780
f 1479 1924 1916
f 753 738 786
f 738 607 786
f 786 607 715
f 715 524 774
f 633 774 724
f 559 979 672
f 758 798 783
f 683 694 705
f 820 703 562
f 764 687 644
f 744 743 725
f 313 753 507
f 607 524 715
f 664 801 22
f 646 627 610
f 800 820 562
f 750 769 807
f 767 747 533
f 578 586 604
f 862 593 981
f 688 2382 1083
f 306 304 674
f 738 584 607
f 168 136 238
f 773 552 765
f 2473 2464 2458
f 773 793 552
f 626 619 658
f 1007 1139 1013
f 562 529 799
f 744 750 743
f 659 683 693
f 677 683 659
f 313 737 753
f 753 737 738
f 607 729 524
f 27 518 28
f 553 569 580
f 657 163 777
f 580 569 605
f 789 798 758
f 769 562 807
f 820 671 816
f 638 646 611
f 1074 598 644
f 750 799 784
f 1931 907 898
f 2483 2487 2461
f 737 584 738
f 1439 1438 1431
f 2098 1213 544
f 48 578 75
f 796 631 787
f 815 732 21
f 581 588 550
f 625 636 651
f 778 1011 810
f 693 705 725
f 693 683 705
f 236 1921 1966
f 584 729 607
f 2237 1866 2227
f 530 541 28
f 237 739 248
f 512 530 28
f 727 778 771
f 684 727 713
f 2237 2220 826
f 542 561 560
f 528 796 700
f 808 785 671
f 739 592 248
f 895 905 896
f 740 246 186
f 272 137 979
f 770 769 744
f 712 742 720
f 1213 2026 544
f 1888 1235 2438
f 555 554 2311
f 737 313 1192
f 1585 1612 1611
f 695 721 685
f 518 17 28
f 769 770 562
f 719 749 740
f 648 669 679
f 773 657 723
f 606 637 619
f 2072 2062 2042
f 606 619 626
f 549 569 553
f 161 638 611
f 910 917 942
f 917 1103 942
f 991 1026 992
f 979 137 672
f 785 163 657
f 710 2488 2472
f 611 581 119
f 808 671 820
f 1820 1900 1870
f 759 700 591
f 637 677 619
f 2494 2490 2463
f 671 765 816
f 687 764 780
f 1019 992 1026
f 1726 1719 987
f 713 771 694
f 51 2355 78
f 510 526 525
f 525 526 1249
f 526 33 1249
f 2311 554 2335
f 827 848 840
f 603 591 649
f 758 269 740
f 1595 1612 1586
f 1694 1048 1699
f 682 740 186
f 22 801 603
f 555 570 554
f 1053 110 97
f 615 582 601
f 814 668 188
f 725 705 744
f 528 700 759
f 640 648 620
f 703 701 562
f 886 892 582
f 631 731 576
f 1087 1835 1747
f 882 864 895
f 956 950 1103
f 1502 2500 2470
f 205 190 200
f 815 878 616
f 616 878 995
f 1183 878 815
f 1601 1827 881
f 527 535 526
f 2184 2183 2175
f 1142 1125 1133
f 235 338 798
f 160 339 792
f 599 92 75
f 598 1116 566
f 631 558 731
f 771 770 744
f 730 528 642
f 841 699 642
f 668 401 188
f 510 527 526
f 749 758 740
f 706 721 695
f 694 726 705
f 694 744 726
f 906 911 905
f 661 695 161
f 708 815 616
f 535 547 33
f 794 759 591
f 778 808 790
f 269 758 783
f 771 744 694
f 800 808 820
f 571 886 582
f 854 948 1010
f 906 905 887
f 625 651 635
f 2000 1226 534
f 2140 1504 2016
f 601 620 615
f 620 601 640
f 648 640 669
f 698 452 439
f 671 785 657
f 1561 2356 545
f 685 653 667
f 685 727 684
f 568 616 797
f 708 732 815
f 93 229 339
f 865 851 839
f 942 1103 950
f 589 614 125
f 606 610 627
f 951 834 873
f 92 599 625
f 1878 830 1902
f 2482 2098 1899
f 568 708 616
f 708 551 732
f 2434 2487 2483
f 160 964 665
f 2316 2391 2309
f 762 758 749
f 570 614 589
f 888 897 883
f 2000 1517 1388
f 685 721 727
f 588 610 606
f 653 685 684
f 651 650 635
f 760 1151 6
f 793 622 150
f 651 676 650
f 744 769 750
f 541 542 560
f 476 500 690
f 473 1064 1057
f 561 578 560
f 636 625 599
f 876 995 949
f 829 856 846
f 682 704 740
f 791 790 770
f 2466 2500 2460
f 579 587 586
f 1352 1208 1095
f 1684 1479 1916
f 604 609 636
f 751 721 706
f 810 608 782
f 672 603 649
f 475 447 476
f 794 591 801
f 682 186 650
f 808 800 790
f 644 598 813
f 704 719 740
f 1011 608 810
f 1192 584 737
f 687 780 796
f 2337 474 2312
f 638 667 646
f 706 1186 728
f 733 575 568
f 595 551 708
f 595 540 551
f 1308 501 1852
f 665 339 160
f 527 2447 535
f 558 9 731
f 723 793 773
f 660 713 694
f 693 725 666
f 562 767 529
f 550 538 531
f 2267 2287 2233
f 996 964 160
f 2068 2470 2466
f 704 711 719
f 741 762 749
f 605 606 626
f 548 542 530
f 995 878 709
f 1898 1684 1916
f 778 791 771
f 782 163 785
f 789 758 762
f 857 883 847
f 733 970 1028
f 838 829 825
f 2447 511 535
f 22 603 137
f 705 726 744
f 605 587 580
f 512 548 530
f 743 784 742
f 790 800 770
f 778 810 808
f 1014 998 355
f 708 568 595
f 656 697 551
f 540 656 551
f 143 125 614
f 1000 1020 983
f 778 178 1011
f 676 704 682
f 637 627 660
f 606 627 637
f 701 552 481
f 808 810 785
f 590 570 555
f 716 595 568
f 2355 2335 554
f 912 1729 911
f 1076 1456 1546
f 697 68 492
f 676 711 704
f 839 851 838
f 1028 575 733
f 1020 844 982
f 716 568 575
f 844 781 982
f 1238 2156 2034
f 553 580 561
f 580 579 561
f 452 461 453
f 560 578 48
f 564 540 595
f 632 656 540
f 564 632 540
f 75 578 599
f 518 27 535
f 511 518 535
f 783 798 788
f 642 759 663
f 720 742 741
f 605 626 587
f 580 587 579
f 725 712 666
f 562 701 767
f 1729 923 911
f 712 743 742
f 619 677 658
f 161 695 654
f 770 800 562
f 2084 2489 2472
f 575 559 716
f 716 564 595
f 654 695 685
f 843 855 2064
f 34 731 9
f 527 510 1973
f 723 622 793
f 992 1726 987
f 693 666 652
f 2472 853 573
f 624 159 148
f 671 657 773
f 681 188 498
f 797 970 733
f 565 656 632
f 565 697 656
f 565 731 697
f 1949 951 920
f 85 111 84
f 662 200 190
f 44 324 754
f 33 547 40
f 658 693 652
f 658 652 645
f 664 794 801
f 666 712 692
f 639 648 662
f 611 646 610
f 850 559 575
f 1447 2490 1106
f 1972 1955 1935
f 582 615 590
f 66 581 539
f 780 641 631
f 796 780 631
f 1049 1192 83
f 1348 13 1519
f 799 807 562
f 581 611 588
f 687 795 644
f 663 8 642
f 1936 1972 1935
f 650 676 682
f 615 630 590
f 730 795 687
f 742 762 741
f 548 553 542
f 1048 1692 1074
f 658 659 693
f 37 52 30
f 611 610 588
f 649 632 564
f 565 576 731
f 2138 922 1058
f 1204 854 965
f 725 743 712
f 644 813 641
f 660 653 684
f 771 791 770
f 644 795 1074
f 469 480 681
f 559 672 564
f 716 559 564
f 672 649 564
f 2161 1378 2171
f 474 475 476
f 816 765 701
f 765 552 701
f 513 538 548
f 754 324 107
f 609 586 618
f 25 523 19
f 677 659 658
f 689 452 698
f 1334 1115 1353
f 700 565 632
f 700 576 565
f 481 552 793
f 763 901 2458
f 550 549 538
f 781 964 996
f 1596 1634 1595
f 198 916 1124
f 198 1124 341
f 842 973 1025
f 842 1025 836
f 1009 1024 934
f 573 710 2472
f 1100 971 1002
f 1501 1081 1557
f 1225 1219 955
f 413 2138 284
f 955 1630 522
f 341 1124 301
f 2333 2376 2350
f 1107 218 284
f 398 925 1513
f 1513 1442 1495
f 1935 1455 1744
f 1723 1935 1744
f 825 1872 838
f 1495 1442 1496
f 963 1024 1009
f 1511 1514 966
f 1775 1729 912
f 688 262 1067
f 714 1007 1512
f 919 1732 914
f 2319 2331 2304
f 2400 2407 2391
f 1674 2164 1780
f 843 927 899
f 1660 988 1188
f 1067 262 1640
f 1381 1109 1483
f 1437 1381 1483
f 2495 1010 948
f 1514 1289 1313
f 899 374 961
f 1438 1430 1422
f 1634 1095 1632
f 2487 973 2461
f 1003 499 874
f 849 848 827
f 1430 1462 1453
f 2496 2084 2471
f 909 10 980
f 730 927 835
f 2031 1540 1536
f 831 849 2178
f 881 834 951
f 1841 1722 1803
f 1005 670 1020
f 1021 670 1005
f 1869 2059 2467
f 903 902 1939
f 2476 2502 1651
f 853 8 573
f 1850 831 2178
f 934 746 247
f 934 65 746
f 301 285 1077
f 968 944 977
f 970 2495 1028
f 974 2465 374
f 899 927 374
f 1882 1898 1916
f 1613 1634 1596
f 909 833 1396
f 2492 247 1003
f 919 914 1931
f 1459 1299 1458
f 1634 1632 1633
f 844 670 228
f 2494 2497 2467
f 901 973 2487
f 228 1772 734
f 1701 1709 1666
f 963 574 1024
f 847 864 856
f 1730 1736 2239
f 870 859 848
f 2074 2111 2103
f 1140 1590 1483
f 927 730 974
f 2103 978 2074
f 756 1745 1718
f 848 859 840
f 1296 1482 1320
f 2331 51 66
f 1067 988 962
f 1396 833 1445
f 1001 1005 1000
f 901 1009 973
f 1099 1077 817
f 933 944 936
f 952 958 1828
f 988 1660 986
f 833 1067 1445
f 1067 1640 988
f 218 413 284
f 1843 180 347
f 1846 1708 1798
f 2469 2477 855
f 1006 1021 1005
f 381 382 250
f 2369 828 531
f 968 977 1001
f 2460 1949 779
f 1194 1441 1115
f 1001 1000 968
f 756 678 1745
f 963 1009 901
f 2471 2084 2472
f 841 642 8
f 982 991 1027
f 670 844 1020
f 1289 1514 945
f 869 904 890
f 1161 1115 1639
f 823 2178 849
f 746 12 499
f 263 428 2366
f 1685 1075 1692
f 1002 926 806
f 1799 1755 216
f 944 968 993
f 943 944 993
f 31 38 19
f 531 828 550
f 1501 1078 1081
f 1921 1149 431
f 936 943 932
f 1660 1489 1412
f 301 980 285
f 903 918 902
f 869 890 868
f 890 903 867
f 1003 746 499
f 951 1949 2500
f 990 841 853
f 1595 1634 1611
f 374 927 974
f 836 1025 247
f 1653 1652 1638
f 1303 1545 1142
f 1616 1631 1638
f 1629 1546 1628
f 936 932 913
f 513 506 531
f 868 890 867
f 2330 2369 2353
f 924 918 914
f 907 914 904
f 1258 1421 1267
f 301 939 980
f 1472 1482 1296
f 868 867 859
f 472 491 313
f 272 519 2488
f 1471 1472 1296
f 1025 934 247
f 1634 1633 1611
f 2176 1847 2177
f 1310 1289 806
f 924 933 918
f 1969 1968 902
f 2107 2128 2118
f 1428 1436 1287
f 1139 1564 1617
f 2378 572 2384
f 853 841 8
f 2501 961 2465
f 1221 1240 1408
f 1069 1578 1627
f 1006 1005 1001
f 1617 1564 1578
f 828 539 550
f 1791 2168 2160
f 1829 1718 1739
f 1968 1939 902
f 756 1718 665
f 1998 2000 1388
f 2451 545 2356
f 178 997 1011
f 1275 325 1270
f 1709 872 1666
f 2176 1959 1847
f 944 943 936
f 2424 518 511
f 1445 1067 962
f 2007 952 1828
f 2052 2061 2081
f 828 2303 539
f 835 1699 1048
f 1709 1706 872
f 885 574 963
f 1318 1296 1320
f 859 867 1902
f 1452 1448 1421
f 943 993 976
f 993 1000 983
f 854 1010 876
f 988 986 962
f 2031 2052 2081
f 924 1732 1828
f 965 949 1060
f 781 228 734
f 1718 1765 665
f 943 976 932
f 1680 1794 1783
f 1448 1471 1276
f 1276 1267 1421
f 1931 914 907
f 991 781 996
f 1276 1421 1448
f 10 909 1396
f 831 860 849
f 1523 1762 1774
f 924 1828 937
f 307 994 1014
f 946 963 901
f 978 2103 977
f 977 1006 1001
f 1007 1161 1639
f 1639 1294 1437
f 885 1032 574
f 1294 1381 1437
f 733 568 797
f 792 229 1112
f 119 581 108
f 843 835 927
f 1889 860 831
f 2211 2216 2204
f 2400 2431 2422
f 2103 1006 977
f 840 1902 830
f 827 840 830
f 827 830 822
f 1003 874 2492
f 1432 1439 1431
f 781 734 964
f 1937 1936 1723
f 918 913 902
f 958 977 944
f 1850 2178 2177
f 1005 1020 1000
f 991 996 307
f 1396 1445 340
f 2179 1763 889
f 939 909 980
f 1828 958 937
f 978 977 958
f 1590 1571 1563
f 779 1949 920
f 1551 1362 1573
f 2103 2142 1006
f 920 885 963
f 946 920 963
f 1584 1616 1583
f 1453 1472 1452
f 1647 1617 1578
f 1578 1564 1627
f 1628 938 1069
f 869 868 859
f 993 983 976
f 912 1762 1775
f 752 751 706
f 1628 1546 938
f 844 228 781
f 840 859 1902
f 898 907 904
f 1025 973 1009
f 663 664 573
f 763 946 901
f 898 904 869
f 2172 889 1763
f 1128 926 971
f 860 848 849
f 904 903 890
f 2486 2459 2479
f 577 782 608
f 933 936 918
f 2177 1847 1851
f 665 1765 339
f 937 958 944
f 894 981 724
f 968 1000 993
f 2192 2195 2205
f 1652 1099 817
f 997 608 1011
f 997 577 608
f 577 163 782
f 1112 998 792
f 2177 1851 1850
f 1257 1421 1258
f 951 873 920
f 822 830 2215
f 1899 2496 2471
f 1773 1668 1558
f 904 914 903
f 932 1671 913
f 873 885 920
f 1013 1617 1647
f 873 1032 885
f 894 862 981
f 2469 855 961
f 913 1671 1969
f 2477 2064 855
f 918 936 913
f 860 870 848
f 937 944 933
f 1501 1013 1647
f 824 178 751
f 824 997 178
f 824 577 997
f 643 163 577
f 863 856 882
f 2128 2153 2134
f 722 774 880
f 722 894 774
f 864 905 895
f 850 575 583
f 914 918 903
f 924 937 933
f 1501 717 1013
f 1587 1324 928
f 717 1512 1013
f 602 577 824
f 766 643 577
f 894 709 862
f 709 878 862
f 976 975 932
f 1324 1596 928
f 880 524 1060
f 2434 2459 2499
f 1324 1613 1596
f 752 824 751
f 602 766 577
f 1014 602 594
f 1387 1226 2152
f 2153 1387 2152
f 669 930 950
f 1710 1694 1699
f 768 326 762
f 582 892 601
f 974 990 2465
f 624 116 625
f 835 795 730
f 2458 2484 763
f 989 602 824
f 2064 2477 1710
f 976 983 975
f 949 722 880
f 996 160 994
f 2305 863 556
f 556 863 886
f 601 910 640
f 2264 825 829
f 989 824 752
f 856 864 882
f 1595 1586 2381
f 1627 1629 1628
f 2174 2180 2173
f 2128 2134 2118
f 137 272 22
f 949 880 1060
f 995 894 722
f 894 995 709
f 894 724 774
f 886 895 892
f 640 910 930
f 871 870 860
f 846 856 863
f 1026 875 1019
f 838 851 829
f 1024 1171 934
f 36 189 205
f 863 882 886
f 886 882 895
f 875 1026 594
f 52 1459 1269
f 896 917 910
f 1025 1009 934
f 949 995 722
f 2152 1226 1636
f 895 896 892
f 892 910 601
f 942 950 930
f 875 989 752
f 594 602 989
f 766 355 643
f 355 260 643
f 905 917 896
f 965 1060 1162
f 892 896 910
f 1101 1052 1042
f 1029 1031 834
f 1101 1133 1118
f 342 357 376
f 516 515 2454
f 1656 2494 2467
f 1056 1303 1133
f 1120 1130 862
f 69 342 376
f 1055 1056 1133
f 499 69 165
f 85 101 111
f 1031 1032 834
f 200 679 1166
f 1031 1042 1032
f 1171 65 934
f 1822 1204 1177
f 1096 956 1103
f 514 96 97
f 956 1145 1144
f 1185 1166 1144
f 1145 1185 1144
f 1185 200 1166
f 375 132 1041
f 1153 1202 305
f 32 1244 1249
f 1096 1087 956
f 554 78 2355
f 1191 138 110
f 65 35 432
f 1087 1110 956
f 1110 1146 956
f 956 1146 1145
f 1146 1156 1145
f 1145 1156 1185
f 950 956 1144
f 2481 2495 948
f 1156 1193 1185
f 1050 1047 1051
f 239 151 107
f 1185 1193 36
f 1747 1110 1087
f 1134 1146 1110
f 1146 1157 1156
f 1156 1157 1193
f 1041 1045 1034
f 1397 1134 1110
f 1157 1146 1134
f 1157 1175 1193
f 1193 199 36
f 1090 1035 1196
f 1456 1150 1051
f 1175 199 1193
f 1186 695 199
f 1186 199 1175
f 1175 1157 1134
f 728 1186 1175
f 197 760 6
f 1130 593 862
f 1167 1109 182
f 1194 1115 1161
f 2140 1928 1504
f 921 922 2138
f 1147 1134 1397
f 1719 1147 1397
f 1147 1175 1134
f 1175 1147 728
f 341 1654 1208
f 754 151 9
f 284 2138 1058
f 1188 1557 1660
f 1191 110 1053
f 916 284 1189
f 284 1058 1189
f 2094 1465 2127
f 1726 1019 1147
f 1147 1019 728
f 593 1130 96
f 239 305 1038
f 1036 1131 315
f 397 1131 1120
f 1053 96 1130
f 2467 2485 1869
f 517 1089 421
f 834 1827 1029
f 419 1047 1117
f 1034 433 1306
f 2239 1862 1730
f 1453 1462 1472
f 1408 1422 1399
f 471 23 1111
f 1205 1150 1456
f 1205 1040 1150
f 1131 1036 293
f 293 1068 1044
f 375 1041 138
f 1205 1140 1046
f 1040 1205 1046
f 1140 1167 1046
f 1104 1049 83
f 1052 1085 1032
f 1044 1068 1191
f 1167 1483 1109
f 208 1084 1035
f 1040 132 375
f 1834 20 3
f 1050 1051 1070
f 1133 1125 1174
f 11 1440 1401
f 420 208 1071
f 1135 1079 1094
f 1086 1101 1118
f 1029 1030 1031
f 1200 1061 294
f 1191 1068 138
f 1171 1141 65
f 1141 1172 65
f 1172 35 65
f 1172 404 35
f 404 99 35
f 221 1104 1063
f 802 398 1083
f 20 1089 3
f 2064 1699 835
f 1042 1052 1032
f 1433 1261 1432
f 1323 2338 155
f 1076 1205 1456
f 1088 1402 1056
f 1150 348 1070
f 1200 1089 20
f 1097 1162 100
f 1032 873 834
f 21 471 1111
f 294 1097 1104
f 1072 100 584
f 1151 760 622
f 132 1045 1041
f 1050 1070 1135
f 1088 1039 940
f 650 159 635
f 100 1170 729
f 729 584 100
f 1103 931 1096
f 925 1443 1513
f 138 1102 110
f 1034 1306 1152
f 1071 1035 1090
f 100 1072 1097
f 23 1158 315
f 1068 375 138
f 1586 1612 1585
f 1819 1030 1029
f 1041 1034 1102
f 232 375 1068
f 348 1079 1070
f 1061 1097 294
f 1513 1443 1442
f 1200 294 1119
f 376 1050 1062
f 1094 1036 315
f 1200 1119 1089
f 1111 1183 21
f 1044 1191 1053
f 698 295 689
f 1079 232 1036
f 404 1117 99
f 1495 1496 717
f 1119 294 98
f 3 1089 517
f 1132 1063 83
f 1132 83 175
f 132 1046 182
f 1111 1195 1183
f 1131 1044 1037
f 127 402 1804
f 219 1272 1047
f 1697 1135 1094
f 2140 1854 2117
f 1111 397 1195
f 1177 1162 1097
f 1061 1177 1097
f 717 1509 714
f 2 1300 433
f 462 290 461
f 98 294 221
f 294 1104 221
f 714 1161 1007
f 1073 1152 1143
f 1697 1094 1360
f 1223 1423 1218
f 836 2479 842
f 1097 1072 1049
f 348 1040 375
f 3 517 316
f 180 1061 1201
f 348 375 232
f 1432 1431 1415
f 220 1513 1495
f 1104 1097 1049
f 306 674 596
f 777 455 723
f 2170 2151 1641
f 1047 419 219
f 1102 1034 1073
f 1073 1034 1152
f 1035 1054 1196
f 1177 1204 1162
f 746 65 12
f 751 178 721
f 1054 517 421
f 1051 1150 1070
f 1102 1073 110
f 998 1136 355
f 567 566 1163
f 1111 315 397
f 1048 1074 835
f 1158 1094 315
f 1374 1107 1252
f 1112 1136 998
f 472 629 500
f 355 1136 260
f 260 118 43
f 1104 83 1063
f 376 357 1050
f 1463 1142 1545
f 1036 232 293
f 1030 1042 1031
f 1079 348 232
f 221 1063 1132
f 1094 1079 1036
f 1076 1629 1205
f 1136 1197 260
f 260 1197 118
f 1204 965 1162
f 293 232 1068
f 1590 1205 1629
f 1205 1590 1140
f 250 382 392
f 1296 1318 1311
f 347 1201 20
f 1201 1200 20
f 132 182 1045
f 1101 1086 1052
f 1033 1039 1055
f 138 1041 1102
f 970 1010 2495
f 455 777 43
f 1992 1948 2023
f 20 1834 347
f 1072 584 1049
f 584 1192 1049
f 182 2 1045
f 1163 324 44
f 1360 1094 1158
f 1450 1360 1158
f 1091 1112 229
f 509 723 455
f 207 509 455
f 1251 1257 1266
f 1488 1489 1547
f 2157 1541 1875
f 305 107 324
f 1045 2 433
f 1070 1079 1135
f 1136 1168 1197
f 1197 359 118
f 118 359 43
f 359 356 43
f 356 455 43
f 356 207 455
f 1240 1422 1408
f 1163 1153 324
f 1201 1061 1200
f 1052 1086 1085
f 1024 1141 1171
f 1112 1105 1136
f 1050 1135 1062
f 1105 1168 1136
f 1168 1178 1197
f 1197 1178 359
f 1173 404 1172
f 465 356 359
f 1174 1125 240
f 1240 1431 1422
f 1098 1113 1105
f 1112 1098 1105
f 1105 1178 1168
f 1178 465 359
f 1091 1098 1112
f 1133 1174 1118
f 98 221 1059
f 487 1132 175
f 980 1017 285
f 465 207 356
f 180 1201 347
f 1060 524 1170
f 445 127 316
f 1431 1438 1422
f 498 469 681
f 940 1807 1759
f 381 250 1290
f 1113 1122 1105
f 1105 1122 1178
f 1151 509 207
f 1236 2035 525
f 1131 293 1044
f 346 207 465
f 346 1151 207
f 1822 1796 1204
f 1143 204 97
f 123 1128 971
f 2153 2152 2134
f 126 1151 346
f 517 445 316
f 1450 1158 23
f 1458 1462 1430
f 1129 152 1182
f 1122 1159 1178
f 1178 1198 465
f 79 346 465
f 126 1155 1151
f 1151 1155 6
f 295 1129 689
f 1073 1143 97
f 1098 1123 1113
f 1113 1123 1122
f 1123 1169 1122
f 1178 1159 1198
f 1198 79 465
f 392 383 152
f 1822 1061 180
f 116 92 625
f 421 1089 1119
f 1129 295 152
f 110 1073 97
f 1173 1172 1141
f 1122 1169 1159
f 79 126 346
f 1155 181 6
f 971 926 1002
f 295 1043 152
f 1039 1088 1056
f 1428 1266 1436
f 404 419 1117
f 836 879 2479
f 2464 2476 2458
f 1198 317 79
f 1124 939 301
f 44 754 567
f 1039 1056 1055
f 1439 1459 1458
f 1660 1412 986
f 1169 1160 1159
f 179 1155 126
f 1155 131 181
f 1061 1822 1177
f 1153 305 324
f 175 314 327
f 1160 1187 1159
f 1159 1187 1198
f 1198 1187 317
f 79 179 126
f 1043 250 392
f 152 1043 392
f 96 819 593
f 1123 1127 1169
f 317 179 79
f 1057 1155 179
f 1155 391 131
f 131 391 668
f 2381 1586 1585
f 12 69 499
f 262 398 1640
f 2107 2118 2060
f 2130 2094 2002
f 1187 249 317
f 1155 1057 391
f 1290 439 1265
f 305 239 107
f 1127 1160 1169
f 317 473 179
f 473 1057 179
f 83 1192 314
f 1043 1290 250
f 1807 940 1030
f 517 1084 445
f 1057 1164 391
f 2492 2480 2493
f 163 643 43
f 1056 1545 1303
f 1069 1655 1023
f 249 473 317
f 1162 1060 1170
f 1086 1118 1154
f 82 68 16
f 1989 1990 1536
f 1633 1632 1611
f 1487 2372 1305
f 1494 1069 1023
f 1137 1160 1127
f 669 1166 679
f 390 1285 426
f 1955 1972 1971
f 1219 1223 2437
f 1254 1261 1223
f 1319 1545 1056
f 1320 1328 2443
f 1261 1433 1223
f 1219 1254 1223
f 254 222 2428
f 1237 1290 1265
f 1284 1273 1263
f 1277 1291 1301
f 1314 102 1301
f 1280 363 377
f 1313 1353 1514
f 468 451 439
f 1918 1964 1956
f 2026 29 2140
f 1354 381 1279
f 1224 30 1254
f 147 158 173
f 1247 1253 274
f 1271 380 334
f 2043 2072 2042
f 274 300 267
f 1356 1392 211
f 13 240 1142
f 1382 1330 1392
f 1312 1323 155
f 240 1125 1142
f 2358 1573 1362
f 1236 1249 1244
f 1272 219 1348
f 1271 1274 380
f 191 2034 1982
f 1992 2052 1990
f 462 452 689
f 2262 2286 2261
f 183 489 1642
f 2485 2480 1869
f 84 111 1323
f 1190 353 1354
f 446 434 435
f 1336 171 1341
f 2021 430 2059
f 862 878 1120
f 1263 1273 1248
f 1966 1921 2144
f 1312 84 1323
f 240 13 1348
f 1359 1274 1271
f 1392 1330 1247
f 1520 1333 11
f 1368 1253 1247
f 1279 1285 1190
f 2465 990 2489
f 1272 1519 805
f 1369 1272 805
f 1317 95 1344
f 1242 1248 1234
f 1368 242 1363
f 274 1262 1386
f 532 597 1886
f 2117 2026 2140
f 1392 1247 274
f 2162 508 985
f 1964 1469 1965
f 1315 104 1331
f 1392 1356 1382
f 128 1342 1336
f 1285 427 426
f 1219 1224 1254
f 1320 1322 1321
f 1320 1321 1328
f 153 2443 1328
f 1321 153 1328
f 1235 1244 1243
f 1225 1224 1219
f 1359 353 1190
f 1312 1473 1458
f 1336 1342 147
f 305 1333 1038
f 1336 147 171
f 516 31 19
f 2479 2461 842
f 1237 1265 427
f 1263 1278 1284
f 881 1827 834
f 1237 427 1285
f 1299 1312 1458
f 1190 1285 1274
f 1363 286 1253
f 2330 2303 828
f 427 442 426
f 2493 2463 2492
f 1285 380 1274
f 522 18 1225
f 2471 2472 2488
f 2338 154 1321
f 1423 1415 1218
f 1225 18 1224
f 1253 286 1262
f 286 353 1359
f 171 1368 1383
f 1273 54 1234
f 1973 2447 527
f 1322 155 1321
f 1203 1369 1413
f 1307 363 1298
f 1364 1375 1329
f 1329 227 1306
f 296 1298 1343
f 947 2499 1447
f 1203 1047 1272
f 1098 1748 1123
f 1519 1272 1348
f 1277 70 1273
f 1282 1337 1361
f 286 302 353
f 103 104 1315
f 1377 435 434
f 1449 1261 1345
f 926 1310 806
f 1263 1248 1242
f 985 508 597
f 1415 1222 1218
f 88 1325 104
f 170 111 156
f 1384 1282 1361
f 274 1253 1262
f 1371 1317 1344
f 1371 1366 1337
f 1345 1459 1449
f 171 1383 1341
f 2438 1235 1227
f 2134 1582 2118
f 428 1260 1379
f 1336 1341 1325
f 1235 1242 1227
f 1228 1687 2284
f 1854 2140 2016
f 1866 1887 1873
f 1343 1298 1370
f 1384 1361 2440
f 171 242 1368
f 1344 1309 1366
f 1371 1344 1366
f 1280 1377 1293
f 200 1185 205
f 1330 1383 1368
f 1255 1264 1263
f 543 1367 1876
f 1343 1370 1260
f 1293 1326 1370
f 2440 1361 1302
f 1282 1384 2406
f 271 1337 1282
f 170 2338 1323
f 1528 1503 2470
f 515 1347 2453
f 1997 1705 1998
f 2285 1228 2284
f 1229 1250 1228
f 1330 1368 1247
f 1919 1619 2045
f 1344 1364 1335
f 1222 1240 1221
f 1212 858 1741
f 2388 1222 1221
f 1528 2470 2068
f 501 1308 2171
f 1295 1311 1487
f 2116 1619 1655
f 1220 1229 1228
f 8 663 573
f 1343 1260 428
f 1337 1366 1361
f 1298 1280 1293
f 1269 1345 1261
f 1279 381 1290
f 1230 1229 1220
f 1230 1245 1229
f 1245 1250 1229
f 1227 1234 31
f 1302 1361 1350
f 1245 1266 1428
f 1992 2023 2052
f 2482 2471 2475
f 452 462 461
f 271 1282 1275
f 1991 1989 1934
f 1366 1309 1350
f 1344 1335 1309
f 730 699 974
f 1374 1252 1208
f 597 508 1912
f 1363 1253 1368
f 1386 1271 300
f 1211 1218 1222
f 1376 1377 434
f 2399 2437 1211
f 1284 1291 1277
f 1230 1251 1245
f 1251 1266 1245
f 1317 1371 1337
f 1288 1286 1095
f 1095 1286 1352
f 1241 1208 1352
f 1241 1374 1208
f 1284 1278 1291
f 211 1392 267
f 1344 1375 1364
f 929 583 1028
f 1361 1366 1350
f 1115 1294 1639
f 1291 103 1301
f 1220 1231 1230
f 1231 1251 1230
f 1234 1248 1273
f 1255 55 1264
f 1360 1450 1702
f 363 1280 1298
f 1369 1203 1272
f 1415 1240 1222
f 1216 1231 1220
f 1243 1263 1235
f 1375 227 1329
f 1264 1278 1263
f 855 899 961
f 1286 1241 1352
f 2081 2128 2107
f 1223 1433 1423
f 1473 1312 155
f 154 153 1321
f 1377 1376 1293
f 1392 274 267
f 334 300 1271
f 1955 1991 1934
f 1613 1327 1288
f 1327 1286 1288
f 1349 1374 1241
f 2370 2025 2367
f 1315 1331 133
f 434 446 1256
f 1232 1251 1231
f 1243 1244 1255
f 1286 1304 1241
f 1349 1107 1374
f 1359 1271 1386
f 1227 516 2431
f 219 240 1348
f 1270 271 1275
f 1255 1263 1243
f 2026 1926 29
f 1683 2157 1212
f 1326 1293 1376
f 1255 32 55
f 104 1325 1341
f 519 2462 2475
f 2154 2161 2137
f 1376 434 1246
f 1246 434 1256
f 1257 1251 1232
f 1262 1359 1386
f 2195 2192 2186
f 1308 534 1226
f 2026 2117 544
f 1327 1613 1324
f 1327 1326 1286
f 1286 1326 1304
f 104 1341 1331
f 774 524 880
f 837 1517 534
f 1127 1123 1567
f 1279 1237 1285
f 1297 1381 1294
f 1217 1232 1216
f 1142 1519 13
f 1436 1267 1287
f 1324 1372 1327
f 1304 1246 1241
f 1246 1349 1241
f 1246 1373 1349
f 286 1359 1262
f 1382 1383 1330
f 1284 1277 1273
f 489 1998 1799
f 1675 1116 1075
f 106 1317 1337
f 1311 1295 1281
f 1292 1364 1329
f 1335 1364 1292
f 1334 1294 1115
f 1334 1297 1294
f 1300 1381 1297
f 973 842 2461
f 1217 1239 1232
f 1232 1239 1257
f 1258 1267 1436
f 1359 1190 1274
f 1862 1405 1877
f 1372 1339 1327
f 1339 1326 1327
f 1373 1351 1349
f 1276 1311 1281
f 1256 2386 1351
f 2 1109 1300
f 482 1731 520
f 803 1604 2022
f 1223 1218 1211
f 1341 1383 1382
f 1298 1293 1370
f 1190 1354 1279
f 1324 2398 1372
f 1714 1700 2173
f 183 2000 489
f 1701 1666 192
f 1227 1242 1234
f 1332 1289 1310
f 1517 2005 2130
f 1331 1341 1382
f 525 1249 1236
f 23 1268 1450
f 1264 1291 1278
f 1281 1287 1267
f 1295 1305 1287
f 1281 1295 1287
f 1487 1305 1295
f 1605 2097 2058
f 1326 1376 1304
f 1304 1376 1246
f 1316 1919 1984
f 2500 1949 2460
f 1332 1313 1289
f 2189 2181 2177
f 1335 1334 1353
f 1292 1297 1334
f 1428 1250 1245
f 969 958 952
f 1217 1233 1239
f 1233 1257 1239
f 1876 1367 1338
f 1379 1260 1372
f 1372 1260 1339
f 1128 1302 1310
f 1310 1302 1332
f 1335 1353 1313
f 1292 1334 1335
f 1297 1329 1300
f 1279 1290 1237
f 1301 103 1314
f 70 1301 102
f 23 1333 1268
f 380 1285 390
f 772 325 1275
f 1314 103 1315
f 2473 2458 2487
f 1276 1281 1267
f 1344 95 1375
f 2053 1771 1572
f 1246 1256 1373
f 1373 1256 1351
f 1340 1302 1128
f 1350 1313 1332
f 1329 1297 1292
f 2434 2473 2487
f 106 1337 271
f 23 471 1333
f 622 723 509
f 1388 1517 2127
f 1991 1990 1989
f 183 1636 1226
f 2133 1605 2151
f 1260 1370 1339
f 1339 1370 1326
f 867 1894 1902
f 390 426 412
f 1235 1263 1242
f 1399 1422 1233
f 305 11 1333
f 1300 1329 1306
f 1302 1350 1332
f 1350 1309 1313
f 1309 1335 1313
f 2470 2102 1502
f 1787 1531 1599
f 1724 1725 1691
f 1827 1601 1927
f 1678 1358 1476
f 1823 1812 1846
f 1805 1824 1708
f 1746 1676 1797
f 325 2395 429
f 1835 1677 1826
f 1507 1790 1722
f 1526 1672 858
f 158 147 1342
f 1462 1473 1322
f 1474 1414 1565
f 1761 1900 1877
f 940 1759 1008
f 1565 1015 1008
f 1924 1533 1933
f 1878 826 830
f 1565 1414 1015
f 1402 1088 1008
f 1538 1532 1651
f 1015 1552 1008
f 1538 1591 1474
f 1532 1538 1474
f 1474 1591 1414
f 1484 1402 1008
f 1552 1484 1008
f 1414 1460 1015
f 1015 1460 1552
f 806 1289 945
f 1597 1538 1659
f 1484 1319 1402
f 1056 1402 1319
f 1538 1597 1591
f 1591 960 1414
f 1414 960 1460
f 1925 1466 1455
f 1552 1400 1484
f 1484 1400 1319
f 1400 113 1319
f 1597 1580 1591
f 1460 1400 1552
f 1514 1441 966
f 1597 1659 1409
f 1657 113 1400
f 1460 1657 1400
f 1288 1095 1634
f 1551 1597 1409
f 1580 1598 1591
f 1591 1598 960
f 1536 1990 2031
f 960 1657 1460
f 1809 1746 1797
f 1423 1433 1432
f 2478 1362 1409
f 1463 1545 113
f 1657 1463 113
f 1457 1287 1305
f 1682 1716 1746
f 1434 1761 1885
f 1013 1139 1617
f 2379 1362 2478
f 1420 1597 1551
f 1420 1580 1597
f 1664 1808 1712
f 2256 2250 2231
f 1362 1551 1409
f 2196 2214 2213
f 1691 1725 1777
f 1626 192 1666
f 1534 1574 2058
f 1574 1600 1605
f 1600 1606 1605
f 1606 1641 1605
f 1573 1420 1551
f 1657 1485 1463
f 678 1806 1742
f 1534 1553 1574
f 1574 1575 1600
f 1810 2170 585
f 1623 1641 1606
f 1407 1657 960
f 1598 1407 960
f 1485 1142 1463
f 1716 1581 1676
f 1738 1743 1733
f 843 2064 835
f 1539 1575 1574
f 1553 1539 1574
f 1575 1592 1600
f 1592 1624 1606
f 1600 1592 1606
f 1642 585 1641
f 1623 1642 1641
f 1485 164 1142
f 1738 1516 1743
f 1809 1720 1798
f 1533 1535 1534
f 1592 1607 1624
f 1624 1623 1606
f 1163 566 1116
f 1407 1485 1657
f 1432 1449 1439
f 1100 802 2382
f 1743 1516 1722
f 1746 1716 1676
f 1535 1539 1534
f 1534 1539 1553
f 1642 1623 1624
f 1095 1208 1654
f 967 1407 1598
f 1580 967 1598
f 1809 1797 1720
f 1924 1524 1535
f 1533 1924 1535
f 1539 1576 1575
f 1642 216 585
f 1407 1529 1485
f 1485 1529 164
f 1472 1462 1482
f 1415 1431 1240
f 966 1194 714
f 383 1182 152
f 474 2337 446
f 1743 1841 1757
f 1486 1524 1924
f 1535 1525 1539
f 1575 1576 1592
f 1420 967 1580
f 1288 1634 1613
f 459 427 1265
f 1404 2179 1393
f 1404 1403 1800
f 1404 1410 1403
f 1410 1749 1403
f 1349 1351 218
f 1486 1498 1524
f 1535 1524 1525
f 1607 1636 1624
f 183 1642 1624
f 1636 183 1624
f 1107 1349 218
f 1351 845 218
f 164 1519 1142
f 845 413 218
f 1525 1576 1539
f 1576 1582 1592
f 1592 2134 1607
f 2134 1636 1607
f 2147 1491 1401
f 1407 1589 1529
f 1529 1519 164
f 1693 1763 1444
f 1924 1479 1486
f 1592 1582 2134
f 499 165 874
f 2176 1857 1959
f 2327 2368 2326
f 2358 821 953
f 953 821 1573
f 1824 1704 1464
f 1731 1358 1678
f 1394 1410 1404
f 1394 1418 1410
f 1466 1479 1839
f 1486 1479 1498
f 1498 1525 1524
f 1576 2080 1582
f 1785 1684 1898
f 804 398 802
f 804 925 398
f 1447 1562 2358
f 2358 1562 821
f 821 1620 1573
f 1620 1420 1573
f 1420 1556 967
f 1393 1394 1404
f 1525 2080 1576
f 1621 1420 1620
f 1621 1556 1420
f 967 1589 1407
f 1505 5 1357
f 1266 1258 1436
f 1393 1395 1394
f 2176 2175 1848
f 1455 1466 1839
f 1525 1540 2080
f 1582 2080 2118
f 1100 804 802
f 1556 1589 967
f 1589 1082 1529
f 1093 1685 1357
f 1504 1093 1357
f 1425 1418 1394
f 1475 1479 1466
f 1479 1506 1498
f 1789 1784 1730
f 2501 2465 2489
f 1438 1458 1430
f 1462 1458 1473
f 1454 805 1529
f 1082 1454 1529
f 1529 805 1519
f 1425 1394 1395
f 1425 1744 1418
f 1479 1475 1506
f 1540 2060 2080
f 1556 1082 1589
f 1443 945 1511
f 1506 1536 1498
f 1498 1536 1525
f 1525 1536 1540
f 1670 852 1672
f 1998 1388 1389
f 1511 966 1509
f 1509 966 714
f 1442 1443 1496
f 1562 1635 821
f 155 1322 1473
f 1439 1458 1438
f 1426 1425 1395
f 1475 1499 1506
f 1735 1588 1776
f 2422 2454 2421
f 1423 1432 1415
f 1559 2101 2073
f 845 866 413
f 1429 1620 821
f 1620 1429 1621
f 1228 1250 1687
f 1002 945 1443
f 2382 802 1083
f 1859 1411 1395
f 1411 1426 1395
f 1426 1744 1425
f 1590 1437 1483
f 1480 1475 1466
f 1480 1499 1475
f 1510 1733 1743
f 1663 1696 1658
f 1430 1453 1452
f 1452 1472 1471
f 1452 1471 1448
f 1430 1452 1421
f 1430 1421 1422
f 1429 1082 1556
f 1621 1429 1556
f 1351 2386 845
f 1126 1059 487
f 1639 1437 1563
f 1504 1928 1093
f 1499 1536 1506
f 1588 1770 1727
f 1110 1747 1397
f 1776 1588 1531
f 1322 1320 1482
f 1590 1629 1571
f 1730 1877 1838
f 1429 935 1082
f 1082 935 1454
f 804 1443 925
f 1139 1007 1639
f 1925 1480 1466
f 1934 1989 1480
f 1499 1989 1536
f 1727 1526 1531
f 1593 1614 502
f 2455 2431 2400
f 1755 1680 908
f 1563 1571 1564
f 1647 1078 1501
f 2490 1635 1106
f 1496 1511 717
f 2454 2431 516
f 1478 1153 1093
f 1870 1426 1411
f 1426 1723 1744
f 962 986 1412
f 717 1511 1509
f 1825 1704 1824
f 2225 2234 2253
f 1490 1557 1188
f 1635 80 821
f 805 1454 935
f 1186 706 695
f 1194 1161 714
f 1512 1007 1013
f 592 97 204
f 1258 1266 1257
f 82 1333 471
f 1694 1710 1505
f 1643 490 1661
f 1661 490 1114
f 1518 2068 2484
f 1750 1808 1664
f 1656 1635 2490
f 935 1521 805
f 1546 1629 1076
f 1301 70 1277
f 966 1441 1194
f 1148 1825 1824
f 1614 1609 1643
f 1114 1092 1921
f 1770 1739 1670
f 1631 1632 1646
f 821 1016 1429
f 1429 1016 935
f 1632 1095 1654
f 1083 262 688
f 1724 1686 1725
f 1644 490 1643
f 1092 1149 1921
f 3 893 1832
f 988 1640 1188
f 916 1107 284
f 1656 80 1635
f 1016 821 80
f 1016 1521 935
f 1478 1202 1153
f 1401 1928 29
f 1440 1478 1928
f 1849 1700 1865
f 1595 1611 1612
f 1208 198 341
f 1464 1704 1746
f 2143 984 1721
f 1848 1849 1868
f 1662 1114 490
f 1669 1787 1682
f 1656 1618 80
f 198 1208 916
f 1440 1928 1401
f 1521 1369 805
f 1252 1107 916
f 1745 678 1672
f 1703 1779 1721
f 1750 1465 1808
f 1609 1644 1643
f 1092 1114 1662
f 1826 1523 1793
f 2262 2261 2224
f 1696 2166 1767
f 1016 1648 1521
f 1208 1252 916
f 833 688 1067
f 1794 1803 1558
f 28 17 512
f 1750 861 1566
f 1594 1644 1609
f 1644 1645 490
f 490 1645 1662
f 2229 2262 2224
f 1602 861 1760
f 1530 1777 1760
f 872 1706 1673
f 1696 1668 2166
f 1708 1809 1798
f 1581 1716 1814
f 1709 1794 1680
f 1233 1421 1257
f 1724 1476 1686
f 1469 1481 1965
f 1965 1481 1492
f 2073 1549 1559
f 1594 1615 1644
f 1799 1706 1755
f 1725 1686 1837
f 1720 1797 1572
f 1618 2467 2022
f 1618 1579 80
f 1648 1016 80
f 2134 2152 1636
f 1611 1632 1631
f 1761 1434 1470
f 1559 1577 1594
f 1603 1615 1594
f 1615 1645 1644
f 1637 1662 1645
f 1662 1199 1092
f 1199 1149 1092
f 1451 1108 1149
f 665 734 756
f 1865 1700 1714
f 1709 1841 1794
f 1618 2022 1579
f 1648 1413 1369
f 1521 1648 1369
f 1520 11 1401
f 1446 1470 1434
f 1798 1691 1754
f 2063 1544 2073
f 2073 1544 1549
f 1594 1577 1603
f 1615 1637 1645
f 1637 1199 1662
f 1427 1149 1199
f 2167 1108 1451
f 1997 1673 1705
f 1706 1799 1705
f 1841 1709 1757
f 1604 1579 2022
f 1579 707 80
f 80 707 1648
f 1520 1401 1491
f 1649 1520 1491
f 1435 1434 1885
f 1470 1469 1461
f 1481 1508 2024
f 2370 1544 2063
f 1549 1568 1559
f 1559 1568 1577
f 1603 1610 1615
f 1615 1610 1637
f 999 1199 1637
f 1451 1149 1427
f 1137 1825 1148
f 1706 1705 1673
f 1138 1604 2116
f 1138 1579 1604
f 1413 1648 707
f 2360 2024 1508
f 598 1075 1116
f 229 93 1468
f 1839 1479 1684
f 2216 2229 2224
f 1610 1625 1637
f 329 999 1637
f 1199 1017 1427
f 1017 303 1427
f 303 1451 1427
f 1792 1754 1777
f 2309 2391 2301
f 1655 1138 2116
f 1138 707 1579
f 1649 1491 206
f 1406 1885 1398
f 1406 1419 1885
f 1419 1435 1885
f 1434 1435 1446
f 1470 1481 1469
f 1577 1583 1603
f 999 1017 1199
f 81 67 941
f 67 1650 941
f 1259 1815 2164
f 1619 2116 2045
f 1424 707 1138
f 1702 1649 206
f 1687 1406 1398
f 1477 1481 1470
f 1568 1569 1577
f 1577 1569 1583
f 1603 1583 1610
f 1625 329 1637
f 2167 340 273
f 81 273 340
f 81 962 67
f 1547 1619 1488
f 1830 1739 1770
f 938 1424 1138
f 1424 1413 707
f 1527 1649 1702
f 1527 1520 1649
f 1527 1268 1520
f 1250 1406 1687
f 1441 1353 1115
f 1203 1413 1051
f 1250 1419 1406
f 1477 2372 1481
f 1481 2372 1508
f 2449 1560 1568
f 1549 2449 1568
f 1568 1560 1569
f 1569 1584 1583
f 1652 329 1625
f 329 817 999
f 285 1017 999
f 303 10 1451
f 10 2167 1451
f 1412 1650 67
f 1412 1488 1650
f 1547 1023 1619
f 1023 1655 1619
f 1655 938 1138
f 1456 1413 1424
f 1457 1470 1446
f 1457 1477 1470
f 329 1652 817
f 10 340 2167
f 938 1546 1424
f 1546 1456 1424
f 1259 1548 1779
f 2052 2031 1990
f 1440 1202 1478
f 1428 1419 1250
f 1428 1435 1419
f 1428 1446 1435
f 1934 1935 1955
f 1560 1584 1569
f 1610 1638 1625
f 1638 1652 1625
f 817 1077 999
f 1077 285 999
f 980 303 1017
f 962 1412 67
f 1494 1023 1547
f 325 271 1270
f 1443 1511 1496
f 1450 1268 1527
f 1514 1353 1441
f 1287 1446 1428
f 1446 1287 1457
f 1305 2372 1477
f 1992 1990 1991
f 1992 1991 1971
f 1971 1991 1955
f 2449 1549 2418
f 1583 1616 1610
f 1610 1616 1638
f 10 1396 340
f 340 1445 81
f 1445 962 81
f 1790 984 1753
f 984 2148 1753
f 1588 1713 1770
f 969 978 958
f 1741 1779 1703
f 1758 1846 1754
f 1827 1819 1029
f 1818 1530 1712
f 1750 1566 2127
f 2459 2434 2483
f 1798 1720 1771
f 1794 1841 1803
f 216 1755 1810
f 1098 1735 1748
f 1735 1497 1748
f 1502 2102 1601
f 881 1502 1601
f 1455 1839 1744
f 1706 1709 1680
f 1212 1741 1703
f 1788 1969 1671
f 1075 1074 1692
f 951 2500 881
f 2490 2486 2463
f 1748 1497 1781
f 1721 984 1840
f 1815 1259 1741
f 1626 1756 1837
f 975 987 1542
f 2230 2236 2235
f 1772 678 734
f 1542 1671 975
f 1806 1772 1780
f 678 1772 1806
f 2218 2225 2268
f 1828 1732 2007
f 1526 1688 1531
f 1752 1526 1554
f 1844 1818 1712
f 1823 1846 1804
f 1781 1669 1704
f 1721 1779 2143
f 1770 1670 1526
f 1497 1669 1781
f 1098 1713 1735
f 1742 1815 1741
f 1526 858 1875
f 1599 1531 1688
f 1803 1790 1558
f 1703 1721 1683
f 1832 1766 957
f 1542 1679 1671
f 1679 1788 1671
f 1927 1819 1827
f 1718 1745 1739
f 1684 1022 1839
f 1459 1283 1299
f 1022 1410 1418
f 2368 2393 2326
f 1669 1497 1776
f 1875 858 1212
f 1739 1745 852
f 1964 1918 1461
f 1356 133 1331
f 1765 1829 1468
f 858 1742 1741
f 1006 1674 1021
f 1723 1936 1935
f 1468 1713 1098
f 1724 1678 1476
f 1680 1783 908
f 1731 1543 520
f 1683 1721 1840
f 1467 1679 1542
f 1812 1708 1846
f 1679 1975 1788
f 1713 1830 1770
f 1803 1722 1790
f 2301 2391 2349
f 1713 1588 1735
f 1836 1530 1818
f 1837 1756 861
f 886 571 556
f 1181 1805 1812
f 1706 1680 1755
f 1677 1729 1775
f 1776 1787 1669
f 1526 1670 1672
f 1727 1770 1526
f 987 1467 1542
f 1567 1704 1137
f 1693 1865 1714
f 897 1762 912
f 1135 1697 1062
f 1697 376 1062
f 1543 1731 1678
f 1793 1679 1467
f 1777 1602 1760
f 1846 1798 1754
f 1835 1096 1677
f 1033 1030 940
f 1450 1527 1702
f 1717 376 1697
f 1711 1717 1697
f 1717 165 376
f 1840 984 1790
f 1669 1746 1704
f 1669 1682 1746
f 2301 2349 2308
f 1882 1444 1898
f 1820 1789 1730
f 861 1380 1566
f 2301 2308 2266
f 1771 1543 1691
f 1958 1659 1651
f 1697 1360 1711
f 1711 1737 1717
f 1717 1737 165
f 1790 1753 1558
f 1668 1696 1663
f 1360 1702 1711
f 1702 1707 1711
f 1707 1737 1711
f 1737 1751 165
f 1444 1782 1693
f 1716 1787 1599
f 1744 1839 1022
f 1898 1444 1785
f 206 1707 1702
f 1764 2468 1751
f 316 1844 893
f 893 1844 915
f 1845 1804 1758
f 1380 861 1756
f 1780 670 1021
f 1714 2172 1763
f 1783 1558 1663
f 1750 2127 1465
f 1798 1771 1691
f 1691 1543 1724
f 1872 1910 839
f 1737 2044 1751
f 1751 2044 1764
f 1757 1701 482
f 1725 1602 1777
f 1836 1845 1530
f 2102 2470 1503
f 2496 1899 544
f 763 2484 946
f 987 1719 1467
f 1845 1758 1792
f 1725 1837 1602
f 1872 1866 1873
f 1712 1530 1760
f 489 1799 216
f 1760 861 1750
f 2068 2466 2460
f 1696 2159 2168
f 377 1377 1280
f 1797 1676 1572
f 1581 2053 1572
f 1676 1581 1572
f 1764 2498 2468
f 2468 2498 1994
f 1861 1695 1860
f 2481 2004 2495
f 1826 1677 1523
f 1670 1739 852
f 2234 2269 2253
f 1724 1543 1678
f 1658 2168 1791
f 1397 1747 1719
f 1696 2168 1658
f 979 519 272
f 1774 1975 1679
f 975 1671 932
f 1787 1716 1682
f 1835 1826 1747
f 2501 2469 961
f 1810 908 1791
f 1982 1768 191
f 1137 1704 1825
f 1804 1846 1758
f 2004 2044 1737
f 913 1969 902
f 2498 1795 1801
f 915 1844 1712
f 1689 915 1712
f 1740 1752 1541
f 695 661 199
f 1865 1693 1782
f 1824 1464 1809
f 1829 1765 1718
f 1816 1768 1982
f 1816 1622 1768
f 1622 2165 1681
f 1768 1622 1681
f 670 1772 228
f 1283 1459 52
f 1785 1444 1749
f 1675 1075 1685
f 1567 1781 1704
f 1858 1857 1848
f 1526 1752 1688
f 1791 2160 1810
f 908 1658 1791
f 1813 1773 1558
f 1845 1792 1530
f 69 376 165
f 3 1832 1834
f 1722 1516 1507
f 1801 1821 1994
f 1833 1982 2046
f 1821 1833 2046
f 1833 1816 1982
f 1022 1785 1749
f 2160 2170 1810
f 1147 1719 1726
f 1683 1840 1507
f 1467 1719 1793
f 1795 1802 1801
f 1802 1811 1801
f 1801 1811 1821
f 1690 2165 1622
f 1934 1480 1925
f 229 1468 1091
f 1780 2164 1742
f 1672 1742 858
f 1833 1417 1816
f 1417 1622 1816
f 1831 2165 1690
f 1668 1663 1558
f 1719 1747 1826
f 1760 1750 1664
f 1817 1690 1622
f 1530 1792 1777
f 948 1796 1802
f 1796 1811 1802
f 1515 1817 1622
f 1695 1861 1831
f 1783 1663 1658
f 1749 1410 1022
f 854 1796 948
f 1811 1842 1833
f 1821 1811 1833
f 1833 1842 1417
f 1622 1417 1515
f 127 1804 1845
f 1686 1626 1837
f 1608 1690 1817
f 1523 1775 1762
f 127 1845 1836
f 1812 1805 1708
f 1523 1677 1775
f 1780 1772 670
f 1758 1754 1792
f 1204 1796 854
f 1822 1842 1811
f 1608 1831 1690
f 1822 1811 1796
f 1842 1416 1417
f 1417 1416 1515
f 1515 1608 1817
f 1728 1831 1608
f 908 1783 1658
f 127 1836 316
f 1805 1148 1824
f 852 1745 1672
f 1478 1093 1928
f 1822 1843 1842
f 1843 959 1842
f 1842 959 1416
f 1728 1695 1831
f 1728 1860 1695
f 2346 446 2337
f 1602 1837 861
f 1087 1096 1835
f 1708 1824 1809
f 2004 1737 505
f 1567 1748 1781
f 520 1543 1883
f 1760 1664 1712
f 128 1336 72
f 2053 1883 1543
f 1822 180 1843
f 1786 1608 1515
f 929 2462 519
f 512 2402 506
f 1212 1703 1683
f 1830 1829 1739
f 2053 1543 1771
f 1416 1769 1515
f 1769 1786 1515
f 1786 1728 1608
f 1712 1808 1689
f 1794 1558 1783
f 1497 1735 1776
f 1127 1567 1137
f 1123 1748 1567
f 36 205 1185
f 959 1734 1416
f 1738 1733 1541
f 1774 1762 1974
f 1752 1554 1541
f 1752 1740 1688
f 1526 1875 1554
f 1468 1829 1830
f 1755 908 1810
f 1716 1599 1814
f 1806 1780 1742
f 2308 2349 2340
f 1832 915 1689
f 1713 1468 1830
f 1814 1599 1346
f 1832 1689 1766
f 1022 1684 1785
f 1093 1153 1116
f 1672 678 1742
f 1675 1685 1093
f 1841 1743 1722
f 1814 2053 1581
f 1464 1746 1809
f 2485 2497 2493
f 1416 1734 1769
f 1665 1728 1786
f 1665 1951 1728
f 1951 1860 1728
f 1951 2094 1860
f 1844 1836 1818
f 316 1836 1844
f 1776 1531 1787
f 1719 1826 1793
f 2147 1401 29
f 2111 2121 1548
f 1741 1259 1779
f 1843 347 1834
f 1843 1734 959
f 1766 1769 1734
f 957 1766 1734
f 1766 1786 1769
f 1766 1689 1786
f 1689 1665 1786
f 1754 1691 1777
f 1507 1840 1790
f 1761 1470 1461
f 1523 1679 1793
f 1091 1468 1098
f 1820 1730 1838
f 1843 1834 1734
f 1808 1951 1665
f 1588 1727 1531
f 893 915 1832
f 1523 1774 1679
f 272 2488 710
f 1093 1116 1675
f 2340 2349 2348
f 1832 1734 1834
f 1832 957 1734
f 1951 1808 2094
f 1685 1692 1505
f 1043 295 698
f 2143 1779 2121
f 1689 1808 1665
f 1693 1714 1763
f 1738 2157 1516
f 1114 1921 236
f 1268 1333 1520
f 1149 1108 431
f 508 2144 1912
f 1957 1108 1537
f 431 1108 1957
f 1018 1108 2167
f 1338 1957 1681
f 2163 1957 1338
f 1983 1390 2093
f 30 557 37
f 1714 2173 2172
f 1983 1984 1390
f 1984 2065 1390
f 884 1762 897
f 2065 1984 1214
f 1950 1974 1762
f 884 1950 1762
f 2012 1698 1861
f 1214 2116 803
f 1950 1938 1974
f 1938 1967 1974
f 1900 1761 1461
f 865 1929 884
f 884 1929 1950
f 2062 2071 2042
f 919 1985 1732
f 1593 502 2146
f 1995 1213 2098
f 1522 2476 1651
f 2174 1849 2175
f 1480 1989 1499
f 1929 1938 1950
f 1605 2058 1574
f 2097 1605 2133
f 1912 2014 1886
f 2092 2082 2083
f 206 1930 505
f 2101 2100 2092
f 2073 2101 2092
f 839 1910 865
f 1910 1901 1929
f 865 1910 1929
f 1967 1788 1975
f 2073 2092 2063
f 2101 1593 2100
f 2015 1876 1698
f 1853 1884 2014
f 1831 1698 2165
f 1316 273 81
f 1901 1920 1929
f 1929 1920 1938
f 1920 1968 1967
f 1938 1920 1967
f 1849 2174 1700
f 2173 1700 2174
f 2062 2072 2091
f 803 2467 2059
f 2239 1736 2240
f 1505 1357 1685
f 1358 1686 1476
f 1967 1968 1788
f 1968 1969 1788
f 2065 2110 2156
f 2065 1214 2110
f 2110 1214 503
f 273 2093 1018
f 273 1983 2093
f 532 1886 2155
f 2034 2021 1947
f 216 1810 585
f 1912 543 2014
f 1390 2051 1537
f 1872 1873 1910
f 1984 2045 1214
f 597 1912 1886
f 1593 2146 2100
f 2071 2062 2090
f 2034 2046 1982
f 2034 1947 2046
f 1214 2045 2116
f 1873 1887 1910
f 1887 1901 1910
f 1562 1447 1106
f 2163 431 1957
f 1948 1972 1936
f 1972 1948 1992
f 2014 2015 2013
f 1853 2014 2013
f 1550 1884 1853
f 1947 2468 1994
f 1355 1550 2154
f 1355 1884 1550
f 2081 2108 2128
f 2024 1965 1492
f 2024 2032 1965
f 2116 1604 803
f 1901 1911 1920
f 1939 1968 1920
f 1911 1939 1920
f 872 1626 1666
f 2062 2091 2120
f 1819 1927 1759
f 1021 1674 1780
f 872 1673 1756
f 1550 501 2171
f 1378 1550 2171
f 2146 2162 2145
f 1358 482 192
f 2109 2120 2119
f 1866 1872 2227
f 1391 2012 1860
f 2136 2137 2161
f 2162 1661 236
f 1887 1894 1901
f 1901 1894 1911
f 505 1707 206
f 2120 2137 2136
f 2142 2164 1674
f 1860 2012 1861
f 1894 1939 1911
f 2080 2060 2118
f 2162 236 508
f 2164 1815 1742
f 1018 2093 1537
f 2154 1378 2161
f 2041 2098 2491
f 2043 2042 2032
f 1108 1018 1537
f 1465 2094 1808
f 502 1643 1661
f 2467 1618 1656
f 2119 2136 2135
f 2119 2108 2071
f 878 1183 1195
f 2101 1594 1593
f 2033 2370 2063
f 2482 2491 2098
f 1282 2406 1275
f 2003 1948 1956
f 2043 2032 2024
f 2025 2043 2024
f 2154 1550 1378
f 1795 2498 1764
f 2142 1548 2164
f 2431 2454 2422
f 1981 2011 1993
f 2349 2391 2362
f 502 2162 2146
f 2025 2024 2360
f 2129 2120 2091
f 1732 1985 2007
f 2171 1308 209
f 1930 1995 2041
f 1390 1238 2051
f 1866 1878 1887
f 1878 1894 1887
f 1965 2032 2011
f 874 2480 2492
f 2071 2108 2069
f 1358 1731 482
f 430 2021 2034
f 1965 2003 1964
f 1855 1889 831
f 1668 1773 2150
f 1390 2156 1238
f 898 869 1903
f 2391 2407 2362
f 2121 2111 2074
f 1548 1259 2164
f 2099 2129 2091
f 1550 1853 501
f 1853 1852 501
f 952 2017 969
f 2085 2121 2074
f 2130 2006 1391
f 2144 1367 543
f 2100 2146 2099
f 1545 1319 113
f 1903 1922 898
f 1922 1931 898
f 585 2170 1641
f 2007 2017 952
f 2017 2074 969
f 1558 1753 1813
f 837 2005 1517
f 2005 2006 2130
f 1532 1474 1528
f 2003 1981 1948
f 2070 2071 2069
f 1922 919 1931
f 2017 2085 2074
f 2085 2104 2121
f 2100 2099 2082
f 2156 2110 2034
f 505 2474 2004
f 1903 871 1922
f 1922 1952 919
f 919 1952 1985
f 1985 2001 2007
f 2001 2036 2017
f 2007 2001 2017
f 2017 2036 2085
f 2036 2047 2085
f 2047 2075 2085
f 2075 2104 2085
f 1948 1993 2023
f 2400 2422 2407
f 2011 2070 1993
f 2033 2043 2025
f 2012 2015 1698
f 1876 1338 2165
f 871 1940 1922
f 1985 1976 2001
f 2121 2104 2143
f 1051 1413 1456
f 2358 1362 2379
f 1859 1789 1870
f 2090 2109 2071
f 1405 1398 1885
f 1886 1884 1355
f 1922 1960 1952
f 1952 1960 1985
f 1960 1976 1985
f 1956 1948 1936
f 2135 209 2128
f 2157 1875 1212
f 2160 2168 2169
f 1900 1461 1918
f 2001 2018 2036
f 2075 2086 2104
f 2111 2142 2103
f 1937 1956 1936
f 2023 2070 2061
f 2135 2128 2108
f 2042 2071 2011
f 2138 413 2383
f 2033 2072 2043
f 1922 1940 1960
f 2070 2069 2061
f 2069 2108 2061
f 2108 2119 2135
f 1855 1904 1889
f 1889 1904 871
f 871 1904 1940
f 1976 2018 2001
f 2036 2018 2047
f 2122 2143 2104
f 216 1642 489
f 2148 984 2143
f 1975 1974 1967
f 2157 1683 1516
f 1614 1593 1594
f 2269 2270 2276
f 1926 2147 29
f 2082 2091 2072
f 430 503 2059
f 1904 1905 1940
f 1940 1961 1960
f 1961 1976 1960
f 2087 2086 2075
f 2065 2156 1390
f 1820 1838 1900
f 534 1308 837
f 2167 273 1018
f 831 1850 1855
f 2019 2037 2018
f 2018 2037 2047
f 2037 2075 2047
f 2086 2095 2104
f 2095 2122 2104
f 2122 2148 2143
f 1926 1213 1995
f 1405 1885 1761
f 2006 2013 2012
f 2211 2233 2216
f 1855 1890 1904
f 1904 1895 1905
f 1905 1932 1940
f 1961 1977 1976
f 1976 1986 2018
f 2484 2476 1518
f 1870 1411 1859
f 1548 2142 2111
f 1904 1890 1895
f 1895 1932 1905
f 1940 1932 1961
f 1976 1977 1986
f 1986 2008 2018
f 2018 2008 2019
f 2087 2075 2037
f 2087 2095 2086
f 2094 1391 1860
f 1852 1853 2006
f 1853 2013 2006
f 929 979 850
f 1855 1874 1890
f 2008 2028 2019
f 1993 2070 2023
f 1705 1799 1998
f 1491 2147 206
f 1851 1856 1855
f 1895 1890 1874
f 2038 2019 2028
f 2038 2048 2037
f 2019 2038 2037
f 2048 2067 2087
f 2037 2048 2087
f 2087 2067 2095
f 2095 2149 2122
f 2149 2148 2122
f 1308 2005 837
f 209 1308 1387
f 1601 2102 1927
f 254 170 201
f 1800 1403 1763
f 1510 1346 1740
f 870 871 1903
f 1919 1650 1619
f 2148 1667 1753
f 1932 1923 1961
f 1977 1953 1986
f 2067 2112 2095
f 2112 2149 2095
f 2148 2149 1667
f 2422 2421 2407
f 1926 2026 1213
f 1912 2144 543
f 2128 1387 2153
f 1733 1510 1740
f 990 853 2489
f 503 1214 803
f 1921 431 2163
f 2146 2145 2129
f 2144 1921 2163
f 1855 1856 1874
f 1895 1923 1932
f 1923 1941 1961
f 1961 1941 1977
f 2048 2076 2067
f 2076 2113 2067
f 2067 2113 2112
f 1723 1900 1937
f 1870 1900 1723
f 1367 2163 1338
f 520 1346 1510
f 1698 1831 1861
f 1984 1919 2045
f 1895 1891 1923
f 2008 1986 2028
f 1948 1981 1993
f 1883 1346 520
f 1883 1814 1346
f 1930 206 2147
f 2499 2486 1447
f 1891 1906 1923
f 1923 1953 1941
f 1953 1977 1941
f 1953 1987 1986
f 2113 2123 2112
f 2123 2149 2112
f 1387 1308 1226
f 1599 1688 1346
f 2093 1390 1537
f 2003 2011 1981
f 1987 2028 1986
f 2038 2049 2048
f 2048 2049 2076
f 1813 1667 2149
f 2123 1813 2149
f 1461 1469 1964
f 1757 1510 1743
f 505 1930 1999
f 2223 1784 1789
f 1532 1522 1651
f 1906 1913 1923
f 1913 1943 1923
f 1943 1942 1923
f 1923 1942 1953
f 1942 1987 1953
f 1308 1852 2005
f 2053 1814 1883
f 1733 1740 1541
f 2154 1886 1355
f 1503 1528 1474
f 1874 1879 1895
f 1895 1879 1891
f 2076 2124 2113
f 2113 2124 2123
f 1896 1891 1879
f 1891 1896 1906
f 1942 1962 1987
f 1962 2009 2028
f 1987 1962 2028
f 2009 2038 2028
f 2109 2119 2071
f 1918 1956 1937
f 1851 1864 1856
f 1896 1897 1906
f 1906 1897 1913
f 1943 1962 1942
f 2049 2077 2076
f 2124 2125 2123
f 1930 2147 1926
f 1902 1894 1878
f 482 1510 1757
f 2129 2137 2120
f 503 803 2059
f 1847 1857 1851
f 1851 1857 1864
f 2039 2038 2009
f 2038 2039 2049
f 2076 2077 2124
f 2150 1813 2123
f 482 520 1510
f 1994 1821 2046
f 2044 2004 1764
f 1864 1867 1856
f 1867 1874 1856
f 1897 1944 1913
f 1943 1944 1962
f 2124 2126 2125
f 2150 2123 2125
f 2099 2146 2129
f 2041 1995 2098
f 1605 1641 2151
f 1847 1959 1857
f 1874 1867 1879
f 1913 1944 1943
f 1944 1963 1962
f 2077 2096 2124
f 2096 2126 2124
f 2126 2150 2125
f 941 1650 1919
f 2135 2136 209
f 1884 1886 2014
f 2049 2029 2077
f 1388 2127 1389
f 1389 2127 1566
f 1930 1926 1995
f 941 1919 1316
f 2110 503 430
f 1867 1880 1879
f 1879 1880 1896
f 1897 1907 1944
f 1963 1978 1962
f 1962 1978 2009
f 2039 2029 2049
f 2077 2078 2096
f 822 823 827
f 2166 1668 2150
f 81 941 1316
f 2204 2216 2203
f 2011 2071 2070
f 1880 1892 1896
f 1892 1907 1897
f 1896 1892 1897
f 1907 1914 1944
f 1978 2010 2009
f 2010 2039 2009
f 1688 1740 1346
f 1789 1820 1870
f 2130 1391 2094
f 1944 1945 1963
f 2029 2078 2077
f 1767 2150 2126
f 1767 2166 2150
f 803 2022 2467
f 1503 1927 2102
f 1914 1954 1944
f 1944 1954 1945
f 1963 1970 1978
f 2078 2105 2096
f 2105 2126 2096
f 1965 2011 2003
f 192 1626 1358
f 2101 1559 1594
f 1930 2041 1999
f 1698 1876 2165
f 1398 1871 891
f 2165 1338 1681
f 1970 2010 1978
f 2010 2030 2029
f 2039 2010 2029
f 2030 2055 2078
f 2029 2030 2078
f 1849 1848 2175
f 1871 1862 891
f 543 2015 2014
f 1857 1858 1864
f 1864 1858 1867
f 1963 1945 1970
f 2055 2088 2078
f 2078 2088 2105
f 2105 2131 2126
f 2126 2131 1767
f 2063 2083 2033
f 2161 2171 209
f 2032 2042 2011
f 1813 2150 1773
f 1914 1908 1954
f 1970 1979 2010
f 2088 2131 2105
f 2015 543 1876
f 1694 1692 1048
f 1395 2207 1859
f 1395 1393 2207
f 1730 1784 1736
f 2500 2466 2470
f 1709 1701 1757
f 1945 1979 1970
f 2030 2050 2055
f 2350 2317 2286
f 2154 2155 1886
f 871 860 1889
f 2161 209 2136
f 2497 2463 2493
f 2190 2204 2203
f 1800 2179 1404
f 2477 2469 1385
f 1385 1715 2477
f 2128 209 1387
f 1858 1868 1867
f 1867 1881 1880
f 1893 1892 1880
f 1881 1893 1880
f 1893 1907 1892
f 1907 1908 1914
f 1954 1979 1945
f 1979 1980 2010
f 2131 2159 1767
f 1765 93 339
f 1761 1877 1405
f 523 1347 515
f 1541 2157 1738
f 2144 2163 1367
f 1380 1389 1566
f 2317 2392 2316
f 1994 2498 1801
f 1867 1868 1881
f 1980 2050 2030
f 2010 1980 2030
f 2050 2089 2055
f 2055 2089 2088
f 2088 2114 2131
f 1538 1651 1659
f 2145 2155 2129
f 2140 29 1928
f 2370 2033 2025
f 2252 2239 2240
f 2239 2252 1862
f 2392 2391 2316
f 2469 2501 1385
f 2477 1715 1710
f 502 1614 1643
f 2438 1227 2431
f 1915 1907 1893
f 1915 1908 1907
f 1954 1908 1979
f 1908 1988 1979
f 1979 1988 1980
f 2114 2159 2131
f 2155 2154 2129
f 508 1966 2144
f 872 1756 1626
f 1710 1715 1505
f 236 1966 508
f 2272 2284 1398
f 2325 2355 2319
f 1548 2121 1779
f 1532 1528 1522
f 1980 2056 2050
f 2050 2056 2089
f 2013 2015 2012
f 1964 2003 1956
f 2006 2012 1391
f 1565 1927 1503
f 2244 2243 2226
f 5 1715 1385
f 1858 1848 1868
f 1915 1946 1908
f 1946 1988 1908
f 1980 2020 2056
f 2115 2159 2114
f 2092 2083 2063
f 1398 2284 1687
f 2162 2155 2145
f 519 2475 2488
f 2158 5 1385
f 5 1505 1715
f 1692 1694 1505
f 1988 2020 1980
f 2115 2169 2159
f 2169 2168 2159
f 2083 2082 2072
f 1316 1984 1983
f 1488 1619 1650
f 2083 2072 2033
f 2361 1210 1233
f 1933 1946 1915
f 2056 2079 2089
f 2088 2115 2114
f 2099 2091 2082
f 2162 532 2155
f 1852 2006 2005
f 2023 2061 2052
f 2176 2184 2175
f 2162 985 532
f 1909 1893 1881
f 1909 1915 1893
f 1988 2040 2020
f 2040 2056 2020
f 2089 2079 2088
f 2088 2079 2115
f 1782 1444 1882
f 1216 1215 2320
f 867 1939 1894
f 867 903 1939
f 1372 2398 1379
f 1863 504 2027
f 2158 1385 504
f 1868 1782 1881
f 1909 1933 1915
f 2040 1988 1946
f 1481 2024 1492
f 2120 2136 2119
f 1522 1528 1518
f 1871 1398 1405
f 1221 1408 1399
f 1357 5 2158
f 2179 1800 1763
f 1868 1865 1782
f 1882 1881 1782
f 1882 1909 1881
f 2040 2057 2056
f 2106 2079 2056
f 2057 2106 2056
f 2106 2132 2079
f 2132 2115 2079
f 2115 2132 2169
f 532 985 597
f 2092 2100 2082
f 1210 1221 1399
f 1399 1233 1210
f 2130 2002 1517
f 1849 1865 1868
f 1933 2040 1946
f 52 1269 30
f 1667 1813 1753
f 1997 1380 1673
f 940 1008 1088
f 1947 1994 2046
f 1882 1916 1909
f 1924 1933 1909
f 1533 2040 1933
f 1533 1534 2040
f 2058 2040 1534
f 2058 2057 2040
f 1238 191 1768
f 1997 1389 1380
f 1875 1541 1554
f 1854 504 1863
f 1854 2158 504
f 2396 1275 2406
f 2426 2443 153
f 1916 1924 1909
f 1925 1935 1934
f 1870 1723 1426
f 2058 2097 2057
f 2097 2106 2057
f 2132 2151 2169
f 2151 2160 2169
f 1106 1635 1562
f 1957 1768 1681
f 1957 2051 1768
f 526 535 33
f 1614 1594 1609
f 2233 2229 2216
f 2496 2027 2084
f 2496 1863 2027
f 2117 1854 1863
f 2016 2158 1854
f 2016 1504 1357
f 2158 2016 1357
f 1114 236 1661
f 2129 2154 2137
f 2133 2106 2097
f 2491 1999 2041
f 2051 1238 1768
f 2061 2108 2081
f 2189 2195 2186
f 2348 2349 2362
f 1701 192 482
f 505 1737 1707
f 2133 2132 2106
f 2132 2133 2151
f 2151 2170 2160
f 502 1661 2162
f 1998 1389 1997
f 2297 2352 2329
f 2352 2364 2329
f 2394 2414 2364
f 2352 2394 2364
f 2402 512 2415
f 2255 2254 2243
f 2446 1365 2456
f 2271 2282 2298
f 846 2283 2264
f 2293 2310 2318
f 2254 2295 2294
f 2283 2290 2278
f 2270 2294 2293
f 2423 2455 2400
f 2281 2287 2267
f 2190 2191 2204
f 2271 2263 2282
f 2334 2329 2364
f 2424 2432 2409
f 2282 2263 2298
f 1409 1659 1958
f 2263 2302 2298
f 2297 2329 2296
f 1256 446 2346
f 1958 2502 2478
f 2437 2399 2444
f 263 2366 2359
f 849 827 823
f 2311 2325 2290
f 2499 2379 2434
f 2446 2456 2423
f 947 2358 2379
f 2499 947 2379
f 2205 2195 2212
f 2245 2237 2227
f 2245 2256 2237
f 2256 2263 2271
f 556 571 2305
f 1528 2068 1518
f 2424 2439 2432
f 2302 2352 2297
f 1866 2237 826
f 2248 2242 2211
f 2334 2364 2363
f 2235 2244 2226
f 2255 2295 2254
f 2329 2324 2296
f 2439 2447 1973
f 2329 2334 2324
f 2409 2432 2414
f 2293 2318 2276
f 866 2425 2416
f 1487 1493 2372
f 2237 2231 2230
f 2415 512 17
f 2035 1236 26
f 921 2138 688
f 2491 2482 2462
f 6 181 197
f 2481 948 1795
f 2138 2383 2382
f 2377 2394 2352
f 2377 506 2394
f 2394 506 2402
f 2401 2402 2415
f 2394 2402 2401
f 2318 2326 2276
f 2439 2457 2432
f 2298 2302 2297
f 2244 2249 2243
f 2404 1100 2382
f 2238 2245 2227
f 2245 2257 2256
f 2257 2263 2256
f 2324 2334 2328
f 2257 2289 2263
f 2289 2302 2263
f 2236 2231 2250
f 2138 2382 688
f 2383 2404 2382
f 1100 2404 2343
f 2353 2352 2302
f 2353 2377 2352
f 2237 2230 2220
f 2335 2355 2325
f 2308 2340 2315
f 2253 2269 2276
f 2311 2335 2325
f 2439 2424 511
f 2268 2267 2248
f 2383 413 2404
f 123 971 832
f 2234 2243 2269
f 2225 2213 2234
f 2219 2213 2225
f 2195 2196 2212
f 1544 2418 1549
f 413 866 2404
f 2404 866 2416
f 2416 2417 2404
f 2404 2417 2343
f 2415 2409 2401
f 2196 2219 2212
f 2268 2248 2218
f 2206 2214 2197
f 2417 2332 2343
f 2343 2332 832
f 2330 2302 2289
f 2330 2353 2302
f 2453 2454 515
f 2218 2248 2217
f 2218 2217 2205
f 2276 2281 2268
f 2178 2197 2177
f 2197 2189 2177
f 2332 2066 832
f 832 2066 123
f 2231 2236 2230
f 669 950 1144
f 2217 2211 2199
f 1216 1209 1217
f 2066 2365 123
f 2230 2226 2214
f 2290 2325 2304
f 2325 2319 2304
f 2217 2248 2211
f 2191 2192 2199
f 510 525 2035
f 2417 1917 2332
f 2332 1917 2066
f 2408 2413 2341
f 2248 2267 2242
f 2326 2333 2281
f 1340 2365 2066
f 2440 1302 1340
f 2226 2230 2235
f 1153 1163 1116
f 2431 2455 2438
f 2416 2425 2417
f 2495 2474 2462
f 2290 2304 2277
f 825 2227 1872
f 151 239 1038
f 9 151 1038
f 545 928 2381
f 2440 2406 1384
f 928 1596 2381
f 2186 2188 2185
f 2456 26 1888
f 2287 2333 2262
f 2425 2342 2417
f 2342 1917 2417
f 1917 877 2066
f 2336 1340 2066
f 2336 2440 1340
f 2328 2351 2327
f 825 2238 2227
f 2351 2368 2327
f 1222 2388 1211
f 678 756 734
f 428 263 1343
f 2188 2191 2190
f 2341 2376 2333
f 2066 877 2336
f 2290 2277 2278
f 739 634 592
f 675 304 14
f 2384 675 14
f 2199 2211 2204
f 2191 2199 2204
f 2322 2318 2310
f 2287 2262 2233
f 2185 2188 2184
f 2386 2425 845
f 2384 572 675
f 1128 123 2365
f 832 971 2343
f 2188 2186 2191
f 2185 2184 2176
f 2345 1917 2342
f 2345 877 1917
f 2336 2406 2440
f 971 1100 2343
f 2299 2289 2257
f 2299 2303 2289
f 2249 2255 2243
f 506 513 512
f 2437 955 1219
f 1587 2398 1324
f 877 2396 2336
f 2336 2396 2406
f 2463 2479 879
f 2376 2412 2350
f 2281 2267 2268
f 2303 2330 2289
f 624 635 159
f 1996 2356 1561
f 2449 2436 1996
f 2356 2054 2451
f 928 2398 1587
f 2333 2350 2262
f 2035 26 2456
f 2346 2342 2425
f 2346 2345 2342
f 1544 2380 2418
f 2412 2392 2350
f 622 509 1151
f 2436 2054 1996
f 545 2451 928
f 2326 2341 2333
f 2346 2425 2386
f 1365 2035 2456
f 2369 2377 2353
f 2369 506 2377
f 2451 900 928
f 900 2398 928
f 1235 1888 1244
f 2337 2345 2346
f 877 772 2396
f 772 1275 2396
f 2432 2446 2414
f 2294 2295 2310
f 2369 2330 828
f 2418 2419 2436
f 2450 2429 2436
f 2436 2429 2054
f 2490 2494 1656
f 1321 155 2338
f 1256 2346 2386
f 2448 877 2345
f 877 2448 772
f 2446 2423 2414
f 2351 2334 2363
f 2243 2254 2269
f 2380 2419 2418
f 2419 2450 2436
f 2283 2278 2264
f 822 2197 823
f 1008 1759 1565
f 2448 2345 2337
f 2270 2293 2276
f 2323 2324 2328
f 2429 1012 2054
f 2226 2243 2213
f 2395 325 772
f 2370 2367 2380
f 2054 2435 2451
f 2435 2397 2451
f 2451 2397 900
f 1774 1974 1975
f 2305 2290 2283
f 846 2305 2283
f 2320 1215 2285
f 2139 2448 2337
f 2448 2395 772
f 1232 1231 1216
f 2272 2285 2284
f 2367 2371 2380
f 2371 2405 2380
f 2380 2405 2419
f 2419 2429 2450
f 2429 176 1012
f 2397 2373 900
f 2373 2398 900
f 2373 1379 2398
f 2372 1500 1508
f 1133 1303 1142
f 2252 2273 2272
f 891 2252 2272
f 2419 2405 2429
f 2405 2430 2429
f 2429 2430 176
f 2189 2186 2181
f 2212 2219 2218
f 2312 2139 2337
f 2139 2384 2448
f 2448 2384 2395
f 899 855 843
f 2272 2273 2285
f 2331 2303 2299
f 176 2435 2054
f 1012 176 2054
f 2177 2185 2176
f 2218 2219 2225
f 1216 1220 1215
f 2378 2139 2312
f 2384 14 2395
f 2324 2295 2255
f 2240 2273 2252
f 2371 2387 2405
f 2410 2430 2405
f 2430 2442 176
f 2435 2344 2397
f 2397 2344 2373
f 2456 1888 2455
f 2242 2267 2233
f 2233 2262 2229
f 2378 2384 2139
f 2323 2310 2295
f 2323 2322 2310
f 2240 2274 2273
f 974 841 990
f 2490 1447 2486
f 2387 2410 2405
f 2442 2141 176
f 2344 1778 2373
f 972 1379 2373
f 1778 972 2373
f 1379 972 428
f 1211 2437 1223
f 1228 1215 1220
f 702 2378 2312
f 17 518 2415
f 1888 26 1244
f 2324 2323 2295
f 2305 2311 2290
f 2307 2285 2273
f 2274 2307 2273
f 2307 2320 2285
f 2369 531 506
f 2435 2258 2344
f 2296 2324 2288
f 1233 1217 2361
f 2360 2371 2367
f 2410 2442 2430
f 176 2141 2258
f 176 2258 2435
f 539 2331 66
f 2350 2392 2317
f 2268 2225 2253
f 1508 1500 2371
f 2360 1508 2371
f 2371 1500 2387
f 972 2366 428
f 1626 1686 1358
f 1759 1807 1819
f 2277 2257 2245
f 2277 2299 2257
f 1784 2228 1736
f 2265 2240 1736
f 2228 2265 1736
f 2265 2274 2240
f 1209 2320 2307
f 2320 1209 1216
f 1555 1584 1560
f 2387 1500 2372
f 2410 2420 2442
f 2433 972 1778
f 2433 2366 972
f 955 522 1225
f 2339 2307 2274
f 2372 1493 2387
f 2411 2420 2410
f 2420 954 2442
f 2442 954 2141
f 2344 2433 1778
f 2205 2212 2218
f 2328 2334 2351
f 2394 2401 2414
f 2250 2256 2271
f 2339 1209 2307
f 2328 2322 2323
f 866 845 2425
f 3 316 893
f 2387 2411 2410
f 2441 2141 954
f 2141 2441 2258
f 2354 2433 2344
f 2254 2294 2270
f 2269 2254 2270
f 863 2305 846
f 2441 2354 2258
f 2258 2354 2344
f 2319 2355 51
f 2223 2228 1784
f 1493 2411 2387
f 1560 2449 1555
f 2288 2324 2255
f 825 2251 2238
f 2251 2245 2238
f 1299 84 1312
f 2246 2265 2228
f 2313 2274 2265
f 2313 2339 2274
f 2251 2277 2245
f 2319 51 2331
f 891 1862 2252
f 2443 954 2420
f 2443 2441 954
f 511 2447 2439
f 2242 2233 2211
f 188 15 814
f 2443 2426 2441
f 2426 2354 2441
f 2306 2403 2433
f 2433 2403 2366
f 539 2303 2331
f 2246 2228 2223
f 1030 1819 1807
f 2354 2306 2433
f 2413 2412 2376
f 2438 2455 1888
f 1848 1857 2176
f 2207 2208 2223
f 2208 2246 2223
f 1209 2339 1217
f 2339 2361 1217
f 1221 1210 2388
f 554 109 78
f 386 1375 95
f 2327 2326 2318
f 2179 2182 1393
f 2182 2208 1393
f 1393 2208 2207
f 2361 2399 2388
f 2388 2399 1211
f 2306 2354 2426
f 2403 2359 2366
f 2214 2226 2213
f 2268 2253 2276
f 889 2200 2179
f 2200 2182 2179
f 2200 2221 2182
f 2221 2208 2182
f 2314 2265 2246
f 2314 2313 2265
f 2339 2374 2361
f 2478 2434 2379
f 2205 2217 2199
f 2208 2259 2246
f 2259 2275 2246
f 2314 2321 2313
f 2313 2347 2339
f 2347 2374 2339
f 2374 2399 2361
f 153 154 2426
f 154 2306 2426
f 2385 2359 2403
f 2221 2259 2208
f 2306 2357 2403
f 2357 2385 2403
f 2237 2256 2231
f 2172 2180 889
f 2180 2200 889
f 2200 2201 2221
f 2246 2291 2314
f 2374 2444 2399
f 571 555 2311
f 2192 2205 2199
f 2173 2180 2172
f 2279 2246 2275
f 2279 2291 2246
f 2292 2314 2291
f 2321 2362 2313
f 2362 2347 2313
f 2347 2389 2374
f 2444 955 2437
f 2292 2291 2279
f 2452 2444 2374
f 2054 2356 1996
f 2338 2306 154
f 2186 2192 2191
f 2193 2201 2200
f 2259 2221 2201
f 2247 2259 2201
f 2452 955 2444
f 2278 2277 2251
f 2338 2357 2306
f 2181 2186 2185
f 2276 2326 2281
f 2432 2457 2446
f 2198 2201 2193
f 2198 2232 2201
f 2232 2247 2201
f 2389 2452 2374
f 2452 1630 955
f 1403 1749 1444
f 1555 1996 1561
f 2357 2427 2385
f 2385 2428 230
f 2409 2415 2424
f 2304 2331 2299
f 2193 2200 2180
f 2445 2452 2389
f 1565 1759 1927
f 2380 1544 2370
f 2338 2427 2357
f 2427 2428 2385
f 230 222 253
f 2202 2198 2193
f 2202 2209 2198
f 2209 2241 2198
f 2241 2232 2198
f 2266 2275 2259
f 2365 1340 1128
f 2415 518 2424
f 2338 170 2427
f 170 2428 2427
f 2181 2185 2177
f 2196 2195 2189
f 2183 2193 2180
f 2453 1630 2452
f 2197 2214 2189
f 2401 2409 2414
f 822 2220 2197
f 1210 2361 2388
f 2187 2193 2183
f 2187 2202 2193
f 2266 2279 2275
f 2279 2300 2292
f 2375 2347 2362
f 2375 2390 2347
f 2390 2389 2347
f 2453 2452 2445
f 1347 1630 2453
f 1630 1347 522
f 2220 2206 2197
f 2262 2350 2286
f 170 254 2428
f 2457 1973 2446
f 1973 1365 2446
f 2174 2183 2180
f 2194 2202 2187
f 2222 2241 2209
f 2222 2260 2241
f 2266 2259 2247
f 2390 2445 2389
f 2264 2251 825
f 2363 2368 2351
f 2326 2393 2341
f 1855 1850 1851
f 2210 2209 2202
f 2210 2222 2209
f 2261 2260 2222
f 2280 2279 2266
f 2280 2300 2279
f 251 263 2359
f 2277 2304 2299
f 2220 2230 2206
f 2202 2194 2210
f 2213 2243 2234
f 2328 2327 2322
f 2294 2310 2293
f 2214 2196 2189
f 2196 2213 2219
f 2224 2222 2210
f 2421 2390 2375
f 2206 2230 2214
f 2194 2203 2210
f 2224 2261 2222
f 2421 2445 2390
f 2322 2327 2318
f 2393 2408 2341
f 1365 1973 510
f 2216 2210 2203
f 2216 2224 2210
f 2266 2308 2280
f 2280 2308 2300
f 2407 2421 2375
f 2175 2183 2174
f 2194 2190 2203
f 2454 2445 2421
f 522 1347 523
f 2456 2455 2423
f 823 2197 2178
f 2281 2333 2287
f 2188 2187 2183
f 2188 2190 2194
f 2187 2188 2194
f 2308 2315 2300
f 2407 2375 2362
f 2443 2420 2503
f 2420 2411 2503
f 2411 1493 2503
f 1493 1487 2503
f 1487 1318 2503
f 1318 1320 2503
f 1320 2443 2503
