# Utah Teapot Model
# Version: 1975 - Martin Newell
# Triangle Mesh Resolution: 9 (4500 faces)
o Utah Teapot

v -1.5 2.8 0
v -1.503429 2.789712 -0.08888889
v -1.51262 2.76214 -0.1555556
v -1.525926 2.722222 -0.2
v -1.541701 2.674897 -0.2222222
v -1.558299 2.625103 -0.2222222
v -1.574074 2.577778 -0.2
v -1.58738 2.53786 -0.1555555
v -1.596571 2.510288 -0.08888888
v -1.6 2.5 0
v -1.814815 2.799177 0
v -1.815064 2.788903 -0.08888891
v -1.815732 2.761369 -0.1555556
v -1.8167 2.721505 -0.2
v -1.817847 2.674246 -0.2222222
v -1.819053 2.62452 -0.2222222
v -1.8202 2.577259 -0.2
v -1.821168 2.537397 -0.1555556
v -1.821836 2.509862 -0.08888888
v -1.822085 2.499588 0
v -2.092593 2.793416 0
v -2.090142 2.783241 -0.0888889
v -2.083574 2.755971 -0.1555556
v -2.074064 2.716491 -0.2
v -2.06279 2.669686 -0.2222222
v -2.050928 2.620438 -0.2222222
v -2.039654 2.573632 -0.2
v -2.030144 2.534153 -0.1555556
v -2.023576 2.506883 -0.08888888
v -2.021125 2.496708 0
v -2.333333 2.777777 0
v -2.328634 2.76787 -0.08888889
v -2.316039 2.74132 -0.1555556
v -2.297805 2.70288 -0.2
v -2.276188 2.657308 -0.2222222
v -2.253442 2.609358 -0.2222222
v -2.231824 2.563786 -0.2
v -2.21359 2.525346 -0.1555555
v -2.200996 2.498796 -0.08888887
v -2.196296 2.488889 0
v -2.537037 2.747325 0
v -2.530513 2.73794 -0.0888889
v -2.513026 2.712789 -0.1555556
v -2.48771 2.676375 -0.2
v -2.457697 2.633206 -0.2222223
v -2.426117 2.587783 -0.2222222
v -2.396103 2.544612 -0.2
v -2.370788 2.508199 -0.1555556
v -2.353301 2.483047 -0.08888889
v -2.346776 2.473663 0
v -2.703704 2.697119 0
v -2.695749 2.688595 -0.08888888
v -2.67443 2.665751 -0.1555556
v -2.643565 2.632677 -0.2
v -2.606974 2.593468 -0.2222222
v -2.568472 2.552212 -0.2222222
v -2.53188 2.513001 -0.2
v -2.501016 2.479928 -0.1555555
v -2.479697 2.457084 -0.08888888
v -2.471742 2.44856 0
v -2.833333 2.622222 0
v -2.824315 2.614983 -0.08888889
v -2.800148 2.59558 -0.1555556
v -2.765157 2.567489 -0.2
v -2.723675 2.534187 -0.2222222
v -2.680028 2.499146 -0.2222222
v -2.638546 2.465844 -0.2
v -2.603556 2.437753 -0.1555555
v -2.579388 2.418351 -0.08888888
v -2.57037 2.411111 0
v -2.925926 2.517696 0
v -2.916183 2.512248 -0.0888889
v -2.890074 2.497649 -0.1555556
v -2.852273 2.476512 -0.2
v -2.807459 2.451455 -0.2222222
v -2.760305 2.425089 -0.2222222
v -2.71549 2.40003 -0.2
v -2.67769 2.378895 -0.1555555
v -2.651581 2.364295 -0.08888888
v -2.641838 2.358848 0
v -2.981482 2.378601 0
v -2.971325 2.375538 -0.0888889
v -2.944107 2.367331 -0.1555556
v -2.904699 2.355448 -0.2
v -2.85798 2.341362 -0.2222222
v -2.808824 2.326539 -0.2222222
v -2.762104 2.312453 -0.2
v -2.722698 2.30057 -0.1555555
v -2.695479 2.292363 -0.08888888
v -2.685322 2.2893 0
v -3 2.2 0
v -2.989712 2.2 -0.08888889
v -2.96214 2.2 -0.1555556
v -2.922222 2.2 -0.2
v -2.874897 2.2 -0.2222222
v -2.825103 2.2 -0.2222222
v -2.777778 2.2 -0.2
v -2.73786 2.2 -0.1555555
v -2.710288 2.2 -0.08888888
v -2.7 2.2 0
v -1.503429 2.789712 0.08888889
v -1.51262 2.76214 0.1555556
v -1.525926 2.722222 0.2
v -1.541701 2.674897 0.2222222
v -1.558299 2.625103 0.2222222
v -1.574074 2.577778 0.2
v -1.58738 2.53786 0.1555555
v -1.596571 2.510288 0.08888888
v -1.815064 2.788903 0.08888891
v -1.815732 2.761369 0.1555556
v -1.8167 2.721505 0.2
v -1.817847 2.674246 0.2222222
v -1.819053 2.62452 0.2222222
v -1.8202 2.577259 0.2
v -1.821168 2.537397 0.1555556
v -1.821836 2.509862 0.08888888
v -2.090142 2.783241 0.0888889
v -2.083574 2.755971 0.1555556
v -2.074064 2.716491 0.2
v -2.06279 2.669686 0.2222222
v -2.050928 2.620438 0.2222222
v -2.039654 2.573632 0.2
v -2.030144 2.534153 0.1555556
v -2.023576 2.506883 0.08888888
v -2.328634 2.76787 0.08888889
v -2.316039 2.74132 0.1555556
v -2.297805 2.70288 0.2
v -2.276188 2.657308 0.2222222
v -2.253442 2.609358 0.2222222
v -2.231824 2.563786 0.2
v -2.21359 2.525346 0.1555555
v -2.200996 2.498796 0.08888887
v -2.530513 2.73794 0.0888889
v -2.513026 2.712789 0.1555556
v -2.48771 2.676375 0.2
v -2.457697 2.633206 0.2222223
v -2.426117 2.587783 0.2222222
v -2.396103 2.544612 0.2
v -2.370788 2.508199 0.1555556
v -2.353301 2.483047 0.08888889
v -2.695749 2.688595 0.08888888
v -2.67443 2.665751 0.1555556
v -2.643565 2.632677 0.2
v -2.606974 2.593468 0.2222222
v -2.568472 2.552212 0.2222222
v -2.53188 2.513001 0.2
v -2.501016 2.479928 0.1555555
v -2.479697 2.457084 0.08888888
v -2.824315 2.614983 0.08888889
v -2.800148 2.59558 0.1555556
v -2.765157 2.567489 0.2
v -2.723675 2.534187 0.2222222
v -2.680028 2.499146 0.2222222
v -2.638546 2.465844 0.2
v -2.603556 2.437753 0.1555555
v -2.579388 2.418351 0.08888888
v -2.916183 2.512248 0.0888889
v -2.890074 2.497649 0.1555556
v -2.852273 2.476512 0.2
v -2.807459 2.451455 0.2222222
v -2.760305 2.425089 0.2222222
v -2.71549 2.40003 0.2
v -2.67769 2.378895 0.1555555
v -2.651581 2.364295 0.08888888
v -2.971325 2.375538 0.0888889
v -2.944107 2.367331 0.1555556
v -2.904699 2.355448 0.2
v -2.85798 2.341362 0.2222222
v -2.808824 2.326539 0.2222222
v -2.762104 2.312453 0.2
v -2.722698 2.30057 0.1555555
v -2.695479 2.292363 0.08888888
v -2.989712 2.2 0.08888889
v -2.96214 2.2 0.1555556
v -2.922222 2.2 0.2
v -2.874897 2.2 0.2222222
v -2.825103 2.2 0.2222222
v -2.777778 2.2 0.2
v -2.73786 2.2 0.1555555
v -2.710288 2.2 0.08888888
v -2.986969 2.00192 0
v -2.976868 2.004931 -0.08888891
v -2.949801 2.013 -0.1555556
v -2.910613 2.024681 -0.2
v -2.864154 2.038531 -0.2222222
v -2.815271 2.053102 -0.2222222
v -2.768811 2.066952 -0.2
v -2.729623 2.078633 -0.1555556
v -2.702555 2.086701 -0.08888888
v -2.692456 2.089712 0
v -2.9476 1.807956 0
v -2.938055 1.813244 -0.0888889
v -2.912475 1.827414 -0.1555556
v -2.875441 1.84793 -0.2
v -2.831535 1.872252 -0.2222222
v -2.785338 1.897844 -0.2222222
v -2.741432 1.922166 -0.2
v -2.704398 1.942682 -0.1555556
v -2.678818 1.956852 -0.08888888
v -2.669273 1.96214 0
v -2.881481 1.618518 0
v -2.872844 1.625504 -0.08888889
v -2.849698 1.644226 -0.1555556
v -2.816186 1.67133 -0.2
v -2.776457 1.703465 -0.2222222
v -2.734654 1.737275 -0.2222222
v -2.694924 1.76941 -0.2
v -2.661413 1.796515 -0.1555555
v -2.638266 1.815236 -0.08888887
v -2.629629 1.822222 0
v -2.788203 1.434019 0
v -2.780813 1.44228 -0.0888889
v -2.761007 1.464418 -0.1555556
v -2.732332 1.496469 -0.2
v -2.698338 1.534468 -0.2222223
v -2.662569 1.574449 -0.2222222
v -2.628573 1.612448 -0.2
v -2.599899 1.644498 -0.1555556
v -2.580093 1.666637 -0.08888889
v -2.572702 1.674897 0
v -2.667352 1.25487 0
v -2.661534 1.264137 -0.08888888
v -2.645939 1.288973 -0.1555556
v -2.62336 1.32493 -0.2
v -2.596592 1.36756 -0.2222222
v -2.568428 1.412413 -0.2222222
v -2.54166 1.455042 -0.2
v -2.519082 1.490999 -0.1555555
v -2.503487 1.515836 -0.08888888
v -2.497668 1.525103 0
v -2.518518 1.081481 0
v -2.514581 1.091643 -0.08888889
v -2.504029 1.118874 -0.1555556
v -2.488751 1.158299 -0.2
v -2.47064 1.20504 -0.2222222
v -2.451583 1.254219 -0.2222222
v -2.43347 1.30096 -0.2
v -2.418193 1.340385 -0.1555555
v -2.407641 1.367617 -0.08888888
v -2.403704 1.377778 0
v -2.34129 0.9142662 0
v -2.33953 0.9253634 -0.0888889
v -2.334815 0.9551037 -0.1555556
v -2.327988 0.9981607 -0.2
v -2.319896 1.049208 -0.2222222
v -2.31138 1.102918 -0.2222222
v -2.303287 1.153965 -0.2
v -2.296461 1.197022 -0.1555555
v -2.291746 1.226763 -0.08888888
v -2.289986 1.23786 0
v -2.135254 0.7536352 0
v -2.135955 0.7658662 -0.0888889
v -2.137833 0.7986448 -0.1555556
v -2.140553 0.8461005 -0.2
v -2.143777 0.9023629 -0.2222222
v -2.14717 0.9615603 -0.2222222
v -2.150394 1.017823 -0.2
v -2.153113 1.065278 -0.1555555
v -2.154992 1.098057 -0.08888888
v -2.155693 1.110288 0
v -1.9 0.6 0
v -1.90343 0.6137176 -0.08888889
v -1.91262 0.6504802 -0.1555556
v -1.925926 0.7037036 -0.2
v -1.941701 0.7668039 -0.2222222
v -1.958299 0.8331961 -0.2222222
v -1.974074 0.8962964 -0.2
v -1.98738 0.9495199 -0.1555555
v -1.996571 0.9862826 -0.08888888
v -2 1 0
v -2.976868 2.004931 0.08888891
v -2.949801 2.013 0.1555556
v -2.910613 2.024681 0.2
v -2.864154 2.038531 0.2222222
v -2.815271 2.053102 0.2222222
v -2.768811 2.066952 0.2
v -2.729623 2.078633 0.1555556
v -2.702555 2.086701 0.08888888
v -2.938055 1.813244 0.0888889
v -2.912475 1.827414 0.1555556
v -2.875441 1.84793 0.2
v -2.831535 1.872252 0.2222222
v -2.785338 1.897844 0.2222222
v -2.741432 1.922166 0.2
v -2.704398 1.942682 0.1555556
v -2.678818 1.956852 0.08888888
v -2.872844 1.625504 0.08888889
v -2.849698 1.644226 0.1555556
v -2.816186 1.67133 0.2
v -2.776457 1.703465 0.2222222
v -2.734654 1.737275 0.2222222
v -2.694924 1.76941 0.2
v -2.661413 1.796515 0.1555555
v -2.638266 1.815236 0.08888887
v -2.780813 1.44228 0.0888889
v -2.761007 1.464418 0.1555556
v -2.732332 1.496469 0.2
v -2.698338 1.534468 0.2222223
v -2.662569 1.574449 0.2222222
v -2.628573 1.612448 0.2
v -2.599899 1.644498 0.1555556
v -2.580093 1.666637 0.08888889
v -2.661534 1.264137 0.08888888
v -2.645939 1.288973 0.1555556
v -2.62336 1.32493 0.2
v -2.596592 1.36756 0.2222222
v -2.568428 1.412413 0.2222222
v -2.54166 1.455042 0.2
v -2.519082 1.490999 0.1555555
v -2.503487 1.515836 0.08888888
v -2.514581 1.091643 0.08888889
v -2.504029 1.118874 0.1555556
v -2.488751 1.158299 0.2
v -2.47064 1.20504 0.2222222
v -2.451583 1.254219 0.2222222
v -2.43347 1.30096 0.2
v -2.418193 1.340385 0.1555555
v -2.407641 1.367617 0.08888888
v -2.33953 0.9253634 0.0888889
v -2.334815 0.9551037 0.1555556
v -2.327988 0.9981607 0.2
v -2.319896 1.049208 0.2222222
v -2.31138 1.102918 0.2222222
v -2.303287 1.153965 0.2
v -2.296461 1.197022 0.1555555
v -2.291746 1.226763 0.08888888
v -2.135955 0.7658662 0.0888889
v -2.137833 0.7986448 0.1555556
v -2.140553 0.8461005 0.2
v -2.143777 0.9023629 0.2222222
v -2.14717 0.9615603 0.2222222
v -2.150394 1.017823 0.2
v -2.153113 1.065278 0.1555555
v -2.154992 1.098057 0.08888888
v -1.90343 0.6137176 0.08888889
v -1.91262 0.6504802 0.1555556
v -1.925926 0.7037036 0.2
v -1.941701 0.7668039 0.2222222
v -1.958299 0.8331961 0.2222222
v -1.974074 0.8962964 0.2
v -1.98738 0.9495199 0.1555555
v -1.996571 0.9862826 0.08888888
v 2.8 3 0
v 2.813717 3 -0.04444445
v 2.85048 3 -0.07777779
v 2.903703 3 -0.1
v 2.966804 3 -0.1111111
v 3.033196 3 -0.1111111
v 3.096296 3 -0.1
v 3.14952 3 -0.07777777
v 3.186283 3 -0.04444444
v 3.2 3 0
v 2.8262 3.02963 0
v 2.841649 3.03011 -0.04546056
v 2.883051 3.031396 -0.07955597
v 2.942991 3.033257 -0.1022862
v 3.014055 3.035465 -0.1136514
v 3.088826 3.037787 -0.1136514
v 3.159889 3.039994 -0.1022862
v 3.21983 3.041856 -0.07955596
v 3.261232 3.043142 -0.04546055
v 3.276681 3.043622 0
v 2.839232 3.051852 0
v 2.856384 3.052643 -0.04818372
v 2.902349 3.054761 -0.08432151
v 2.968897 3.057826 -0.1084134
v 3.047794 3.061463 -0.1204593
v 3.130807 3.065287 -0.1204593
v 3.209704 3.068923 -0.1084134
v 3.276252 3.071989 -0.08432149
v 3.322218 3.074107 -0.04818371
v 3.339369 3.074898 0
v 2.84074 3.066666 0
v 2.859475 3.067619 -0.0521262
v 2.909683 3.070172 -0.09122085
v 2.982373 3.073868 -0.1172839
v 3.068552 3.07825 -0.1303155
v 3.159226 3.08286 -0.1303155
v 3.245404 3.087242 -0.1172839
v 3.318094 3.090939 -0.09122083
v 3.368303 3.093492 -0.05212619
v 3.387037 3.094444 0
v 2.832373 3.074075 0
v 2.852479 3.075063 -0.05680029
v 2.906363 3.07771 -0.09940051
v 2.984372 3.081542 -0.1278006
v 3.076859 3.086087 -0.1420007
v 3.17417 3.090869 -0.1420007
v 3.266657 3.095412 -0.1278006
v 3.344667 3.099246 -0.09940051
v 3.398551 3.101893 -0.05680029
v 3.418656 3.102881 0
v 2.815775 3.074074 0
v 2.836948 3.074992 -0.06171824
v 2.893694 3.07745 -0.1080069
v 2.975847 3.081009 -0.138866
v 3.073246 3.085229 -0.1542956
v 3.175726 3.089668 -0.1542956
v 3.273124 3.093888 -0.138866
v 3.355277 3.097447 -0.1080069
v 3.412023 3.099906 -0.06171822
v 3.433196 3.100823 0
v 2.792593 3.066666 0
v 2.814439 3.067429 -0.06639232
v 2.872987 3.069472 -0.1161866
v 2.95775 3.072428 -0.1493827
v 3.058244 3.075934 -0.1659808
v 3.163979 3.079622 -0.1659808
v 3.264472 3.083127 -0.1493827
v 3.349236 3.086084 -0.1161866
v 3.407784 3.088127 -0.06639231
v 3.42963 3.088889 0
v 2.764472 3.051852 0
v 2.786504 3.052395 -0.07033481
v 2.84555 3.053851 -0.1230859
v 2.931034 3.055959 -0.1582533
v 3.032382 3.058459 -0.175837
v 3.139017 3.061088 -0.175837
v 3.240365 3.063587 -0.1582533
v 3.325849 3.065696 -0.1230859
v 3.384895 3.067152 -0.07033479
v 3.406927 3.067695 0
v 2.733059 3.02963 0
v 2.754699 3.029912 -0.07305797
v 2.812692 3.030668 -0.1278515
v 2.896652 3.031763 -0.1643804
v 2.996193 3.033062 -0.1826449
v 3.100927 3.034428 -0.1826449
v 3.200467 3.035726 -0.1643804
v 3.284428 3.036822 -0.1278514
v 3.342421 3.037578 -0.07305796
v 3.36406 3.03786 0
v 2.7 3 0
v 2.720577 3 -0.07407407
v 2.775721 3 -0.1296296
v 2.855555 3 -0.1666667
v 2.950206 3 -0.1851852
v 3.049794 3 -0.1851852
v 3.144444 3 -0.1666667
v 3.22428 3 -0.1296296
v 3.279424 3 -0.07407406
v 3.3 3 0
v 2.813717 3 0.04444445
v 2.85048 3 0.07777779
v 2.903703 3 0.1
v 2.966804 3 0.1111111
v 3.033196 3 0.1111111
v 3.096296 3 0.1
v 3.14952 3 0.07777777
v 3.186283 3 0.04444444
v 2.841649 3.03011 0.04546056
v 2.883051 3.031396 0.07955597
v 2.942991 3.033257 0.1022862
v 3.014055 3.035465 0.1136514
v 3.088826 3.037787 0.1136514
v 3.159889 3.039994 0.1022862
v 3.21983 3.041856 0.07955596
v 3.261232 3.043142 0.04546055
v 2.856384 3.052643 0.04818372
v 2.902349 3.054761 0.08432151
v 2.968897 3.057826 0.1084134
v 3.047794 3.061463 0.1204593
v 3.130807 3.065287 0.1204593
v 3.209704 3.068923 0.1084134
v 3.276252 3.071989 0.08432149
v 3.322218 3.074107 0.04818371
v 2.859475 3.067619 0.0521262
v 2.909683 3.070172 0.09122085
v 2.982373 3.073868 0.1172839
v 3.068552 3.07825 0.1303155
v 3.159226 3.08286 0.1303155
v 3.245404 3.087242 0.1172839
v 3.318094 3.090939 0.09122083
v 3.368303 3.093492 0.05212619
v 2.852479 3.075063 0.05680029
v 2.906363 3.07771 0.09940051
v 2.984372 3.081542 0.1278006
v 3.076859 3.086087 0.1420007
v 3.17417 3.090869 0.1420007
v 3.266657 3.095412 0.1278006
v 3.344667 3.099246 0.09940051
v 3.398551 3.101893 0.05680029
v 2.836948 3.074992 0.06171824
v 2.893694 3.07745 0.1080069
v 2.975847 3.081009 0.138866
v 3.073246 3.085229 0.1542956
v 3.175726 3.089668 0.1542956
v 3.273124 3.093888 0.138866
v 3.355277 3.097447 0.1080069
v 3.412023 3.099906 0.06171822
v 2.814439 3.067429 0.06639232
v 2.872987 3.069472 0.1161866
v 2.95775 3.072428 0.1493827
v 3.058244 3.075934 0.1659808
v 3.163979 3.079622 0.1659808
v 3.264472 3.083127 0.1493827
v 3.349236 3.086084 0.1161866
v 3.407784 3.088127 0.06639231
v 2.786504 3.052395 0.07033481
v 2.84555 3.053851 0.1230859
v 2.931034 3.055959 0.1582533
v 3.032382 3.058459 0.175837
v 3.139017 3.061088 0.175837
v 3.240365 3.063587 0.1582533
v 3.325849 3.065696 0.1230859
v 3.384895 3.067152 0.07033479
v 2.754699 3.029912 0.07305797
v 2.812692 3.030668 0.1278515
v 2.896652 3.031763 0.1643804
v 2.996193 3.033062 0.1826449
v 3.100927 3.034428 0.1826449
v 3.200467 3.035726 0.1643804
v 3.284428 3.036822 0.1278514
v 3.342421 3.037578 0.07305796
v 2.720577 3 0.07407407
v 2.775721 3 0.1296296
v 2.855555 3 0.1666667
v 2.950206 3 0.1851852
v 3.049794 3 0.1851852
v 3.144444 3 0.1666667
v 3.22428 3 0.1296296
v 3.279424 3 0.07407406
v 2.589986 2.850069 0
v 2.605906 2.848211 -0.07824011
v 2.648569 2.843231 -0.1369202
v 2.710334 2.83602 -0.1760402
v 2.783561 2.827474 -0.1956003
v 2.860609 2.81848 -0.1956002
v 2.933836 2.809932 -0.1760402
v 2.995602 2.802723 -0.1369202
v 3.038265 2.797743 -0.0782401
v 3.054184 2.795885 0
v 2.516187 2.674623 0
v 2.529227 2.669665 -0.08940508
v 2.564174 2.656377 -0.1564589
v 2.614769 2.637138 -0.2011614
v 2.674754 2.614331 -0.2235127
v 2.737867 2.590333 -0.2235127
v 2.797851 2.567525 -0.2011614
v 2.848446 2.548287 -0.1564589
v 2.883394 2.535 -0.08940505
v 2.896434 2.530041 0
v 2.462963 2.485185 0
v 2.474394 2.476167 -0.1055693
v 2.50503 2.451999 -0.1847462
v 2.549382 2.417009 -0.2375308
v 2.601966 2.375527 -0.2639232
v 2.657293 2.33188 -0.2639232
v 2.709877 2.290397 -0.2375308
v 2.75423 2.255408 -0.1847462
v 2.784865 2.23124 -0.1055693
v 2.796296 2.222222 0
v 2.414678 2.293279 0
v 2.425262 2.279524 -0.124733
v 2.453629 2.24266 -0.2182828
v 2.494696 2.18929 -0.2806493
v 2.543385 2.126017 -0.3118326
v 2.594613 2.059443 -0.3118325
v 2.643301 1.99617 -0.2806493
v 2.684369 1.9428 -0.2182828
v 2.712735 1.905936 -0.124733
v 2.72332 1.892181 0
v 2.355693 2.110425 0
v 2.365685 2.091538 -0.1448966
v 2.392462 2.04092 -0.2535691
v 2.43123 1.967637 -0.3260174
v 2.477192 1.880755 -0.3622416
v 2.525552 1.789341 -0.3622415
v 2.571514 1.702459 -0.3260174
v 2.610281 1.629176 -0.2535691
v 2.637059 1.578558 -0.1448966
v 2.647051 1.559671 0
v 2.27037 1.948148 0
v 2.279515 1.924016 -0.1640604
v 2.304024 1.859341 -0.2871056
v 2.339506 1.765706 -0.3691358
v 2.381573 1.654697 -0.410151
v 2.425835 1.537895 -0.4101509
v 2.467901 1.426886 -0.3691358
v 2.503384 1.333252 -0.2871056
v 2.527892 1.268577 -0.1640603
v 2.537037 1.244444 0
v 2.143073 1.81797 0
v 2.150609 1.788762 -0.1802246
v 2.170806 1.710483 -0.315393
v 2.200046 1.597155 -0.4055052
v 2.234712 1.462797 -0.4505615
v 2.271187 1.321428 -0.4505614
v 2.305853 1.18707 -0.4055052
v 2.335093 1.073742 -0.315393
v 2.35529 0.9954636 -0.1802246
v 2.362826 0.9662551 0
v 1.958162 1.731413 0
v 1.962819 1.697581 -0.1913895
v 1.9753 1.606909 -0.3349317
v 1.99337 1.475639 -0.4306264
v 2.014793 1.320009 -0.4784739
v 2.037333 1.15626 -0.4784738
v 2.058756 1.00063 -0.4306264
v 2.076826 0.8693597 -0.3349317
v 2.089307 0.7786886 -0.1913895
v 2.093964 0.744856 0
v 1.7 1.7 0
v 1.7 1.662277 -0.1955556
v 1.7 1.56118 -0.3422223
v 1.7 1.414814 -0.44
v 1.7 1.241289 -0.488889
v 1.7 1.058711 -0.4888889
v 1.7 0.8851851 -0.44
v 1.7 0.7388203 -0.3422222
v 1.7 0.637723 -0.1955555
v 1.7 0.6 0
v 2.605906 2.848211 0.07824011
v 2.648569 2.843231 0.1369202
v 2.710334 2.83602 0.1760402
v 2.783561 2.827474 0.1956003
v 2.860609 2.81848 0.1956002
v 2.933836 2.809932 0.1760402
v 2.995602 2.802723 0.1369202
v 3.038265 2.797743 0.0782401
v 2.529227 2.669665 0.08940508
v 2.564174 2.656377 0.1564589
v 2.614769 2.637138 0.2011614
v 2.674754 2.614331 0.2235127
v 2.737867 2.590333 0.2235127
v 2.797851 2.567525 0.2011614
v 2.848446 2.548287 0.1564589
v 2.883394 2.535 0.08940505
v 2.474394 2.476167 0.1055693
v 2.50503 2.451999 0.1847462
v 2.549382 2.417009 0.2375308
v 2.601966 2.375527 0.2639232
v 2.657293 2.33188 0.2639232
v 2.709877 2.290397 0.2375308
v 2.75423 2.255408 0.1847462
v 2.784865 2.23124 0.1055693
v 2.425262 2.279524 0.124733
v 2.453629 2.24266 0.2182828
v 2.494696 2.18929 0.2806493
v 2.543385 2.126017 0.3118326
v 2.594613 2.059443 0.3118325
v 2.643301 1.99617 0.2806493
v 2.684369 1.9428 0.2182828
v 2.712735 1.905936 0.124733
v 2.365685 2.091538 0.1448966
v 2.392462 2.04092 0.2535691
v 2.43123 1.967637 0.3260174
v 2.477192 1.880755 0.3622416
v 2.525552 1.789341 0.3622415
v 2.571514 1.702459 0.3260174
v 2.610281 1.629176 0.2535691
v 2.637059 1.578558 0.1448966
v 2.279515 1.924016 0.1640604
v 2.304024 1.859341 0.2871056
v 2.339506 1.765706 0.3691358
v 2.381573 1.654697 0.410151
v 2.425835 1.537895 0.4101509
v 2.467901 1.426886 0.3691358
v 2.503384 1.333252 0.2871056
v 2.527892 1.268577 0.1640603
v 2.150609 1.788762 0.1802246
v 2.170806 1.710483 0.315393
v 2.200046 1.597155 0.4055052
v 2.234712 1.462797 0.4505615
v 2.271187 1.321428 0.4505614
v 2.305853 1.18707 0.4055052
v 2.335093 1.073742 0.315393
v 2.35529 0.9954636 0.1802246
v 1.962819 1.697581 0.1913895
v 1.9753 1.606909 0.3349317
v 1.99337 1.475639 0.4306264
v 2.014793 1.320009 0.4784739
v 2.037333 1.15626 0.4784738
v 2.058756 1.00063 0.4306264
v 2.076826 0.8693597 0.3349317
v 2.089307 0.7786886 0.1913895
v 1.7 1.662277 0.1955556
v 1.7 1.56118 0.3422223
v 1.7 1.414814 0.44
v 1.7 1.241289 0.488889
v 1.7 1.058711 0.4888889
v 1.7 0.8851851 0.44
v 1.7 0.7388203 0.3422222
v 1.7 0.637723 0.1955555
v 0 4 0
v -0.210974 3.986008 0
v -0.2076458 3.986008 -0.03849027
v -0.1980232 3.986008 -0.07448452
v -0.1826486 3.986008 -0.1074401
v -0.1620648 3.986008 -0.1368145
v -0.1368144 3.986008 -0.1620648
v -0.1074401 3.986008 -0.1826486
v -0.07448451 3.986008 -0.1980232
v -0.03849026 3.986008 -0.2076458
v 0 3.986008 -0.210974
v -0.3248285 3.947325 0
v -0.3197042 3.947325 -0.05926083
v -0.3048882 3.947325 -0.1146792
v -0.281216 3.947325 -0.1654195
v -0.2495236 3.947325 -0.2106462
v -0.2106462 3.947325 -0.2495236
v -0.1654195 3.947325 -0.2812161
v -0.1146792 3.947325 -0.3048882
v -0.05926083 3.947325 -0.3197042
v 0 3.947325 -0.3248285
v -0.3629629 3.888888 0
v -0.3572366 3.888888 -0.06621471
v -0.3406802 3.888889 -0.1281374
v -0.3142276 3.888888 -0.184834
v -0.2788132 3.888889 -0.2353706
v -0.2353706 3.888888 -0.2788132
v -0.184834 3.888888 -0.3142277
v -0.1281374 3.888888 -0.3406802
v -0.0662147 3.888888 -0.3572366
v 0 3.888888 -0.3629629
v -0.3467765 3.815638 0
v -0.3413046 3.815638 -0.06325493
v -0.3254844 3.815638 -0.1224125
v -0.3002087 3.815638 -0.1765796
v -0.2663708 3.815638 -0.2248634
v -0.2248634 3.815638 -0.2663708
v -0.1765796 3.815638 -0.3002087
v -0.1224125 3.815638 -0.3254844
v -0.06325492 3.815638 -0.3413046
v 0 3.815638 -0.3467765
v -0.297668 3.73251 0
v -0.2929695 3.73251 -0.05428448
v -0.2793857 3.732511 -0.1050578
v -0.2576843 3.73251 -0.1515521
v -0.2286332 3.732511 -0.1929998
v -0.1929998 3.73251 -0.2286331
v -0.1515521 3.73251 -0.2576843
v -0.1050578 3.73251 -0.2793857
v -0.05428448 3.73251 -0.2929695
v 0 3.73251 -0.297668
v -0.237037 3.644444 0
v -0.2332929 3.644444 -0.04320643
v -0.2224694 3.644444 -0.08362669
v -0.2051797 3.644444 -0.1206475
v -0.1820373 3.644444 -0.1536555
v -0.1536554 3.644444 -0.1820373
v -0.1206474 3.644444 -0.2051797
v -0.08362667 3.644444 -0.2224694
v -0.04320642 3.644444 -0.2332929
v 0 3.644444 -0.237037
v -0.1862826 3.556378 0
v -0.1833362 3.556379 -0.03392375
v -0.1748204 3.556379 -0.06567259
v -0.1612201 3.556378 -0.09476157
v -0.1430203 3.556379 -0.1207058
v -0.1207058 3.556379 -0.1430203
v -0.09476155 3.556379 -0.1612201
v -0.06567258 3.556378 -0.1748204
v -0.03392375 3.556378 -0.1833362
v 0 3.556378 -0.1862826
v -0.1668039 3.473251 0
v -0.164161 3.473251 -0.03033949
v -0.1565241 3.473251 -0.05874883
v -0.1443308 3.473251 -0.08479032
v -0.128019 3.473251 -0.1080263
v -0.1080263 3.473251 -0.128019
v -0.08479032 3.473251 -0.1443308
v -0.05874883 3.473251 -0.1565241
v -0.03033949 3.473251 -0.164161
v 0 3.473251 -0.1668039
v -0.2 3.4 0
v -0.1968286 3.4 -0.03635665
v -0.1876653 3.4 -0.07040878
v -0.173037 3.4 -0.1016296
v -0.1534705 3.4 -0.1294925
v -0.1294924 3.4 -0.1534705
v -0.1016296 3.4 -0.173037
v -0.07040878 3.4 -0.1876653
v -0.03635665 3.4 -0.1968285
v 0 3.4 -0.2
v 0.03849027 3.986008 -0.2076458
v 0.07448452 3.986008 -0.1980232
v 0.1074401 3.986008 -0.1826486
v 0.1368145 3.986008 -0.1620648
v 0.1620648 3.986008 -0.1368144
v 0.1826486 3.986008 -0.1074401
v 0.1980232 3.986008 -0.07448451
v 0.2076458 3.986008 -0.03849026
v 0.210974 3.986008 0
v 0.05926083 3.947325 -0.3197042
v 0.1146792 3.947325 -0.3048882
v 0.1654195 3.947325 -0.281216
v 0.2106462 3.947325 -0.2495236
v 0.2495236 3.947325 -0.2106462
v 0.2812161 3.947325 -0.1654195
v 0.3048882 3.947325 -0.1146792
v 0.3197042 3.947325 -0.05926083
v 0.3248285 3.947325 0
v 0.06621471 3.888888 -0.3572366
v 0.1281374 3.888889 -0.3406802
v 0.184834 3.888888 -0.3142276
v 0.2353706 3.888889 -0.2788132
v 0.2788132 3.888888 -0.2353706
v 0.3142277 3.888888 -0.184834
v 0.3406802 3.888888 -0.1281374
v 0.3572366 3.888888 -0.0662147
v 0.3629629 3.888888 0
v 0.06325493 3.815638 -0.3413046
v 0.1224125 3.815638 -0.3254844
v 0.1765796 3.815638 -0.3002087
v 0.2248634 3.815638 -0.2663708
v 0.2663708 3.815638 -0.2248634
v 0.3002087 3.815638 -0.1765796
v 0.3254844 3.815638 -0.1224125
v 0.3413046 3.815638 -0.06325492
v 0.3467765 3.815638 0
v 0.05428448 3.73251 -0.2929695
v 0.1050578 3.732511 -0.2793857
v 0.1515521 3.73251 -0.2576843
v 0.1929998 3.732511 -0.2286332
v 0.2286331 3.73251 -0.1929998
v 0.2576843 3.73251 -0.1515521
v 0.2793857 3.73251 -0.1050578
v 0.2929695 3.73251 -0.05428448
v 0.297668 3.73251 0
v 0.04320643 3.644444 -0.2332929
v 0.08362669 3.644444 -0.2224694
v 0.1206475 3.644444 -0.2051797
v 0.1536555 3.644444 -0.1820373
v 0.1820373 3.644444 -0.1536554
v 0.2051797 3.644444 -0.1206474
v 0.2224694 3.644444 -0.08362667
v 0.2332929 3.644444 -0.04320642
v 0.237037 3.644444 0
v 0.03392375 3.556379 -0.1833362
v 0.06567259 3.556379 -0.1748204
v 0.09476157 3.556378 -0.1612201
v 0.1207058 3.556379 -0.1430203
v 0.1430203 3.556379 -0.1207058
v 0.1612201 3.556379 -0.09476155
v 0.1748204 3.556378 -0.06567258
v 0.1833362 3.556378 -0.03392375
v 0.1862826 3.556378 0
v 0.03033949 3.473251 -0.164161
v 0.05874883 3.473251 -0.1565241
v 0.08479032 3.473251 -0.1443308
v 0.1080263 3.473251 -0.128019
v 0.128019 3.473251 -0.1080263
v 0.1443308 3.473251 -0.08479032
v 0.1565241 3.473251 -0.05874883
v 0.164161 3.473251 -0.03033949
v 0.1668039 3.473251 0
v 0.03635665 3.4 -0.1968286
v 0.07040878 3.4 -0.1876653
v 0.1016296 3.4 -0.173037
v 0.1294925 3.4 -0.1534705
v 0.1534705 3.4 -0.1294924
v 0.173037 3.4 -0.1016296
v 0.1876653 3.4 -0.07040878
v 0.1968285 3.4 -0.03635665
v 0.2 3.4 0
v 0 3.986008 0.210974
v 0.03849027 3.986008 0.2076458
v 0.07448452 3.986008 0.1980232
v 0.1074401 3.986008 0.1826486
v 0.1368145 3.986008 0.1620648
v 0.1620648 3.986008 0.1368144
v 0.1826486 3.986008 0.1074401
v 0.1980232 3.986008 0.07448451
v 0.2076458 3.986008 0.03849026
v 0 3.947325 0.3248285
v 0.05926083 3.947325 0.3197042
v 0.1146792 3.947325 0.3048882
v 0.1654195 3.947325 0.281216
v 0.2106462 3.947325 0.2495236
v 0.2495236 3.947325 0.2106462
v 0.2812161 3.947325 0.1654195
v 0.3048882 3.947325 0.1146792
v 0.3197042 3.947325 0.05926083
v 0 3.888888 0.3629629
v 0.06621471 3.888888 0.3572366
v 0.1281374 3.888889 0.3406802
v 0.184834 3.888888 0.3142276
v 0.2353706 3.888889 0.2788132
v 0.2788132 3.888888 0.2353706
v 0.3142277 3.888888 0.184834
v 0.3406802 3.888888 0.1281374
v 0.3572366 3.888888 0.0662147
v 0 3.815638 0.3467765
v 0.06325493 3.815638 0.3413046
v 0.1224125 3.815638 0.3254844
v 0.1765796 3.815638 0.3002087
v 0.2248634 3.815638 0.2663708
v 0.2663708 3.815638 0.2248634
v 0.3002087 3.815638 0.1765796
v 0.3254844 3.815638 0.1224125
v 0.3413046 3.815638 0.06325492
v 0 3.73251 0.297668
v 0.05428448 3.73251 0.2929695
v 0.1050578 3.732511 0.2793857
v 0.1515521 3.73251 0.2576843
v 0.1929998 3.732511 0.2286332
v 0.2286331 3.73251 0.1929998
v 0.2576843 3.73251 0.1515521
v 0.2793857 3.73251 0.1050578
v 0.2929695 3.73251 0.05428448
v 0 3.644444 0.237037
v 0.04320643 3.644444 0.2332929
v 0.08362669 3.644444 0.2224694
v 0.1206475 3.644444 0.2051797
v 0.1536555 3.644444 0.1820373
v 0.1820373 3.644444 0.1536554
v 0.2051797 3.644444 0.1206474
v 0.2224694 3.644444 0.08362667
v 0.2332929 3.644444 0.04320642
v 0 3.556378 0.1862826
v 0.03392375 3.556379 0.1833362
v 0.06567259 3.556379 0.1748204
v 0.09476157 3.556378 0.1612201
v 0.1207058 3.556379 0.1430203
v 0.1430203 3.556379 0.1207058
v 0.1612201 3.556379 0.09476155
v 0.1748204 3.556378 0.06567258
v 0.1833362 3.556378 0.03392375
v 0 3.473251 0.1668039
v 0.03033949 3.473251 0.164161
v 0.05874883 3.473251 0.1565241
v 0.08479032 3.473251 0.1443308
v 0.1080263 3.473251 0.128019
v 0.128019 3.473251 0.1080263
v 0.1443308 3.473251 0.08479032
v 0.1565241 3.473251 0.05874883
v 0.164161 3.473251 0.03033949
v 0 3.4 0.2
v 0.03635665 3.4 0.1968286
v 0.07040878 3.4 0.1876653
v 0.1016296 3.4 0.173037
v 0.1294925 3.4 0.1534705
v 0.1534705 3.4 0.1294924
v 0.173037 3.4 0.1016296
v 0.1876653 3.4 0.07040878
v 0.1968285 3.4 0.03635665
v -0.2076458 3.986008 0.03849027
v -0.1980232 3.986008 0.07448452
v -0.1826486 3.986008 0.1074401
v -0.1620648 3.986008 0.1368145
v -0.1368144 3.986008 0.1620648
v -0.1074401 3.986008 0.1826486
v -0.07448451 3.986008 0.1980232
v -0.03849026 3.986008 0.2076458
v -0.3197042 3.947325 0.05926083
v -0.3048882 3.947325 0.1146792
v -0.281216 3.947325 0.1654195
v -0.2495236 3.947325 0.2106462
v -0.2106462 3.947325 0.2495236
v -0.1654195 3.947325 0.2812161
v -0.1146792 3.947325 0.3048882
v -0.05926083 3.947325 0.3197042
v -0.3572366 3.888888 0.06621471
v -0.3406802 3.888889 0.1281374
v -0.3142276 3.888888 0.184834
v -0.2788132 3.888889 0.2353706
v -0.2353706 3.888888 0.2788132
v -0.184834 3.888888 0.3142277
v -0.1281374 3.888888 0.3406802
v -0.0662147 3.888888 0.3572366
v -0.3413046 3.815638 0.06325493
v -0.3254844 3.815638 0.1224125
v -0.3002087 3.815638 0.1765796
v -0.2663708 3.815638 0.2248634
v -0.2248634 3.815638 0.2663708
v -0.1765796 3.815638 0.3002087
v -0.1224125 3.815638 0.3254844
v -0.06325492 3.815638 0.3413046
v -0.2929695 3.73251 0.05428448
v -0.2793857 3.732511 0.1050578
v -0.2576843 3.73251 0.1515521
v -0.2286332 3.732511 0.1929998
v -0.1929998 3.73251 0.2286331
v -0.1515521 3.73251 0.2576843
v -0.1050578 3.73251 0.2793857
v -0.05428448 3.73251 0.2929695
v -0.2332929 3.644444 0.04320643
v -0.2224694 3.644444 0.08362669
v -0.2051797 3.644444 0.1206475
v -0.1820373 3.644444 0.1536555
v -0.1536554 3.644444 0.1820373
v -0.1206474 3.644444 0.2051797
v -0.08362667 3.644444 0.2224694
v -0.04320642 3.644444 0.2332929
v -0.1833362 3.556379 0.03392375
v -0.1748204 3.556379 0.06567259
v -0.1612201 3.556378 0.09476157
v -0.1430203 3.556379 0.1207058
v -0.1207058 3.556379 0.1430203
v -0.09476155 3.556379 0.1612201
v -0.06567258 3.556378 0.1748204
v -0.03392375 3.556378 0.1833362
v -0.164161 3.473251 0.03033949
v -0.1565241 3.473251 0.05874883
v -0.1443308 3.473251 0.08479032
v -0.128019 3.473251 0.1080263
v -0.1080263 3.473251 0.128019
v -0.08479032 3.473251 0.1443308
v -0.05874883 3.473251 0.1565241
v -0.03033949 3.473251 0.164161
v -0.1968286 3.4 0.03635665
v -0.1876653 3.4 0.07040878
v -0.173037 3.4 0.1016296
v -0.1534705 3.4 0.1294925
v -0.1294924 3.4 0.1534705
v -0.1016296 3.4 0.173037
v -0.07040878 3.4 0.1876653
v -0.03635665 3.4 0.1968285
v -0.2903978 3.340192 0
v -0.2857929 3.340192 -0.05278946
v -0.272488 3.340192 -0.1022328
v -0.2512479 3.340192 -0.1475651
v -0.2228375 3.340192 -0.1880217
v -0.1880216 3.340192 -0.2228375
v -0.1475651 3.340192 -0.2512479
v -0.1022328 3.340192 -0.272488
v -0.05278946 3.340192 -0.2857929
v 0 3.340192 -0.2903978
v -0.4194787 3.291907 0
v -0.412827 3.291907 -0.07625422
v -0.393608 3.291907 -0.1476749
v -0.3629268 3.291907 -0.2131573
v -0.3218881 3.291907 -0.2715967
v -0.2715966 3.291907 -0.3218881
v -0.2131573 3.291907 -0.3629268
v -0.1476749 3.291907 -0.393608
v -0.07625421 3.291907 -0.412827
v 0 3.291907 -0.4194787
v -0.574074 3.251852 0
v -0.5649707 3.251852 -0.1043571
v -0.5386689 3.251852 -0.2020993
v -0.4966803 3.251852 -0.2917147
v -0.4405172 3.251852 -0.3716913
v -0.3716913 3.251852 -0.4405172
v -0.2917146 3.251852 -0.4966803
v -0.2020992 3.251852 -0.5386689
v -0.104357 3.251852 -0.5649707
v 0 3.251852 -0.574074
v -0.7410151 3.216736 0
v -0.7292646 3.216736 -0.1347042
v -0.6953142 3.216736 -0.2608698
v -0.6411152 3.216736 -0.3765454
v -0.5686199 3.216736 -0.4797794
v -0.4797793 3.216736 -0.5686198
v -0.3765454 3.216736 -0.6411153
v -0.2608698 3.216736 -0.6953142
v -0.1347041 3.216736 -0.7292646
v 0 3.216736 -0.7410151
v -0.907133 3.183265 0
v -0.8927483 3.183265 -0.1649016
v -0.851187 3.183265 -0.3193507
v -0.784838 3.183265 -0.460958
v -0.6960909 3.183265 -0.5873345
v -0.5873345 3.183265 -0.6960909
v -0.4609579 3.183265 -0.7848381
v -0.3193507 3.183265 -0.8511872
v -0.1649016 3.183265 -0.8927483
v 0 3.183265 -0.907133
v -1.059259 3.148148 0
v -1.042462 3.148148 -0.1925556
v -0.9939311 3.148148 -0.3729057
v -0.9164553 3.148148 -0.5382606
v -0.8128253 3.148148 -0.6858304
v -0.6858304 3.148148 -0.8128253
v -0.5382606 3.148148 -0.9164554
v -0.3729057 3.148148 -0.9939312
v -0.1925556 3.148148 -1.042462
v 0 3.148148 -1.059259
v -1.184225 3.108094 0
v -1.165446 3.108094 -0.2152723
v -1.11119 3.108094 -0.4168991
v -1.024574 3.108093 -0.6017617
v -0.908718 3.108094 -0.766741
v -0.766741 3.108094 -0.908718
v -0.6017617 3.108093 -1.024574
v -0.4168991 3.108094 -1.11119
v -0.2152723 3.108094 -1.165446
v 0 3.108094 -1.184225
v -1.268861 3.059808 0
v -1.248741 3.059808 -0.2306578
v -1.190606 3.059808 -0.4466949
v -1.0978 3.059808 -0.6447695
v -0.9736641 3.059808 -0.8215399
v -0.8215399 3.059808 -0.973664
v -0.6447694 3.059808 -1.0978
v -0.4466949 3.059808 -1.190606
v -0.2306578 3.059808 -1.248741
v 0 3.059808 -1.268861
v -1.3 3 0
v -1.279385 3 -0.2363182
v -1.219824 3 -0.457657
v -1.12474 3 -0.6605926
v -0.9975583 3 -0.841701
v -0.841701 3 -0.9975582
v -0.6605925 3 -1.124741
v -0.457657 3 -1.219825
v -0.2363182 3 -1.279385
v 0 3 -1.3
v 0.05278946 3.340192 -0.2857929
v 0.1022328 3.340192 -0.272488
v 0.1475651 3.340192 -0.2512479
v 0.1880217 3.340192 -0.2228375
v 0.2228375 3.340192 -0.1880216
v 0.2512479 3.340192 -0.1475651
v 0.272488 3.340192 -0.1022328
v 0.2857929 3.340192 -0.05278946
v 0.2903978 3.340192 0
v 0.07625422 3.291907 -0.412827
v 0.1476749 3.291907 -0.393608
v 0.2131573 3.291907 -0.3629268
v 0.2715967 3.291907 -0.3218881
v 0.3218881 3.291907 -0.2715966
v 0.3629268 3.291907 -0.2131573
v 0.393608 3.291907 -0.1476749
v 0.412827 3.291907 -0.07625421
v 0.4194787 3.291907 0
v 0.1043571 3.251852 -0.5649707
v 0.2020993 3.251852 -0.5386689
v 0.2917147 3.251852 -0.4966803
v 0.3716913 3.251852 -0.4405172
v 0.4405172 3.251852 -0.3716913
v 0.4966803 3.251852 -0.2917146
v 0.5386689 3.251852 -0.2020992
v 0.5649707 3.251852 -0.104357
v 0.574074 3.251852 0
v 0.1347042 3.216736 -0.7292646
v 0.2608698 3.216736 -0.6953142
v 0.3765454 3.216736 -0.6411152
v 0.4797794 3.216736 -0.5686199
v 0.5686198 3.216736 -0.4797793
v 0.6411153 3.216736 -0.3765454
v 0.6953142 3.216736 -0.2608698
v 0.7292646 3.216736 -0.1347041
v 0.7410151 3.216736 0
v 0.1649016 3.183265 -0.8927483
v 0.3193507 3.183265 -0.851187
v 0.460958 3.183265 -0.784838
v 0.5873345 3.183265 -0.6960909
v 0.6960909 3.183265 -0.5873345
v 0.7848381 3.183265 -0.4609579
v 0.8511872 3.183265 -0.3193507
v 0.8927483 3.183265 -0.1649016
v 0.907133 3.183265 0
v 0.1925556 3.148148 -1.042462
v 0.3729057 3.148148 -0.9939311
v 0.5382606 3.148148 -0.9164553
v 0.6858304 3.148148 -0.8128253
v 0.8128253 3.148148 -0.6858304
v 0.9164554 3.148148 -0.5382606
v 0.9939312 3.148148 -0.3729057
v 1.042462 3.148148 -0.1925556
v 1.059259 3.148148 0
v 0.2152723 3.108094 -1.165446
v 0.4168991 3.108094 -1.11119
v 0.6017617 3.108093 -1.024574
v 0.766741 3.108094 -0.908718
v 0.908718 3.108094 -0.766741
v 1.024574 3.108093 -0.6017617
v 1.11119 3.108094 -0.4168991
v 1.165446 3.108094 -0.2152723
v 1.184225 3.108094 0
v 0.2306578 3.059808 -1.248741
v 0.4466949 3.059808 -1.190606
v 0.6447695 3.059808 -1.0978
v 0.8215399 3.059808 -0.9736641
v 0.973664 3.059808 -0.8215399
v 1.0978 3.059808 -0.6447694
v 1.190606 3.059808 -0.4466949
v 1.248741 3.059808 -0.2306578
v 1.268861 3.059808 0
v 0.2363182 3 -1.279385
v 0.457657 3 -1.219824
v 0.6605926 3 -1.12474
v 0.841701 3 -0.9975583
v 0.9975582 3 -0.841701
v 1.124741 3 -0.6605925
v 1.219825 3 -0.457657
v 1.279385 3 -0.2363182
v 1.3 3 0
v 0 3.340192 0.2903978
v 0.05278946 3.340192 0.2857929
v 0.1022328 3.340192 0.272488
v 0.1475651 3.340192 0.2512479
v 0.1880217 3.340192 0.2228375
v 0.2228375 3.340192 0.1880216
v 0.2512479 3.340192 0.1475651
v 0.272488 3.340192 0.1022328
v 0.2857929 3.340192 0.05278946
v 0 3.291907 0.4194787
v 0.07625422 3.291907 0.412827
v 0.1476749 3.291907 0.393608
v 0.2131573 3.291907 0.3629268
v 0.2715967 3.291907 0.3218881
v 0.3218881 3.291907 0.2715966
v 0.3629268 3.291907 0.2131573
v 0.393608 3.291907 0.1476749
v 0.412827 3.291907 0.07625421
v 0 3.251852 0.574074
v 0.1043571 3.251852 0.5649707
v 0.2020993 3.251852 0.5386689
v 0.2917147 3.251852 0.4966803
v 0.3716913 3.251852 0.4405172
v 0.4405172 3.251852 0.3716913
v 0.4966803 3.251852 0.2917146
v 0.5386689 3.251852 0.2020992
v 0.5649707 3.251852 0.104357
v 0 3.216736 0.7410151
v 0.1347042 3.216736 0.7292646
v 0.2608698 3.216736 0.6953142
v 0.3765454 3.216736 0.6411152
v 0.4797794 3.216736 0.5686199
v 0.5686198 3.216736 0.4797793
v 0.6411153 3.216736 0.3765454
v 0.6953142 3.216736 0.2608698
v 0.7292646 3.216736 0.1347041
v 0 3.183265 0.907133
v 0.1649016 3.183265 0.8927483
v 0.3193507 3.183265 0.851187
v 0.460958 3.183265 0.784838
v 0.5873345 3.183265 0.6960909
v 0.6960909 3.183265 0.5873345
v 0.7848381 3.183265 0.4609579
v 0.8511872 3.183265 0.3193507
v 0.8927483 3.183265 0.1649016
v 0 3.148148 1.059259
v 0.1925556 3.148148 1.042462
v 0.3729057 3.148148 0.9939311
v 0.5382606 3.148148 0.9164553
v 0.6858304 3.148148 0.8128253
v 0.8128253 3.148148 0.6858304
v 0.9164554 3.148148 0.5382606
v 0.9939312 3.148148 0.3729057
v 1.042462 3.148148 0.1925556
v 0 3.108094 1.184225
v 0.2152723 3.108094 1.165446
v 0.4168991 3.108094 1.11119
v 0.6017617 3.108093 1.024574
v 0.766741 3.108094 0.908718
v 0.908718 3.108094 0.766741
v 1.024574 3.108093 0.6017617
v 1.11119 3.108094 0.4168991
v 1.165446 3.108094 0.2152723
v 0 3.059808 1.268861
v 0.2306578 3.059808 1.248741
v 0.4466949 3.059808 1.190606
v 0.6447695 3.059808 1.0978
v 0.8215399 3.059808 0.9736641
v 0.973664 3.059808 0.8215399
v 1.0978 3.059808 0.6447694
v 1.190606 3.059808 0.4466949
v 1.248741 3.059808 0.2306578
v 0 3 1.3
v 0.2363182 3 1.279385
v 0.457657 3 1.219824
v 0.6605926 3 1.12474
v 0.841701 3 0.9975583
v 0.9975582 3 0.841701
v 1.124741 3 0.6605925
v 1.219825 3 0.457657
v 1.279385 3 0.2363182
v -0.2857929 3.340192 0.05278946
v -0.272488 3.340192 0.1022328
v -0.2512479 3.340192 0.1475651
v -0.2228375 3.340192 0.1880217
v -0.1880216 3.340192 0.2228375
v -0.1475651 3.340192 0.2512479
v -0.1022328 3.340192 0.272488
v -0.05278946 3.340192 0.2857929
v -0.412827 3.291907 0.07625422
v -0.393608 3.291907 0.1476749
v -0.3629268 3.291907 0.2131573
v -0.3218881 3.291907 0.2715967
v -0.2715966 3.291907 0.3218881
v -0.2131573 3.291907 0.3629268
v -0.1476749 3.291907 0.393608
v -0.07625421 3.291907 0.412827
v -0.5649707 3.251852 0.1043571
v -0.5386689 3.251852 0.2020993
v -0.4966803 3.251852 0.2917147
v -0.4405172 3.251852 0.3716913
v -0.3716913 3.251852 0.4405172
v -0.2917146 3.251852 0.4966803
v -0.2020992 3.251852 0.5386689
v -0.104357 3.251852 0.5649707
v -0.7292646 3.216736 0.1347042
v -0.6953142 3.216736 0.2608698
v -0.6411152 3.216736 0.3765454
v -0.5686199 3.216736 0.4797794
v -0.4797793 3.216736 0.5686198
v -0.3765454 3.216736 0.6411153
v -0.2608698 3.216736 0.6953142
v -0.1347041 3.216736 0.7292646
v -0.8927483 3.183265 0.1649016
v -0.851187 3.183265 0.3193507
v -0.784838 3.183265 0.460958
v -0.6960909 3.183265 0.5873345
v -0.5873345 3.183265 0.6960909
v -0.4609579 3.183265 0.7848381
v -0.3193507 3.183265 0.8511872
v -0.1649016 3.183265 0.8927483
v -1.042462 3.148148 0.1925556
v -0.9939311 3.148148 0.3729057
v -0.9164553 3.148148 0.5382606
v -0.8128253 3.148148 0.6858304
v -0.6858304 3.148148 0.8128253
v -0.5382606 3.148148 0.9164554
v -0.3729057 3.148148 0.9939312
v -0.1925556 3.148148 1.042462
v -1.165446 3.108094 0.2152723
v -1.11119 3.108094 0.4168991
v -1.024574 3.108093 0.6017617
v -0.908718 3.108094 0.766741
v -0.766741 3.108094 0.908718
v -0.6017617 3.108093 1.024574
v -0.4168991 3.108094 1.11119
v -0.2152723 3.108094 1.165446
v -1.248741 3.059808 0.2306578
v -1.190606 3.059808 0.4466949
v -1.0978 3.059808 0.6447695
v -0.9736641 3.059808 0.8215399
v -0.8215399 3.059808 0.973664
v -0.6447694 3.059808 1.0978
v -0.4466949 3.059808 1.190606
v -0.2306578 3.059808 1.248741
v -1.279385 3 0.2363182
v -1.219824 3 0.457657
v -1.12474 3 0.6605926
v -0.9975583 3 0.841701
v -0.841701 3 0.9975582
v -0.6605925 3 1.124741
v -0.457657 3 1.219825
v -0.2363182 3 1.279385
v -1.4 3 0
v -1.3778 3 -0.2544966
v -1.313657 3 -0.4928614
v -1.211259 3 -0.7114074
v -1.074294 3 -0.9064472
v -0.9064471 3 -1.074294
v -0.7114074 3 -1.211259
v -0.4928614 3 -1.313657
v -0.2544965 3 -1.3778
v 0 3 -1.4
v -1.384911 3.051852 0
v -1.36295 3.051852 -0.2517536
v -1.299499 3.051852 -0.4875494
v -1.198204 3.051852 -0.7037399
v -1.062715 3.051852 -0.8966776
v -0.8966774 3.051852 -1.062715
v -0.7037399 3.051852 -1.198204
v -0.4875494 3.051852 -1.299499
v -0.2517536 3.051852 -1.36295
v 0 3.051852 -1.384911
v -1.380213 3.090741 0
v -1.358326 3.090741 -0.2508996
v -1.29509 3.090741 -0.4858955
v -1.194139 3.09074 -0.7013525
v -1.05911 3.090741 -0.8936356
v -0.8936355 3.090741 -1.05911
v -0.7013525 3.09074 -1.194139
v -0.4858954 3.090741 -1.29509
v -0.2508996 3.090741 -1.358326
v 0 3.090741 -1.380213
v -1.384259 3.116666 0
v -1.362309 3.116666 -0.2516351
v -1.298887 3.116667 -0.48732
v -1.19764 3.116666 -0.7034087
v -1.062215 3.116667 -0.8962557
v -0.8962556 3.116666 -1.062215
v -0.7034087 3.116666 -1.19764
v -0.4873199 3.116666 -1.298887
v -0.2516351 3.116666 -1.362309
v 0 3.116666 -1.384259
v -1.395405 3.12963 0
v -1.373277 3.12963 -0.2536612
v -1.309345 3.12963 -0.4912437
v -1.207283 3.129629 -0.7090724
v -1.070768 3.12963 -0.903472
v -0.903472 3.12963 -1.070768
v -0.7090723 3.12963 -1.207283
v -0.4912437 3.12963 -1.309345
v -0.2536612 3.12963 -1.373277
v 0 3.12963 -1.395405
v -1.412003 3.129629 0
v -1.389612 3.12963 -0.2566785
v -1.32492 3.12963 -0.4970869
v -1.221644 3.129629 -0.7175065
v -1.083504 3.12963 -0.9142186
v -0.9142185 3.129629 -1.083504
v -0.7175065 3.129629 -1.221644
v -0.4970869 3.129629 -1.324919
v -0.2566785 3.12963 -1.389612
v 0 3.129629 -1.412003
v -1.432407 3.116667 0
v -1.409693 3.116667 -0.2603877
v -1.344066 3.116667 -0.5042703
v -1.239297 3.116666 -0.7278751
v -1.099162 3.116667 -0.9274297
v -0.9274297 3.116667 -1.099162
v -0.7278751 3.116667 -1.239298
v -0.5042703 3.116667 -1.344066
v -0.2603877 3.116667 -1.409693
v 0 3.116667 -1.432407
v -1.454973 3.090741 0
v -1.431901 3.090741 -0.2644897
v -1.365239 3.090741 -0.5122142
v -1.258821 3.09074 -0.7393416
v -1.116477 3.090741 -0.9420399
v -0.9420398 3.090741 -1.116477
v -0.7393416 3.09074 -1.258821
v -0.5122142 3.090741 -1.365239
v -0.2644897 3.090741 -1.431901
v 0 3.090741 -1.454973
v -1.478052 3.051852 0
v -1.454614 3.051852 -0.2686852
v -1.386896 3.051852 -0.5203393
v -1.278789 3.051852 -0.7510694
v -1.134187 3.051852 -0.956983
v -0.956983 3.051852 -1.134187
v -0.7510694 3.051852 -1.278789
v -0.5203392 3.051852 -1.386896
v -0.2686851 3.051852 -1.454614
v 0 3.051852 -1.478052
v -1.5 3 0
v -1.476214 3 -0.2726749
v -1.40749 3 -0.5280659
v -1.297778 3 -0.7622222
v -1.151029 3 -0.9711934
v -0.9711934 3 -1.151029
v -0.7622222 3 -1.297778
v -0.5280658 3 -1.40749
v -0.2726749 3 -1.476214
v 0 3 -1.5
v 0.2544966 3 -1.3778
v 0.4928614 3 -1.313657
v 0.7114074 3 -1.211259
v 0.9064472 3 -1.074294
v 1.074294 3 -0.9064471
v 1.211259 3 -0.7114074
v 1.313657 3 -0.4928614
v 1.3778 3 -0.2544965
v 1.4 3 0
v 0.2517536 3.051852 -1.36295
v 0.4875494 3.051852 -1.299499
v 0.7037399 3.051852 -1.198204
v 0.8966776 3.051852 -1.062715
v 1.062715 3.051852 -0.8966774
v 1.198204 3.051852 -0.7037399
v 1.299499 3.051852 -0.4875494
v 1.36295 3.051852 -0.2517536
v 1.384911 3.051852 0
v 0.2508996 3.090741 -1.358326
v 0.4858955 3.090741 -1.29509
v 0.7013525 3.09074 -1.194139
v 0.8936356 3.090741 -1.05911
v 1.05911 3.090741 -0.8936355
v 1.194139 3.09074 -0.7013525
v 1.29509 3.090741 -0.4858954
v 1.358326 3.090741 -0.2508996
v 1.380213 3.090741 0
v 0.2516351 3.116666 -1.362309
v 0.48732 3.116667 -1.298887
v 0.7034087 3.116666 -1.19764
v 0.8962557 3.116667 -1.062215
v 1.062215 3.116666 -0.8962556
v 1.19764 3.116666 -0.7034087
v 1.298887 3.116666 -0.4873199
v 1.362309 3.116666 -0.2516351
v 1.384259 3.116666 0
v 0.2536612 3.12963 -1.373277
v 0.4912437 3.12963 -1.309345
v 0.7090724 3.129629 -1.207283
v 0.903472 3.12963 -1.070768
v 1.070768 3.12963 -0.903472
v 1.207283 3.12963 -0.7090723
v 1.309345 3.12963 -0.4912437
v 1.373277 3.12963 -0.2536612
v 1.395405 3.12963 0
v 0.2566785 3.12963 -1.389612
v 0.4970869 3.12963 -1.32492
v 0.7175065 3.129629 -1.221644
v 0.9142186 3.12963 -1.083504
v 1.083504 3.129629 -0.9142185
v 1.221644 3.129629 -0.7175065
v 1.324919 3.129629 -0.4970869
v 1.389612 3.12963 -0.2566785
v 1.412003 3.129629 0
v 0.2603877 3.116667 -1.409693
v 0.5042703 3.116667 -1.344066
v 0.7278751 3.116666 -1.239297
v 0.9274297 3.116667 -1.099162
v 1.099162 3.116667 -0.9274297
v 1.239298 3.116667 -0.7278751
v 1.344066 3.116667 -0.5042703
v 1.409693 3.116667 -0.2603877
v 1.432407 3.116667 0
v 0.2644897 3.090741 -1.431901
v 0.5122142 3.090741 -1.365239
v 0.7393416 3.09074 -1.258821
v 0.9420399 3.090741 -1.116477
v 1.116477 3.090741 -0.9420398
v 1.258821 3.09074 -0.7393416
v 1.365239 3.090741 -0.5122142
v 1.431901 3.090741 -0.2644897
v 1.454973 3.090741 0
v 0.2686852 3.051852 -1.454614
v 0.5203393 3.051852 -1.386896
v 0.7510694 3.051852 -1.278789
v 0.956983 3.051852 -1.134187
v 1.134187 3.051852 -0.956983
v 1.278789 3.051852 -0.7510694
v 1.386896 3.051852 -0.5203392
v 1.454614 3.051852 -0.2686851
v 1.478052 3.051852 0
v 0.2726749 3 -1.476214
v 0.5280659 3 -1.40749
v 0.7622222 3 -1.297778
v 0.9711934 3 -1.151029
v 1.151029 3 -0.9711934
v 1.297778 3 -0.7622222
v 1.40749 3 -0.5280658
v 1.476214 3 -0.2726749
v 1.5 3 0
v 0 3 1.4
v 0.2544966 3 1.3778
v 0.4928614 3 1.313657
v 0.7114074 3 1.211259
v 0.9064472 3 1.074294
v 1.074294 3 0.9064471
v 1.211259 3 0.7114074
v 1.313657 3 0.4928614
v 1.3778 3 0.2544965
v 0 3.051852 1.384911
v 0.2517536 3.051852 1.36295
v 0.4875494 3.051852 1.299499
v 0.7037399 3.051852 1.198204
v 0.8966776 3.051852 1.062715
v 1.062715 3.051852 0.8966774
v 1.198204 3.051852 0.7037399
v 1.299499 3.051852 0.4875494
v 1.36295 3.051852 0.2517536
v 0 3.090741 1.380213
v 0.2508996 3.090741 1.358326
v 0.4858955 3.090741 1.29509
v 0.7013525 3.09074 1.194139
v 0.8936356 3.090741 1.05911
v 1.05911 3.090741 0.8936355
v 1.194139 3.09074 0.7013525
v 1.29509 3.090741 0.4858954
v 1.358326 3.090741 0.2508996
v 0 3.116666 1.384259
v 0.2516351 3.116666 1.362309
v 0.48732 3.116667 1.298887
v 0.7034087 3.116666 1.19764
v 0.8962557 3.116667 1.062215
v 1.062215 3.116666 0.8962556
v 1.19764 3.116666 0.7034087
v 1.298887 3.116666 0.4873199
v 1.362309 3.116666 0.2516351
v 0 3.12963 1.395405
v 0.2536612 3.12963 1.373277
v 0.4912437 3.12963 1.309345
v 0.7090724 3.129629 1.207283
v 0.903472 3.12963 1.070768
v 1.070768 3.12963 0.903472
v 1.207283 3.12963 0.7090723
v 1.309345 3.12963 0.4912437
v 1.373277 3.12963 0.2536612
v 0 3.129629 1.412003
v 0.2566785 3.12963 1.389612
v 0.4970869 3.12963 1.32492
v 0.7175065 3.129629 1.221644
v 0.9142186 3.12963 1.083504
v 1.083504 3.129629 0.9142185
v 1.221644 3.129629 0.7175065
v 1.324919 3.129629 0.4970869
v 1.389612 3.12963 0.2566785
v 0 3.116667 1.432407
v 0.2603877 3.116667 1.409693
v 0.5042703 3.116667 1.344066
v 0.7278751 3.116666 1.239297
v 0.9274297 3.116667 1.099162
v 1.099162 3.116667 0.9274297
v 1.239298 3.116667 0.7278751
v 1.344066 3.116667 0.5042703
v 1.409693 3.116667 0.2603877
v 0 3.090741 1.454973
v 0.2644897 3.090741 1.431901
v 0.5122142 3.090741 1.365239
v 0.7393416 3.09074 1.258821
v 0.9420399 3.090741 1.116477
v 1.116477 3.090741 0.9420398
v 1.258821 3.09074 0.7393416
v 1.365239 3.090741 0.5122142
v 1.431901 3.090741 0.2644897
v 0 3.051852 1.478052
v 0.2686852 3.051852 1.454614
v 0.5203393 3.051852 1.386896
v 0.7510694 3.051852 1.278789
v 0.956983 3.051852 1.134187
v 1.134187 3.051852 0.956983
v 1.278789 3.051852 0.7510694
v 1.386896 3.051852 0.5203392
v 1.454614 3.051852 0.2686851
v 0 3 1.5
v 0.2726749 3 1.476214
v 0.5280659 3 1.40749
v 0.7622222 3 1.297778
v 0.9711934 3 1.151029
v 1.151029 3 0.9711934
v 1.297778 3 0.7622222
v 1.40749 3 0.5280658
v 1.476214 3 0.2726749
v -1.3778 3 0.2544966
v -1.313657 3 0.4928614
v -1.211259 3 0.7114074
v -1.074294 3 0.9064472
v -0.9064471 3 1.074294
v -0.7114074 3 1.211259
v -0.4928614 3 1.313657
v -0.2544965 3 1.3778
v -1.36295 3.051852 0.2517536
v -1.299499 3.051852 0.4875494
v -1.198204 3.051852 0.7037399
v -1.062715 3.051852 0.8966776
v -0.8966774 3.051852 1.062715
v -0.7037399 3.051852 1.198204
v -0.4875494 3.051852 1.299499
v -0.2517536 3.051852 1.36295
v -1.358326 3.090741 0.2508996
v -1.29509 3.090741 0.4858955
v -1.194139 3.09074 0.7013525
v -1.05911 3.090741 0.8936356
v -0.8936355 3.090741 1.05911
v -0.7013525 3.09074 1.194139
v -0.4858954 3.090741 1.29509
v -0.2508996 3.090741 1.358326
v -1.362309 3.116666 0.2516351
v -1.298887 3.116667 0.48732
v -1.19764 3.116666 0.7034087
v -1.062215 3.116667 0.8962557
v -0.8962556 3.116666 1.062215
v -0.7034087 3.116666 1.19764
v -0.4873199 3.116666 1.298887
v -0.2516351 3.116666 1.362309
v -1.373277 3.12963 0.2536612
v -1.309345 3.12963 0.4912437
v -1.207283 3.129629 0.7090724
v -1.070768 3.12963 0.903472
v -0.903472 3.12963 1.070768
v -0.7090723 3.12963 1.207283
v -0.4912437 3.12963 1.309345
v -0.2536612 3.12963 1.373277
v -1.389612 3.12963 0.2566785
v -1.32492 3.12963 0.4970869
v -1.221644 3.129629 0.7175065
v -1.083504 3.12963 0.9142186
v -0.9142185 3.129629 1.083504
v -0.7175065 3.129629 1.221644
v -0.4970869 3.129629 1.324919
v -0.2566785 3.12963 1.389612
v -1.409693 3.116667 0.2603877
v -1.344066 3.116667 0.5042703
v -1.239297 3.116666 0.7278751
v -1.099162 3.116667 0.9274297
v -0.9274297 3.116667 1.099162
v -0.7278751 3.116667 1.239298
v -0.5042703 3.116667 1.344066
v -0.2603877 3.116667 1.409693
v -1.431901 3.090741 0.2644897
v -1.365239 3.090741 0.5122142
v -1.258821 3.09074 0.7393416
v -1.116477 3.090741 0.9420399
v -0.9420398 3.090741 1.116477
v -0.7393416 3.09074 1.258821
v -0.5122142 3.090741 1.365239
v -0.2644897 3.090741 1.431901
v -1.454614 3.051852 0.2686852
v -1.386896 3.051852 0.5203393
v -1.278789 3.051852 0.7510694
v -1.134187 3.051852 0.956983
v -0.956983 3.051852 1.134187
v -0.7510694 3.051852 1.278789
v -0.5203392 3.051852 1.386896
v -0.2686851 3.051852 1.454614
v -1.476214 3 0.2726749
v -1.40749 3 0.5280659
v -1.297778 3 0.7622222
v -1.151029 3 0.9711934
v -0.9711934 3 1.151029
v -0.7622222 3 1.297778
v -0.5280658 3 1.40749
v -0.2726749 3 1.476214
v -1.58299 2.766804 0
v -1.557888 2.766804 -0.2877612
v -1.485362 2.766804 -0.5572821
v -1.36958 2.766803 -0.8043936
v -1.214712 2.766804 -1.024927
v -1.024927 2.766804 -1.214712
v -0.8043936 2.766804 -1.36958
v -0.5572821 2.766804 -1.485362
v -0.2877612 2.766804 -1.557888
v 0 2.766804 -1.58299
v -1.663923 2.534431 0
v -1.637538 2.534431 -0.3024734
v -1.561303 2.534431 -0.585774
v -1.439602 2.534431 -0.8455195
v -1.276816 2.534431 -1.077328
v -1.077327 2.534431 -1.276816
v -0.8455195 2.534431 -1.439602
v -0.585774 2.534431 -1.561303
v -0.3024734 2.534431 -1.637538
v 0 2.534431 -1.663923
v -1.740741 2.303704 0
v -1.713137 2.303704 -0.3164375
v -1.633383 2.303704 -0.6128171
v -1.506063 2.303703 -0.8845539
v -1.335762 2.303704 -1.127064
v -1.127064 2.303704 -1.335762
v -0.884554 2.303704 -1.506063
v -0.6128171 2.303704 -1.633383
v -0.3164375 2.303704 -1.713137
v 0 2.303704 -1.740741
v -1.811386 2.075446 0
v -1.782662 2.075446 -0.3292796
v -1.699671 2.075446 -0.6376873
v -1.567184 2.075446 -0.9204522
v -1.389971 2.075446 -1.172804
v -1.172804 2.075446 -1.389971
v -0.9204522 2.075446 -1.567184
v -0.6376873 2.075446 -1.699671
v -0.3292796 2.075446 -1.782662
v 0 2.075446 -1.811386
v -1.8738 1.85048 0
v -1.844086 1.85048 -0.3406255
v -1.758236 1.85048 -0.6596597
v -1.621184 1.85048 -0.9521677
v -1.437865 1.85048 -1.213215
v -1.213214 1.85048 -1.437865
v -0.9521678 1.85048 -1.621184
v -0.6596597 1.85048 -1.758236
v -0.3406254 1.85048 -1.844086
v 0 1.85048 -1.8738
v -1.925926 1.629629 0
v -1.895386 1.62963 -0.3501011
v -1.807147 1.629629 -0.6780105
v -1.666283 1.629629 -0.9786556
v -1.477864 1.62963 -1.246964
v -1.246964 1.629629 -1.477864
v -0.9786556 1.629629 -1.666283
v -0.6780105 1.629629 -1.807147
v -0.3501011 1.629629 -1.895386
v 0 1.629629 -1.925926
v -1.965706 1.413717 0
v -1.934536 1.413718 -0.3573325
v -1.844475 1.413718 -0.6920149
v -1.7007 1.413717 -0.99887
v -1.50839 1.413718 -1.272721
v -1.272721 1.413717 -1.50839
v -0.99887 1.413718 -1.7007
v -0.6920149 1.413717 -1.844475
v -0.3573325 1.413717 -1.934536
v 0 1.413717 -1.965706
v -1.991084 1.203567 0
v -1.95951 1.203567 -0.3619457
v -1.868287 1.203567 -0.7009488
v -1.722656 1.203566 -1.011765
v -1.527863 1.203567 -1.289152
v -1.289151 1.203566 -1.527863
v -1.011765 1.203567 -1.722656
v -0.7009488 1.203567 -1.868287
v -0.3619457 1.203567 -1.95951
v 0 1.203567 -1.991084
v -2 1 0
v -1.968285 1 -0.3635665
v -1.876653 1 -0.7040878
v -1.73037 0.9999999 -1.016296
v -1.534705 1 -1.294925
v -1.294924 0.9999999 -1.534705
v -1.016296 1 -1.730371
v -0.7040877 1 -1.876653
v -0.3635665 1 -1.968285
v 0 1 -2
v 0.2877612 2.766804 -1.557888
v 0.5572821 2.766804 -1.485362
v 0.8043936 2.766803 -1.36958
v 1.024927 2.766804 -1.214712
v 1.214712 2.766804 -1.024927
v 1.36958 2.766804 -0.8043936
v 1.485362 2.766804 -0.5572821
v 1.557888 2.766804 -0.2877612
v 1.58299 2.766804 0
v 0.3024734 2.534431 -1.637538
v 0.585774 2.534431 -1.561303
v 0.8455195 2.534431 -1.439602
v 1.077328 2.534431 -1.276816
v 1.276816 2.534431 -1.077327
v 1.439602 2.534431 -0.8455195
v 1.561303 2.534431 -0.585774
v 1.637538 2.534431 -0.3024734
v 1.663923 2.534431 0
v 0.3164375 2.303704 -1.713137
v 0.6128171 2.303704 -1.633383
v 0.8845539 2.303703 -1.506063
v 1.127064 2.303704 -1.335762
v 1.335762 2.303704 -1.127064
v 1.506063 2.303704 -0.884554
v 1.633383 2.303704 -0.6128171
v 1.713137 2.303704 -0.3164375
v 1.740741 2.303704 0
v 0.3292796 2.075446 -1.782662
v 0.6376873 2.075446 -1.699671
v 0.9204522 2.075446 -1.567184
v 1.172804 2.075446 -1.389971
v 1.389971 2.075446 -1.172804
v 1.567184 2.075446 -0.9204522
v 1.699671 2.075446 -0.6376873
v 1.782662 2.075446 -0.3292796
v 1.811386 2.075446 0
v 0.3406255 1.85048 -1.844086
v 0.6596597 1.85048 -1.758236
v 0.9521677 1.85048 -1.621184
v 1.213215 1.85048 -1.437865
v 1.437865 1.85048 -1.213214
v 1.621184 1.85048 -0.9521678
v 1.758236 1.85048 -0.6596597
v 1.844086 1.85048 -0.3406254
v 1.8738 1.85048 0
v 0.3501011 1.62963 -1.895386
v 0.6780105 1.629629 -1.807147
v 0.9786556 1.629629 -1.666283
v 1.246964 1.62963 -1.477864
v 1.477864 1.629629 -1.246964
v 1.666283 1.629629 -0.9786556
v 1.807147 1.629629 -0.6780105
v 1.895386 1.629629 -0.3501011
v 1.925926 1.629629 0
v 0.3573325 1.413718 -1.934536
v 0.6920149 1.413718 -1.844475
v 0.99887 1.413717 -1.7007
v 1.272721 1.413718 -1.50839
v 1.50839 1.413717 -1.272721
v 1.7007 1.413718 -0.99887
v 1.844475 1.413717 -0.6920149
v 1.934536 1.413717 -0.3573325
v 1.965706 1.413717 0
v 0.3619457 1.203567 -1.95951
v 0.7009488 1.203567 -1.868287
v 1.011765 1.203566 -1.722656
v 1.289152 1.203567 -1.527863
v 1.527863 1.203566 -1.289151
v 1.722656 1.203567 -1.011765
v 1.868287 1.203567 -0.7009488
v 1.95951 1.203567 -0.3619457
v 1.991084 1.203567 0
v 0.3635665 1 -1.968285
v 0.7040878 1 -1.876653
v 1.016296 0.9999999 -1.73037
v 1.294925 1 -1.534705
v 1.534705 0.9999999 -1.294924
v 1.730371 1 -1.016296
v 1.876653 1 -0.7040877
v 1.968285 1 -0.3635665
v 2 1 0
v 0 2.766804 1.58299
v 0.2877612 2.766804 1.557888
v 0.5572821 2.766804 1.485362
v 0.8043936 2.766803 1.36958
v 1.024927 2.766804 1.214712
v 1.214712 2.766804 1.024927
v 1.36958 2.766804 0.8043936
v 1.485362 2.766804 0.5572821
v 1.557888 2.766804 0.2877612
v 0 2.534431 1.663923
v 0.3024734 2.534431 1.637538
v 0.585774 2.534431 1.561303
v 0.8455195 2.534431 1.439602
v 1.077328 2.534431 1.276816
v 1.276816 2.534431 1.077327
v 1.439602 2.534431 0.8455195
v 1.561303 2.534431 0.585774
v 1.637538 2.534431 0.3024734
v 0 2.303704 1.740741
v 0.3164375 2.303704 1.713137
v 0.6128171 2.303704 1.633383
v 0.8845539 2.303703 1.506063
v 1.127064 2.303704 1.335762
v 1.335762 2.303704 1.127064
v 1.506063 2.303704 0.884554
v 1.633383 2.303704 0.6128171
v 1.713137 2.303704 0.3164375
v 0 2.075446 1.811386
v 0.3292796 2.075446 1.782662
v 0.6376873 2.075446 1.699671
v 0.9204522 2.075446 1.567184
v 1.172804 2.075446 1.389971
v 1.389971 2.075446 1.172804
v 1.567184 2.075446 0.9204522
v 1.699671 2.075446 0.6376873
v 1.782662 2.075446 0.3292796
v 0 1.85048 1.8738
v 0.3406255 1.85048 1.844086
v 0.6596597 1.85048 1.758236
v 0.9521677 1.85048 1.621184
v 1.213215 1.85048 1.437865
v 1.437865 1.85048 1.213214
v 1.621184 1.85048 0.9521678
v 1.758236 1.85048 0.6596597
v 1.844086 1.85048 0.3406254
v 0 1.629629 1.925926
v 0.3501011 1.62963 1.895386
v 0.6780105 1.629629 1.807147
v 0.9786556 1.629629 1.666283
v 1.246964 1.62963 1.477864
v 1.477864 1.629629 1.246964
v 1.666283 1.629629 0.9786556
v 1.807147 1.629629 0.6780105
v 1.895386 1.629629 0.3501011
v 0 1.413717 1.965706
v 0.3573325 1.413718 1.934536
v 0.6920149 1.413718 1.844475
v 0.99887 1.413717 1.7007
v 1.272721 1.413718 1.50839
v 1.50839 1.413717 1.272721
v 1.7007 1.413718 0.99887
v 1.844475 1.413717 0.6920149
v 1.934536 1.413717 0.3573325
v 0 1.203567 1.991084
v 0.3619457 1.203567 1.95951
v 0.7009488 1.203567 1.868287
v 1.011765 1.203566 1.722656
v 1.289152 1.203567 1.527863
v 1.527863 1.203566 1.289151
v 1.722656 1.203567 1.011765
v 1.868287 1.203567 0.7009488
v 1.95951 1.203567 0.3619457
v 0 1 2
v 0.3635665 1 1.968285
v 0.7040878 1 1.876653
v 1.016296 0.9999999 1.73037
v 1.294925 1 1.534705
v 1.534705 0.9999999 1.294924
v 1.730371 1 1.016296
v 1.876653 1 0.7040877
v 1.968285 1 0.3635665
v -1.557888 2.766804 0.2877612
v -1.485362 2.766804 0.5572821
v -1.36958 2.766803 0.8043936
v -1.214712 2.766804 1.024927
v -1.024927 2.766804 1.214712
v -0.8043936 2.766804 1.36958
v -0.5572821 2.766804 1.485362
v -0.2877612 2.766804 1.557888
v -1.637538 2.534431 0.3024734
v -1.561303 2.534431 0.585774
v -1.439602 2.534431 0.8455195
v -1.276816 2.534431 1.077328
v -1.077327 2.534431 1.276816
v -0.8455195 2.534431 1.439602
v -0.585774 2.534431 1.561303
v -0.3024734 2.534431 1.637538
v -1.713137 2.303704 0.3164375
v -1.633383 2.303704 0.6128171
v -1.506063 2.303703 0.8845539
v -1.335762 2.303704 1.127064
v -1.127064 2.303704 1.335762
v -0.884554 2.303704 1.506063
v -0.6128171 2.303704 1.633383
v -0.3164375 2.303704 1.713137
v -1.782662 2.075446 0.3292796
v -1.699671 2.075446 0.6376873
v -1.567184 2.075446 0.9204522
v -1.389971 2.075446 1.172804
v -1.172804 2.075446 1.389971
v -0.9204522 2.075446 1.567184
v -0.6376873 2.075446 1.699671
v -0.3292796 2.075446 1.782662
v -1.844086 1.85048 0.3406255
v -1.758236 1.85048 0.6596597
v -1.621184 1.85048 0.9521677
v -1.437865 1.85048 1.213215
v -1.213214 1.85048 1.437865
v -0.9521678 1.85048 1.621184
v -0.6596597 1.85048 1.758236
v -0.3406254 1.85048 1.844086
v -1.895386 1.62963 0.3501011
v -1.807147 1.629629 0.6780105
v -1.666283 1.629629 0.9786556
v -1.477864 1.62963 1.246964
v -1.246964 1.629629 1.477864
v -0.9786556 1.629629 1.666283
v -0.6780105 1.629629 1.807147
v -0.3501011 1.629629 1.895386
v -1.934536 1.413718 0.3573325
v -1.844475 1.413718 0.6920149
v -1.7007 1.413717 0.99887
v -1.50839 1.413718 1.272721
v -1.272721 1.413717 1.50839
v -0.99887 1.413718 1.7007
v -0.6920149 1.413717 1.844475
v -0.3573325 1.413717 1.934536
v -1.95951 1.203567 0.3619457
v -1.868287 1.203567 0.7009488
v -1.722656 1.203566 1.011765
v -1.527863 1.203567 1.289152
v -1.289151 1.203566 1.527863
v -1.011765 1.203567 1.722656
v -0.7009488 1.203567 1.868287
v -0.3619457 1.203567 1.95951
v -1.968285 1 0.3635665
v -1.876653 1 0.7040878
v -1.73037 0.9999999 1.016296
v -1.534705 1 1.294925
v -1.294924 0.9999999 1.534705
v -1.016296 1 1.730371
v -0.7040877 1 1.876653
v -0.3635665 1 1.968285
v -1.982853 0.8109739 0
v -1.95141 0.8109739 -0.3604496
v -1.860564 0.8109739 -0.6980514
v -1.715535 0.8109738 -1.007583
v -1.521548 0.8109741 -1.283823
v -1.283823 0.8109738 -1.521548
v -1.007583 0.8109741 -1.715535
v -0.6980513 0.8109739 -1.860564
v -0.3604495 0.8109739 -1.95141
v 0 0.8109739 -1.982853
v -1.9369 0.6433471 0
v -1.906186 0.6433471 -0.352096
v -1.817445 0.6433471 -0.6818738
v -1.675777 0.643347 -0.9842319
v -1.486285 0.6433472 -1.25407
v -1.254069 0.643347 -1.486285
v -0.9842319 0.6433472 -1.675777
v -0.6818737 0.6433471 -1.817445
v -0.352096 0.6433471 -1.906186
v 0 0.6433471 -1.9369
v -1.87037 0.4962963 0
v -1.840711 0.4962963 -0.340002
v -1.755018 0.4962963 -0.6584524
v -1.618216 0.4962962 -0.950425
v -1.435233 0.4962964 -1.210994
v -1.210994 0.4962962 -1.435233
v -0.950425 0.4962964 -1.618217
v -0.6584523 0.4962963 -1.755018
v -0.340002 0.4962963 -1.840711
v 0 0.4962963 -1.87037
v -1.791495 0.3689987 0
v -1.763087 0.3689987 -0.3256639
v -1.681008 0.3689987 -0.630685
v -1.549975 0.3689986 -0.9103449
v -1.374709 0.3689988 -1.159926
v -1.159926 0.3689986 -1.374709
v -0.9103449 0.3689988 -1.549975
v -0.630685 0.3689987 -1.681008
v -0.3256639 0.3689987 -1.763087
v 0 0.3689987 -1.791495
v -1.708505 0.260631 0
v -1.681412 0.260631 -0.3105776
v -1.603135 0.260631 -0.6014687
v -1.478173 0.2606309 -0.8681734
v -1.311026 0.260631 -1.106192
v -1.106192 0.2606309 -1.311026
v -0.8681734 0.260631 -1.478173
v -0.6014687 0.260631 -1.603135
v -0.3105776 0.260631 -1.681412
v 0 0.260631 -1.708505
v -1.62963 0.1703704 0
v -1.603788 0.1703704 -0.2962394
v -1.529125 0.1703704 -0.5737011
v -1.409931 0.1703703 -0.8280932
v -1.2505 0.1703704 -1.055124
v -1.055124 0.1703703 -1.2505
v -0.8280932 0.1703704 -1.409931
v -0.5737011 0.1703704 -1.529125
v -0.2962394 0.1703704 -1.603788
v 0 0.1703704 -1.62963
v -1.5631 0.09739368 0
v -1.538313 0.09739368 -0.2841455
v -1.466698 0.09739368 -0.5502799
v -1.352371 0.09739362 -0.7942864
v -1.199449 0.09739374 -1.012048
v -1.012048 0.09739365 -1.199449
v -0.7942864 0.09739368 -1.352371
v -0.5502799 0.09739368 -1.466698
v -0.2841454 0.09739368 -1.538313
v 0 0.09739368 -1.5631
v -1.517147 0.04087792 0
v -1.493089 0.04087792 -0.2757919
v -1.423579 0.04087792 -0.5341023
v -1.312613 0.04087788 -0.7709352
v -1.164186 0.04087795 -0.9822953
v -0.9822953 0.04087791 -1.164186
v -0.7709352 0.04087792 -1.312613
v -0.5341022 0.04087792 -1.423579
v -0.2757919 0.04087792 -1.493089
v 0 0.04087792 -1.517147
v -1.5 0 0
v -1.476214 1.490116e-8 -0.2726749
v -1.40749 1.490116e-8 -0.5280659
v -1.297778 -2.980232e-8 -0.7622222
v -1.151029 2.980232e-8 -0.9711934
v -0.9711934 0 -1.151029
v -0.7622222 -1.490116e-8 -1.297778
v -0.5280658 0 -1.40749
v -0.2726749 1.490116e-8 -1.476214
v 0 0 -1.5
v 0.3604496 0.8109739 -1.95141
v 0.6980514 0.8109739 -1.860564
v 1.007583 0.8109738 -1.715535
v 1.283823 0.8109741 -1.521548
v 1.521548 0.8109738 -1.283823
v 1.715535 0.8109741 -1.007583
v 1.860564 0.8109739 -0.6980513
v 1.95141 0.8109739 -0.3604495
v 1.982853 0.8109739 0
v 0.352096 0.6433471 -1.906186
v 0.6818738 0.6433471 -1.817445
v 0.9842319 0.643347 -1.675777
v 1.25407 0.6433472 -1.486285
v 1.486285 0.643347 -1.254069
v 1.675777 0.6433472 -0.9842319
v 1.817445 0.6433471 -0.6818737
v 1.906186 0.6433471 -0.352096
v 1.9369 0.6433471 0
v 0.340002 0.4962963 -1.840711
v 0.6584524 0.4962963 -1.755018
v 0.950425 0.4962962 -1.618216
v 1.210994 0.4962964 -1.435233
v 1.435233 0.4962962 -1.210994
v 1.618217 0.4962964 -0.950425
v 1.755018 0.4962963 -0.6584523
v 1.840711 0.4962963 -0.340002
v 1.87037 0.4962963 0
v 0.3256639 0.3689987 -1.763087
v 0.630685 0.3689987 -1.681008
v 0.9103449 0.3689986 -1.549975
v 1.159926 0.3689988 -1.374709
v 1.374709 0.3689986 -1.159926
v 1.549975 0.3689988 -0.9103449
v 1.681008 0.3689987 -0.630685
v 1.763087 0.3689987 -0.3256639
v 1.791495 0.3689987 0
v 0.3105776 0.260631 -1.681412
v 0.6014687 0.260631 -1.603135
v 0.8681734 0.2606309 -1.478173
v 1.106192 0.260631 -1.311026
v 1.311026 0.2606309 -1.106192
v 1.478173 0.260631 -0.8681734
v 1.603135 0.260631 -0.6014687
v 1.681412 0.260631 -0.3105776
v 1.708505 0.260631 0
v 0.2962394 0.1703704 -1.603788
v 0.5737011 0.1703704 -1.529125
v 0.8280932 0.1703703 -1.409931
v 1.055124 0.1703704 -1.2505
v 1.2505 0.1703703 -1.055124
v 1.409931 0.1703704 -0.8280932
v 1.529125 0.1703704 -0.5737011
v 1.603788 0.1703704 -0.2962394
v 1.62963 0.1703704 0
v 0.2841455 0.09739368 -1.538313
v 0.5502799 0.09739368 -1.466698
v 0.7942864 0.09739362 -1.352371
v 1.012048 0.09739374 -1.199449
v 1.199449 0.09739365 -1.012048
v 1.352371 0.09739368 -0.7942864
v 1.466698 0.09739368 -0.5502799
v 1.538313 0.09739368 -0.2841454
v 1.5631 0.09739368 0
v 0.2757919 0.04087792 -1.493089
v 0.5341023 0.04087792 -1.423579
v 0.7709352 0.04087788 -1.312613
v 0.9822953 0.04087795 -1.164186
v 1.164186 0.04087791 -0.9822953
v 1.312613 0.04087792 -0.7709352
v 1.423579 0.04087792 -0.5341022
v 1.493089 0.04087792 -0.2757919
v 1.517147 0.04087792 0
v 0.2726749 1.490116e-8 -1.476214
v 0.5280659 1.490116e-8 -1.40749
v 0.7622222 -2.980232e-8 -1.297778
v 0.9711934 2.980232e-8 -1.151029
v 1.151029 0 -0.9711934
v 1.297778 -1.490116e-8 -0.7622222
v 1.40749 0 -0.5280658
v 1.476214 1.490116e-8 -0.2726749
v 1.5 0 0
v 0 0.8109739 1.982853
v 0.3604496 0.8109739 1.95141
v 0.6980514 0.8109739 1.860564
v 1.007583 0.8109738 1.715535
v 1.283823 0.8109741 1.521548
v 1.521548 0.8109738 1.283823
v 1.715535 0.8109741 1.007583
v 1.860564 0.8109739 0.6980513
v 1.95141 0.8109739 0.3604495
v 0 0.6433471 1.9369
v 0.352096 0.6433471 1.906186
v 0.6818738 0.6433471 1.817445
v 0.9842319 0.643347 1.675777
v 1.25407 0.6433472 1.486285
v 1.486285 0.643347 1.254069
v 1.675777 0.6433472 0.9842319
v 1.817445 0.6433471 0.6818737
v 1.906186 0.6433471 0.352096
v 0 0.4962963 1.87037
v 0.340002 0.4962963 1.840711
v 0.6584524 0.4962963 1.755018
v 0.950425 0.4962962 1.618216
v 1.210994 0.4962964 1.435233
v 1.435233 0.4962962 1.210994
v 1.618217 0.4962964 0.950425
v 1.755018 0.4962963 0.6584523
v 1.840711 0.4962963 0.340002
v 0 0.3689987 1.791495
v 0.3256639 0.3689987 1.763087
v 0.630685 0.3689987 1.681008
v 0.9103449 0.3689986 1.549975
v 1.159926 0.3689988 1.374709
v 1.374709 0.3689986 1.159926
v 1.549975 0.3689988 0.9103449
v 1.681008 0.3689987 0.630685
v 1.763087 0.3689987 0.3256639
v 0 0.260631 1.708505
v 0.3105776 0.260631 1.681412
v 0.6014687 0.260631 1.603135
v 0.8681734 0.2606309 1.478173
v 1.106192 0.260631 1.311026
v 1.311026 0.2606309 1.106192
v 1.478173 0.260631 0.8681734
v 1.603135 0.260631 0.6014687
v 1.681412 0.260631 0.3105776
v 0 0.1703704 1.62963
v 0.2962394 0.1703704 1.603788
v 0.5737011 0.1703704 1.529125
v 0.8280932 0.1703703 1.409931
v 1.055124 0.1703704 1.2505
v 1.2505 0.1703703 1.055124
v 1.409931 0.1703704 0.8280932
v 1.529125 0.1703704 0.5737011
v 1.603788 0.1703704 0.2962394
v 0 0.09739368 1.5631
v 0.2841455 0.09739368 1.538313
v 0.5502799 0.09739368 1.466698
v 0.7942864 0.09739362 1.352371
v 1.012048 0.09739374 1.199449
v 1.199449 0.09739365 1.012048
v 1.352371 0.09739368 0.7942864
v 1.466698 0.09739368 0.5502799
v 1.538313 0.09739368 0.2841454
v 0 0.04087792 1.517147
v 0.2757919 0.04087792 1.493089
v 0.5341023 0.04087792 1.423579
v 0.7709352 0.04087788 1.312613
v 0.9822953 0.04087795 1.164186
v 1.164186 0.04087791 0.9822953
v 1.312613 0.04087792 0.7709352
v 1.423579 0.04087792 0.5341022
v 1.493089 0.04087792 0.2757919
v 0 0 1.5
v 0.2726749 1.490116e-8 1.476214
v 0.5280659 1.490116e-8 1.40749
v 0.7622222 -2.980232e-8 1.297778
v 0.9711934 2.980232e-8 1.151029
v 1.151029 0 0.9711934
v 1.297778 -1.490116e-8 0.7622222
v 1.40749 0 0.5280658
v 1.476214 1.490116e-8 0.2726749
v -1.95141 0.8109739 0.3604496
v -1.860564 0.8109739 0.6980514
v -1.715535 0.8109738 1.007583
v -1.521548 0.8109741 1.283823
v -1.283823 0.8109738 1.521548
v -1.007583 0.8109741 1.715535
v -0.6980513 0.8109739 1.860564
v -0.3604495 0.8109739 1.95141
v -1.906186 0.6433471 0.352096
v -1.817445 0.6433471 0.6818738
v -1.675777 0.643347 0.9842319
v -1.486285 0.6433472 1.25407
v -1.254069 0.643347 1.486285
v -0.9842319 0.6433472 1.675777
v -0.6818737 0.6433471 1.817445
v -0.352096 0.6433471 1.906186
v -1.840711 0.4962963 0.340002
v -1.755018 0.4962963 0.6584524
v -1.618216 0.4962962 0.950425
v -1.435233 0.4962964 1.210994
v -1.210994 0.4962962 1.435233
v -0.950425 0.4962964 1.618217
v -0.6584523 0.4962963 1.755018
v -0.340002 0.4962963 1.840711
v -1.763087 0.3689987 0.3256639
v -1.681008 0.3689987 0.630685
v -1.549975 0.3689986 0.9103449
v -1.374709 0.3689988 1.159926
v -1.159926 0.3689986 1.374709
v -0.9103449 0.3689988 1.549975
v -0.630685 0.3689987 1.681008
v -0.3256639 0.3689987 1.763087
v -1.681412 0.260631 0.3105776
v -1.603135 0.260631 0.6014687
v -1.478173 0.2606309 0.8681734
v -1.311026 0.260631 1.106192
v -1.106192 0.2606309 1.311026
v -0.8681734 0.260631 1.478173
v -0.6014687 0.260631 1.603135
v -0.3105776 0.260631 1.681412
v -1.603788 0.1703704 0.2962394
v -1.529125 0.1703704 0.5737011
v -1.409931 0.1703703 0.8280932
v -1.2505 0.1703704 1.055124
v -1.055124 0.1703703 1.2505
v -0.8280932 0.1703704 1.409931
v -0.5737011 0.1703704 1.529125
v -0.2962394 0.1703704 1.603788
v -1.538313 0.09739368 0.2841455
v -1.466698 0.09739368 0.5502799
v -1.352371 0.09739362 0.7942864
v -1.199449 0.09739374 1.012048
v -1.012048 0.09739365 1.199449
v -0.7942864 0.09739368 1.352371
v -0.5502799 0.09739368 1.466698
v -0.2841454 0.09739368 1.538313
v -1.493089 0.04087792 0.2757919
v -1.423579 0.04087792 0.5341023
v -1.312613 0.04087788 0.7709352
v -1.164186 0.04087795 0.9822953
v -0.9822953 0.04087791 1.164186
v -0.7709352 0.04087792 1.312613
v -0.5341022 0.04087792 1.423579
v -0.2757919 0.04087792 1.493089
v -1.476214 1.490116e-8 0.2726749
v -1.40749 1.490116e-8 0.5280659
v -1.297778 -2.980232e-8 0.7622222
v -1.151029 2.980232e-8 0.9711934
v -0.9711934 0 1.151029
v -0.7622222 -1.490116e-8 1.297778
v -0.5280658 0 1.40749
v -0.2726749 1.490116e-8 1.476214

vn 0 1 0
vn 0 0.9692308 -0.2461538
vn 0 0.8490567 -0.5283018
vn 0 0.6 -0.8
vn 0 0.2195123 -0.9756098
vn 0 -0.2195124 -0.9756097
vn 0 -0.6000002 -0.7999999
vn 0 -0.8490567 -0.5283018
vn 0 -0.9692308 -0.2461538
vn 0 -1 0
vn -0.008333042 0.9999653 0
vn -0.008018364 0.9692919 -0.2457823
vn -0.006882684 0.849408 -0.5276917
vn -0.004708832 0.6005935 -0.7995407
vn -0.001648605 0.219837 -0.9755353
vn 0.001560826 -0.2198351 -0.9755358
vn 0.004009133 -0.6005846 -0.7995512
vn 0.005331733 -0.8494057 -0.5277136
vn 0.005793568 -0.9693035 -0.245799
vn 0.005859274 -0.9999829 0
vn -0.03806762 0.9992751 0
vn -0.03661876 0.9686961 -0.2455338
vn -0.03140842 0.8491498 -0.5272173
vn -0.02146693 0.600808 -0.7991051
vn -0.00750606 0.2201031 -0.9754478
vn 0.007091768 -0.2201988 -0.9754293
vn 0.0181608 -0.6013548 -0.7987757
vn 0.02407264 -0.8498114 -0.5265369
vn 0.02609287 -0.9691679 -0.2450155
vn 0.02636446 -0.9996524 0
vn -0.09950372 0.9950371 0
vn -0.09565139 0.9643015 -0.246928
vn -0.08187594 0.8444927 -0.5292716
vn -0.05581048 0.5968953 -0.8003756
vn -0.01947687 0.2187126 -0.9755949
vn 0.01838993 -0.2192072 -0.975505
vn 0.04706077 -0.5997946 -0.7987689
vn 0.06227515 -0.8482364 -0.5259438
vn 0.06737617 -0.9673336 -0.2443894
vn 0.06802389 -0.9976837 0
vn -0.2086384 0.9779928 0
vn -0.2002912 0.9468731 -0.2516243
vn -0.1706952 0.8264793 -0.5364654
vn -0.1156561 0.5816129 -0.805202
vn -0.04022404 0.2128334 -0.9762602
vn 0.03805849 -0.2142823 -0.9760301
vn 0.0978482 -0.5905673 -0.8010343
vn 0.1298337 -0.8394485 -0.527702
vn 0.140514 -0.9593175 -0.2448791
vn 0.141835 -0.9898903 0
vn -0.3846154 0.9230769 0
vn -0.3685686 0.8924522 -0.2601662
vn -0.3121284 0.7748947 -0.549649
vn -0.2096279 0.5414051 -0.8142092
vn -0.07260559 0.1977154 -0.9775669
vn 0.06914402 -0.200841 -0.9771807
vn 0.1801613 -0.5623865 -0.8070089
vn 0.241726 -0.810205 -0.5339816
vn 0.2629995 -0.9324183 -0.2478453
vn 0.2658154 -0.9640239 0
vn -0.6246951 0.7808688 0
vn -0.5984166 0.7549807 -0.2681449
vn -0.5054518 0.6545096 -0.5622593
vn -0.3380912 0.4561834 -0.8231593
vn -0.1171779 0.1670513 -0.9789602
vn 0.1129589 -0.1721811 -0.9785674
vn 0.3009899 -0.494273 -0.8155361
vn 0.4129722 -0.7298273 -0.5447991
vn 0.4556464 -0.8531793 -0.2539122
vn 0.4625659 -0.8865848 0
vn -0.8528513 0.5221539 0
vn -0.8200911 0.506963 -0.2654034
vn -0.6999708 0.4445886 -0.5589111
vn -0.4748747 0.3147961 -0.8218256
vn -0.1670466 0.1172412 -0.9789535
vn 0.1637101 -0.1231401 -0.9787929
vn 0.4458267 -0.3621565 -0.8185849
vn 0.6276649 -0.549929 -0.5510127
vn 0.7074265 -0.6577835 -0.2585893
vn 0.7241378 -0.6896552 0
vn -0.9736162 0.2281913 0
vn -0.9414719 0.2228816 -0.2528921
vn -0.8181238 0.1992094 -0.5394341
vn -0.5704052 0.1451929 -0.8084287
vn -0.2059073 0.05560488 -0.9769904
vn 0.2047667 -0.05940045 -0.9770067
vn 0.5612308 -0.1762445 -0.8086766
vn 0.7971429 -0.2705842 -0.539766
vn 0.9100445 -0.328355 -0.2529864
vn 0.9379254 -0.3468371 0
vn -1 0 0
vn -0.9692307 0 -0.2461538
vn -0.8490567 0 -0.5283018
vn -0.6 0 -0.8
vn -0.2195123 0 -0.9756098
vn 0.2195123 0 -0.9756097
vn 0.6000001 0 -0.7999998
vn 0.8490567 0 -0.5283018
vn 0.9692308 0 -0.2461538
vn 1 0 0
vn 0 0.9692308 0.2461538
vn 0 0.8490567 0.5283018
vn 0 0.6 0.8
vn 0 0.2195123 0.9756098
vn 0 -0.2195124 0.9756097
vn 0 -0.6000002 0.7999999
vn 0 -0.8490567 0.5283018
vn 0 -0.9692308 0.2461538
vn -0.008018364 0.9692919 0.2457823
vn -0.006882684 0.849408 0.5276917
vn -0.004708832 0.6005935 0.7995407
vn -0.001648605 0.219837 0.9755353
vn 0.001560826 -0.2198351 0.9755358
vn 0.004009133 -0.6005846 0.7995512
vn 0.005331733 -0.8494057 0.5277136
vn 0.005793568 -0.9693035 0.245799
vn -0.03661876 0.9686961 0.2455338
vn -0.03140842 0.8491498 0.5272173
vn -0.02146693 0.600808 0.7991051
vn -0.00750606 0.2201031 0.9754478
vn 0.007091768 -0.2201988 0.9754293
vn 0.0181608 -0.6013548 0.7987757
vn 0.02407264 -0.8498114 0.5265369
vn 0.02609287 -0.9691679 0.2450155
vn -0.09565139 0.9643015 0.246928
vn -0.08187594 0.8444927 0.5292716
vn -0.05581048 0.5968953 0.8003756
vn -0.01947687 0.2187126 0.9755949
vn 0.01838993 -0.2192072 0.975505
vn 0.04706077 -0.5997946 0.7987689
vn 0.06227515 -0.8482364 0.5259438
vn 0.06737617 -0.9673336 0.2443894
vn -0.2002912 0.9468731 0.2516243
vn -0.1706952 0.8264793 0.5364654
vn -0.1156561 0.5816129 0.805202
vn -0.04022404 0.2128334 0.9762602
vn 0.03805849 -0.2142823 0.9760301
vn 0.0978482 -0.5905673 0.8010343
vn 0.1298337 -0.8394485 0.527702
vn 0.140514 -0.9593175 0.2448791
vn -0.3685686 0.8924522 0.2601662
vn -0.3121284 0.7748947 0.549649
vn -0.2096279 0.5414051 0.8142092
vn -0.07260559 0.1977154 0.9775669
vn 0.06914402 -0.200841 0.9771807
vn 0.1801613 -0.5623865 0.8070089
vn 0.241726 -0.810205 0.5339816
vn 0.2629995 -0.9324183 0.2478453
vn -0.5984166 0.7549807 0.2681449
vn -0.5054518 0.6545096 0.5622593
vn -0.3380912 0.4561834 0.8231593
vn -0.1171779 0.1670513 0.9789602
vn 0.1129589 -0.1721811 0.9785674
vn 0.3009899 -0.494273 0.8155361
vn 0.4129722 -0.7298273 0.5447991
vn 0.4556464 -0.8531793 0.2539122
vn -0.8200911 0.506963 0.2654034
vn -0.6999708 0.4445886 0.5589111
vn -0.4748747 0.3147961 0.8218256
vn -0.1670466 0.1172412 0.9789535
vn 0.1637101 -0.1231401 0.9787929
vn 0.4458267 -0.3621565 0.8185849
vn 0.6276649 -0.549929 0.5510127
vn 0.7074265 -0.6577835 0.2585893
vn -0.9414719 0.2228816 0.2528921
vn -0.8181238 0.1992094 0.5394341
vn -0.5704052 0.1451929 0.8084287
vn -0.2059073 0.05560488 0.9769904
vn 0.2047667 -0.05940045 0.9770067
vn 0.5612308 -0.1762445 0.8086766
vn 0.7971429 -0.2705842 0.539766
vn 0.9100445 -0.328355 0.2529864
vn -0.9692307 0 0.2461538
vn -0.8490567 0 0.5283018
vn -0.6 0 0.8
vn -0.2195123 0 0.9756098
vn 0.2195123 0 0.9756097
vn 0.6000001 0 0.7999998
vn 0.8490567 0 0.5283018
vn 0.9692308 0 0.2461538
vn -0.991237 -0.1320956 0
vn -0.9600669 -0.1278169 -0.2488664
vn -0.8389233 -0.111382 -0.5327305
vn -0.5904358 -0.07804755 -0.803302
vn -0.2152905 -0.02829003 -0.9761402
vn 0.2153482 0.02809149 -0.9761332
vn 0.590819 0.07643761 -0.8031751
vn 0.8395707 0.1077316 -0.5324612
vn 0.9608155 0.1224883 -0.248657
vn 0.9920135 0.1261323 0
vn -0.9642847 -0.2648678 0
vn -0.9331098 -0.2553457 -0.2531888
vn -0.812701 -0.2200707 -0.5395237
vn -0.5692502 -0.1516169 -0.8080634
vn -0.2070245 -0.05394111 -0.9768476
vn 0.207693 0.05270201 -0.9767733
vn 0.573791 0.1414282 -0.8066982
vn 0.8206077 0.196642 -0.5365958
vn 0.9424565 0.2209603 -0.2509029
vn 0.9740387 0.2263821 0
vn -0.9200848 -0.3917193 0
vn -0.8904917 -0.3769234 -0.2548594
vn -0.7758951 -0.323137 -0.5418203
vn -0.5442483 -0.221008 -0.8092893
vn -0.1986988 -0.07806075 -0.9769469
vn 0.2005177 0.07574923 -0.9767573
vn 0.5567952 0.2016448 -0.8058029
vn 0.7983287 0.2777327 -0.5343555
vn 0.9176672 0.3096169 -0.2490466
vn 0.9486833 0.3162278 0
vn -0.8619342 -0.5070201 0
vn -0.835645 -0.4880635 -0.2519753
vn -0.7322111 -0.4192633 -0.5367356
vn -0.5186193 -0.2879951 -0.8050421
vn -0.1915147 -0.1022047 -0.9761539
vn 0.1947556 0.09921209 -0.9758213
vn 0.5410469 0.2623194 -0.799035
vn 0.7728632 0.3577011 -0.5241492
vn 0.8857744 0.3958378 -0.2423141
vn 0.9150546 0.4033299 0
vn -0.7945157 -0.6072436 0
vn -0.7724687 -0.585891 -0.2449974
vn -0.6833666 -0.5074272 -0.5249074
vn -0.4919437 -0.3535388 -0.7956141
vn -0.1848338 -0.1273501 -0.9744837
vn 0.189473 0.1243125 -0.9739848
vn 0.5237308 0.3263268 -0.7869034
vn 0.740945 0.4399768 -0.5073666
vn 0.8440965 0.4834706 -0.2318559
vn 0.8707415 0.4917411 0
vn -0.7226418 -0.6912227 0
vn -0.7046239 -0.6690747 -0.2363138
vn -0.6297084 -0.585941 -0.5100397
vn -0.4614267 -0.4161735 -0.7835081
vn -0.1766427 -0.1530536 -0.9723024
vn 0.1822379 0.1507329 -0.9716321
vn 0.4990485 0.3930799 -0.7722945
vn 0.6971603 0.5247347 -0.4884886
vn 0.7887132 0.5738203 -0.2205941
vn 0.8123237 0.5832069 0
vn -0.6503208 -0.7596596 0
vn -0.6351433 -0.7374766 -0.2296109
vn -0.5711311 -0.65217 -0.4984811
vn -0.4232548 -0.4710302 -0.7739418
vn -0.16392 -0.176466 -0.9705617
vn 0.1693767 0.1754441 -0.9698098
vn 0.4593534 0.4568424 -0.7617674
vn 0.6352541 0.6082893 -0.4758533
vn 0.7151319 0.6656177 -0.2133997
vn 0.7357515 0.6772515 0
vn -0.5803755 -0.8143489 0
vn -0.5662841 -0.7916903 -0.2292355
vn -0.5077771 -0.7027435 -0.4983111
vn -0.3743494 -0.5100158 -0.774433
vn -0.1438145 -0.1919759 -0.9708052
vn 0.1473719 0.1920752 -0.9702518
vn 0.3980082 0.5056869 -0.7654215
vn 0.5500866 0.6823629 -0.4814413
vn 0.6193433 0.7545099 -0.2170916
vn 0.6371643 0.7707281 0
vn -0.5144956 -0.857493 0
vn -0.4995064 -0.8325109 -0.2396223
vn -0.4402625 -0.7337711 -0.5174446
vn -0.3143361 -0.5238937 -0.7916617
vn -0.116048 -0.1934134 -0.9742301
vn 0.1160481 0.1934134 -0.97423
vn 0.3143362 0.5238937 -0.7916616
vn 0.4402627 0.7337711 -0.5174444
vn 0.4995064 0.8325111 -0.2396223
vn 0.5144957 0.8574929 0
vn -0.9600669 -0.1278169 0.2488664
vn -0.8389233 -0.111382 0.5327305
vn -0.5904358 -0.07804755 0.803302
vn -0.2152905 -0.02829003 0.9761402
vn 0.2153482 0.02809149 0.9761332
vn 0.590819 0.07643761 0.8031751
vn 0.8395707 0.1077316 0.5324612
vn 0.9608155 0.1224883 0.248657
vn -0.9331098 -0.2553457 0.2531888
vn -0.812701 -0.2200707 0.5395237
vn -0.5692502 -0.1516169 0.8080634
vn -0.2070245 -0.05394111 0.9768476
vn 0.207693 0.05270201 0.9767733
vn 0.573791 0.1414282 0.8066982
vn 0.8206077 0.196642 0.5365958
vn 0.9424565 0.2209603 0.2509029
vn -0.8904917 -0.3769234 0.2548594
vn -0.7758951 -0.323137 0.5418203
vn -0.5442483 -0.221008 0.8092893
vn -0.1986988 -0.07806075 0.9769469
vn 0.2005177 0.07574923 0.9767573
vn 0.5567952 0.2016448 0.8058029
vn 0.7983287 0.2777327 0.5343555
vn 0.9176672 0.3096169 0.2490466
vn -0.835645 -0.4880635 0.2519753
vn -0.7322111 -0.4192633 0.5367356
vn -0.5186193 -0.2879951 0.8050421
vn -0.1915147 -0.1022047 0.9761539
vn 0.1947556 0.09921209 0.9758213
vn 0.5410469 0.2623194 0.799035
vn 0.7728632 0.3577011 0.5241492
vn 0.8857744 0.3958378 0.2423141
vn -0.7724687 -0.585891 0.2449974
vn -0.6833666 -0.5074272 0.5249074
vn -0.4919437 -0.3535388 0.7956141
vn -0.1848338 -0.1273501 0.9744837
vn 0.189473 0.1243125 0.9739848
vn 0.5237308 0.3263268 0.7869034
vn 0.740945 0.4399768 0.5073666
vn 0.8440965 0.4834706 0.2318559
vn -0.7046239 -0.6690747 0.2363138
vn -0.6297084 -0.585941 0.5100397
vn -0.4614267 -0.4161735 0.7835081
vn -0.1766427 -0.1530536 0.9723024
vn 0.1822379 0.1507329 0.9716321
vn 0.4990485 0.3930799 0.7722945
vn 0.6971603 0.5247347 0.4884886
vn 0.7887132 0.5738203 0.2205941
vn -0.6351433 -0.7374766 0.2296109
vn -0.5711311 -0.65217 0.4984811
vn -0.4232548 -0.4710302 0.7739418
vn -0.16392 -0.176466 0.9705617
vn 0.1693767 0.1754441 0.9698098
vn 0.4593534 0.4568424 0.7617674
vn 0.6352541 0.6082893 0.4758533
vn 0.7151319 0.6656177 0.2133997
vn -0.5662841 -0.7916903 0.2292355
vn -0.5077771 -0.7027435 0.4983111
vn -0.3743494 -0.5100158 0.774433
vn -0.1438145 -0.1919759 0.9708052
vn 0.1473719 0.1920752 0.9702518
vn 0.3980082 0.5056869 0.7654215
vn 0.5500866 0.6823629 0.4814413
vn 0.6193433 0.7545099 0.2170916
vn -0.4995064 -0.8325109 0.2396223
vn -0.4402625 -0.7337711 0.5174446
vn -0.3143361 -0.5238937 0.7916617
vn -0.116048 -0.1934134 0.9742301
vn 0.1160481 0.1934134 0.97423
vn 0.3143362 0.5238937 0.7916616
vn 0.4402627 0.7337711 0.5174444
vn 0.4995064 0.8325111 0.2396223
vn 0.7071059 -0.7071076 0
vn 0.6290372 -0.6502488 0.4260148
vn 0.4470054 -0.5000701 0.741698
vn 0.2568863 -0.3158443 0.9133739
vn 0.08354374 -0.112372 0.9901479
vn -0.08345722 0.1211303 0.989122
vn -0.249881 0.3849519 0.8884658
vn -0.3971764 0.6387059 0.6590187
vn -0.4888061 0.8071425 0.3310433
vn -0.5144954 0.8574931 0
vn 0.8015234 -0.5979635 0
vn 0.6920149 -0.5167715 0.5040462
vn 0.4610477 -0.3305034 0.8235306
vn 0.2491686 -0.134052 0.9591376
vn 0.07441035 0.06022674 0.9954073
vn -0.08187053 0.2663514 0.9603927
vn -0.230266 0.4876104 0.8421482
vn -0.3608619 0.6969503 0.6197087
vn -0.4459048 0.8385414 0.313077
vn -0.471464 0.8818852 0
vn 0.9354718 -0.3534015 0
vn 0.7679925 -0.2468439 0.5909784
vn 0.4642344 -0.0410022 0.8847629
vn 0.2281049 0.1450009 0.9627787
vn 0.05520171 0.3093094 0.9493579
vn -0.08591373 0.4684 0.8793295
vn -0.211474 0.6286255 0.7484041
vn -0.3196068 0.7764273 0.5431501
vn -0.3924431 0.8777226 0.2749392
vn -0.4158395 0.909438 0
vn 0.9486833 0.316228 0
vn 0.7217956 0.3712309 0.5841222
vn 0.3864214 0.4711297 0.7929158
vn 0.1660121 0.5671077 0.8067396
vn 0.02174569 0.6521584 0.7577708
vn -0.08622707 0.7306187 0.6773192
vn -0.1771811 0.8067119 0.5637577
vn -0.2550414 0.8772897 0.4065918
vn -0.3101816 0.9277744 0.2074171
vn -0.3293721 0.9442002 0
vn 0.2788099 0.9603463 0
vn 0.2178745 0.9540671 0.205637
vn 0.1096682 0.948442 0.2973731
vn 0.02662726 0.9536756 0.2996559
vn -0.02767646 0.9632627 0.2671311
vn -0.06422104 0.9726197 0.2233528
vn -0.09100059 0.9804175 0.174644
vn -0.111833 0.9863835 0.1205859
vn -0.1263845 0.9901421 0.06037762
vn -0.1315895 0.9913043 0
vn -0.1806514 0.9835472 0
vn -0.1700428 0.9807475 -0.09602069
vn -0.1433166 0.971914 -0.1866644
vn -0.1088924 0.9576973 -0.26638
vn -0.06658211 0.9372621 -0.3422085
vn -0.007447198 0.9075543 -0.4198686
vn 0.0884655 0.8630028 -0.4973933
vn 0.2623337 0.7947372 -0.5473334
vn 0.5624778 0.6961223 -0.4461306
vn 0.7819735 0.6233116 0
vn -0.3939189 0.9191452 0
vn -0.3595164 0.9025805 -0.2368467
vn -0.2773784 0.8551629 -0.4379015
vn -0.1822544 0.7891729 -0.5865062
vn -0.08050669 0.7016299 -0.707979
vn 0.04506209 0.569814 -0.8205373
vn 0.2280372 0.345889 -0.9101427
vn 0.492709 -0.03212956 -0.8696008
vn 0.7273582 -0.4550295 -0.5137103
vn 0.7893516 -0.6139414 0
vn -0.5247476 0.8512579 0
vn -0.4761427 0.8216449 -0.3133494
vn -0.3584493 0.7369913 -0.5730251
vn -0.2235535 0.620735 -0.7514731
vn -0.0846054 0.4714012 -0.8778513
vn 0.07362109 0.2601952 -0.9627452
vn 0.2678536 -0.04901758 -0.9622118
vn 0.4695746 -0.4264778 -0.7730564
vn 0.5906821 -0.7041331 -0.3940701
vn 0.6177115 -0.7864048 0
vn -0.6234872 0.7818336 0
vn -0.5644464 0.7425623 -0.3605572
vn -0.4191014 0.6295062 -0.6542752
vn -0.2532208 0.4747685 -0.8428962
vn -0.08767189 0.2824891 -0.9552557
vn 0.08713012 0.03163093 -0.9956946
vn 0.2730799 -0.2838712 -0.9191542
vn 0.4327677 -0.5955953 -0.6767409
vn 0.5177972 -0.7893609 -0.3298416
vn 0.5372965 -0.8433934 0
vn -0.7071068 0.7071068 0
vn -0.6400964 0.6618583 -0.3901539
vn -0.4719454 0.5296832 -0.7047717
vn -0.2796589 0.3477496 -0.8949084
vn -0.09257846 0.1275397 -0.9875033
vn 0.09242862 -0.1394593 -0.9859048
vn 0.2684081 -0.4361637 -0.8589053
vn 0.4023043 -0.6908122 -0.6007743
vn 0.4697139 -0.8351049 -0.2863018
vn 0.4856427 -0.8741574 0
vn 0.6290372 -0.6502488 -0.4260148
vn 0.4470054 -0.5000701 -0.741698
vn 0.2568863 -0.3158443 -0.9133739
vn 0.08354374 -0.112372 -0.9901479
vn -0.08345722 0.1211303 -0.989122
vn -0.249881 0.3849519 -0.8884658
vn -0.3971764 0.6387059 -0.6590187
vn -0.4888061 0.8071425 -0.3310433
vn 0.6920149 -0.5167715 -0.5040462
vn 0.4610477 -0.3305034 -0.8235306
vn 0.2491686 -0.134052 -0.9591376
vn 0.07441035 0.06022674 -0.9954073
vn -0.08187053 0.2663514 -0.9603927
vn -0.230266 0.4876104 -0.8421482
vn -0.3608619 0.6969503 -0.6197087
vn -0.4459048 0.8385414 -0.313077
vn 0.7679925 -0.2468439 -0.5909784
vn 0.4642344 -0.0410022 -0.8847629
vn 0.2281049 0.1450009 -0.9627787
vn 0.05520171 0.3093094 -0.9493579
vn -0.08591373 0.4684 -0.8793295
vn -0.211474 0.6286255 -0.7484041
vn -0.3196068 0.7764273 -0.5431501
vn -0.3924431 0.8777226 -0.2749392
vn 0.7217956 0.3712309 -0.5841222
vn 0.3864214 0.4711297 -0.7929158
vn 0.1660121 0.5671077 -0.8067396
vn 0.02174569 0.6521584 -0.7577708
vn -0.08622707 0.7306187 -0.6773192
vn -0.1771811 0.8067119 -0.5637577
vn -0.2550414 0.8772897 -0.4065918
vn -0.3101816 0.9277744 -0.2074171
vn 0.2178745 0.9540671 -0.205637
vn 0.1096682 0.948442 -0.2973731
vn 0.02662726 0.9536756 -0.2996559
vn -0.02767646 0.9632627 -0.2671311
vn -0.06422104 0.9726197 -0.2233528
vn -0.09100059 0.9804175 -0.174644
vn -0.111833 0.9863835 -0.1205859
vn -0.1263845 0.9901421 -0.06037762
vn -0.1700428 0.9807475 0.09602069
vn -0.1433166 0.971914 0.1866644
vn -0.1088924 0.9576973 0.26638
vn -0.06658211 0.9372621 0.3422085
vn -0.007447198 0.9075543 0.4198686
vn 0.0884655 0.8630028 0.4973933
vn 0.2623337 0.7947372 0.5473334
vn 0.5624778 0.6961223 0.4461306
vn -0.3595164 0.9025805 0.2368467
vn -0.2773784 0.8551629 0.4379015
vn -0.1822544 0.7891729 0.5865062
vn -0.08050669 0.7016299 0.707979
vn 0.04506209 0.569814 0.8205373
vn 0.2280372 0.345889 0.9101427
vn 0.492709 -0.03212956 0.8696008
vn 0.7273582 -0.4550295 0.5137103
vn -0.4761427 0.8216449 0.3133494
vn -0.3584493 0.7369913 0.5730251
vn -0.2235535 0.620735 0.7514731
vn -0.0846054 0.4714012 0.8778513
vn 0.07362109 0.2601952 0.9627452
vn 0.2678536 -0.04901758 0.9622118
vn 0.4695746 -0.4264778 0.7730564
vn 0.5906821 -0.7041331 0.3940701
vn -0.5644464 0.7425623 0.3605572
vn -0.4191014 0.6295062 0.6542752
vn -0.2532208 0.4747685 0.8428962
vn -0.08767189 0.2824891 0.9552557
vn 0.08713012 0.03163093 0.9956946
vn 0.2730799 -0.2838712 0.9191542
vn 0.4327677 -0.5955953 0.6767409
vn 0.5177972 -0.7893609 0.3298416
vn -0.6400964 0.6618583 0.3901539
vn -0.4719454 0.5296832 0.7047717
vn -0.2796589 0.3477496 0.8949084
vn -0.09257846 0.1275397 0.9875033
vn 0.09242862 -0.1394593 0.9859048
vn 0.2684081 -0.4361637 0.8589053
vn 0.4023043 -0.6908122 0.6007743
vn 0.4697139 -0.8351049 0.2863018
vn -0.878985 0.4768494 0
vn -0.7999747 0.4633056 -0.381298
vn -0.5905672 0.4054498 -0.6977398
vn -0.3431884 0.3058481 -0.8880758
vn -0.1052174 0.172496 -0.9793745
vn 0.1272355 0.002433214 -0.9918695
vn 0.3636412 -0.2055587 -0.9085761
vn 0.5834867 -0.4243905 -0.6924131
vn 0.7289467 -0.5847731 -0.3559171
vn 0.7711608 -0.6366404 0
vn -0.9495277 0.3136833 0
vn -0.8894297 0.3224949 -0.3239009
vn -0.6960647 0.3219165 -0.641766
vn -0.4106377 0.2788466 -0.8681136
vn -0.1026121 0.1887434 -0.9766507
vn 0.1977649 0.06070003 -0.9783683
vn 0.4827845 -0.09324599 -0.8707608
vn 0.7254365 -0.246974 -0.642453
vn 0.876378 -0.3564785 -0.3238592
vn 0.919684 -0.3926594 0
vn -0.9701425 0.2425357 0
vn -0.9283622 0.2567842 -0.2687108
vn -0.7685143 0.2793247 -0.5756419
vn -0.4651289 0.2678233 -0.843757
vn -0.07874614 0.1980364 -0.9770264
vn 0.295916 0.08505575 -0.9514195
vn 0.6050074 -0.04112581 -0.7951571
vn 0.8224846 -0.1513389 -0.5482844
vn 0.9383922 -0.2222518 -0.2646211
vn 0.9694834 -0.2451567 0
vn -0.9655347 0.2602746 0
vn -0.9318969 0.2724576 -0.2394475
vn -0.7918676 0.293762 -0.5353966
vn -0.4811969 0.2828536 -0.8297249
vn -0.0351395 0.2039956 -0.9783409
vn 0.3864892 0.0804312 -0.9187801
vn 0.6883888 -0.04036891 -0.7242176
vn 0.8698547 -0.1322821 -0.4752412
vn 0.9567482 -0.1864972 -0.2232744
vn 0.9790705 -0.2035214 0
vn -0.9289293 0.3702572 0
vn -0.8941371 0.3761927 -0.2428949
vn -0.7510387 0.376595 -0.5423256
vn -0.4359462 0.3275907 -0.8382334
vn 0.01163041 0.2018104 -0.9793555
vn 0.422803 0.042825 -0.9052092
vn 0.7055939 -0.09441794 -0.702298
vn 0.8695405 -0.190316 -0.4557184
vn 0.9461848 -0.2437482 -0.2128878
vn 0.9656275 -0.25993 0
vn -0.8192319 0.5734623 0
vn -0.7776833 0.564225 -0.2772347
vn -0.6220878 0.5126262 -0.5917948
vn -0.329937 0.3839083 -0.8624129
vn 0.03749468 0.1879656 -0.9814596
vn 0.3779171 -0.02065868 -0.9256089
vn 0.6371166 -0.1981352 -0.7448657
vn 0.8043076 -0.3246049 -0.4977156
vn 0.8878856 -0.3948877 -0.236057
vn 0.9095958 -0.4154944 0
vn -0.5835015 0.812112 0
vn -0.5434654 0.7739268 -0.3250889
vn -0.4100584 0.6400093 -0.6498001
vn -0.2016691 0.4215135 -0.8841131
vn 0.03395586 0.1670933 -0.9853562
vn 0.2643752 -0.08613674 -0.9605656
vn 0.4727867 -0.3181521 -0.8217372
vn 0.6371403 -0.5044488 -0.582738
vn 0.7330717 -0.6168134 -0.2866135
vn 0.7599539 -0.6499769 0
vn -0.2680174 0.9634141 0
vn -0.2500859 0.8981162 -0.3617242
vn -0.1893351 0.6992809 -0.6893175
vn -0.0965279 0.4279839 -0.8986168
vn 0.0117344 0.1473146 -0.98902
vn 0.1302849 -0.1269254 -0.9833188
vn 0.2578014 -0.3970564 -0.8808432
vn 0.3812532 -0.6447121 -0.6625651
vn 0.4684516 -0.8149731 -0.3411333
vn 0.496021 -0.8683105 0
vn 0 1 0
vn -0.01032955 0.9208508 -0.3897781
vn -0.02727681 0.6938774 -0.7195764
vn -0.03098394 0.4101677 -0.9114836
vn -0.01509706 0.1337712 -0.9908972
vn 0.01963444 -0.1337606 -0.9908192
vn 0.07159974 -0.4093116 -0.909581
vn 0.1348629 -0.6877943 -0.7132679
vn 0.1894379 -0.9042251 -0.3827407
vn 0.2095291 -0.9778025 0
vn -0.7999747 0.4633056 0.381298
vn -0.5905672 0.4054498 0.6977398
vn -0.3431884 0.3058481 0.8880758
vn -0.1052174 0.172496 0.9793745
vn 0.1272355 0.002433214 0.9918695
vn 0.3636412 -0.2055587 0.9085761
vn 0.5834867 -0.4243905 0.6924131
vn 0.7289467 -0.5847731 0.3559171
vn -0.8894297 0.3224949 0.3239009
vn -0.6960647 0.3219165 0.641766
vn -0.4106377 0.2788466 0.8681136
vn -0.1026121 0.1887434 0.9766507
vn 0.1977649 0.06070003 0.9783683
vn 0.4827845 -0.09324599 0.8707608
vn 0.7254365 -0.246974 0.642453
vn 0.876378 -0.3564785 0.3238592
vn -0.9283622 0.2567842 0.2687108
vn -0.7685143 0.2793247 0.5756419
vn -0.4651289 0.2678233 0.843757
vn -0.07874614 0.1980364 0.9770264
vn 0.295916 0.08505575 0.9514195
vn 0.6050074 -0.04112581 0.7951571
vn 0.8224846 -0.1513389 0.5482844
vn 0.9383922 -0.2222518 0.2646211
vn -0.9318969 0.2724576 0.2394475
vn -0.7918676 0.293762 0.5353966
vn -0.4811969 0.2828536 0.8297249
vn -0.0351395 0.2039956 0.9783409
vn 0.3864892 0.0804312 0.9187801
vn 0.6883888 -0.04036891 0.7242176
vn 0.8698547 -0.1322821 0.4752412
vn 0.9567482 -0.1864972 0.2232744
vn -0.8941371 0.3761927 0.2428949
vn -0.7510387 0.376595 0.5423256
vn -0.4359462 0.3275907 0.8382334
vn 0.01163041 0.2018104 0.9793555
vn 0.422803 0.042825 0.9052092
vn 0.7055939 -0.09441794 0.702298
vn 0.8695405 -0.190316 0.4557184
vn 0.9461848 -0.2437482 0.2128878
vn -0.7776833 0.564225 0.2772347
vn -0.6220878 0.5126262 0.5917948
vn -0.329937 0.3839083 0.8624129
vn 0.03749468 0.1879656 0.9814596
vn 0.3779171 -0.02065868 0.9256089
vn 0.6371166 -0.1981352 0.7448657
vn 0.8043076 -0.3246049 0.4977156
vn 0.8878856 -0.3948877 0.236057
vn -0.5434654 0.7739268 0.3250889
vn -0.4100584 0.6400093 0.6498001
vn -0.2016691 0.4215135 0.8841131
vn 0.03395586 0.1670933 0.9853562
vn 0.2643752 -0.08613674 0.9605656
vn 0.4727867 -0.3181521 0.8217372
vn 0.6371403 -0.5044488 0.582738
vn 0.7330717 -0.6168134 0.2866135
vn -0.2500859 0.8981162 0.3617242
vn -0.1893351 0.6992809 0.6893175
vn -0.0965279 0.4279839 0.8986168
vn 0.0117344 0.1473146 0.98902
vn 0.1302849 -0.1269254 0.9833188
vn 0.2578014 -0.3970564 0.8808432
vn 0.3812532 -0.6447121 0.6625651
vn 0.4684516 -0.8149731 0.3411333
vn -0.01032955 0.9208508 0.3897781
vn -0.02727681 0.6938774 0.7195764
vn -0.03098394 0.4101677 0.9114836
vn -0.01509706 0.1337712 0.9908972
vn 0.01963444 -0.1337606 0.9908192
vn 0.07159974 -0.4093116 0.909581
vn 0.1348629 -0.6877943 0.7132679
vn 0.1894379 -0.9042251 0.3827407
vn 0 1 0
vn -0.1685385 0.9856951 0
vn -0.1658379 0.9857216 -0.02916635
vn -0.1579388 0.985772 -0.05752258
vn -0.1452908 0.9858171 -0.08399638
vn -0.1284155 0.9858421 -0.1078182
vn -0.1078181 0.9858422 -0.1284154
vn -0.08399647 0.985817 -0.145291
vn -0.05752258 0.985772 -0.1579388
vn -0.02916636 0.9857216 -0.165838
vn 0 0.9856951 -0.1685385
vn -0.5633366 0.8262275 0
vn -0.5544646 0.8264741 -0.09751721
vn -0.5283353 0.8269424 -0.1924269
vn -0.486257 0.8273606 -0.2811202
vn -0.429894 0.8275942 -0.360942
vn -0.3609417 0.8275943 -0.4298937
vn -0.2811203 0.8273604 -0.4862573
vn -0.1924268 0.8269424 -0.5283353
vn -0.09751724 0.8264739 -0.5544648
vn 0 0.8262275 -0.5633366
vn -0.9938837 0.1104314 0
vn -0.9788487 0.110514 -0.1721687
vn -0.9338422 0.1106655 -0.3401351
vn -0.860396 0.1107969 -0.4974363
vn -0.7611286 0.1108684 -0.639055
vn -0.639055 0.1108686 -0.7611286
vn -0.4974363 0.1107969 -0.860396
vn -0.3401351 0.1106656 -0.9338423
vn -0.1721687 0.1105139 -0.9788487
vn 0 0.1104314 -0.9938837
vn -0.9090648 -0.4166548 0
vn -0.8951573 -0.4170063 -0.1574774
vn -0.8537135 -0.4176823 -0.3109902
vn -0.786334 -0.4182937 -0.4546529
vn -0.6955017 -0.4186382 -0.5839687
vn -0.5839687 -0.4186385 -0.6955016
vn -0.4546529 -0.4182935 -0.7863342
vn -0.3109902 -0.4176823 -0.8537134
vn -0.1574775 -0.4170061 -0.8951575
vn 0 -0.4166548 -0.9090648
vn -0.828391 -0.5601503 0
vn -0.8155906 -0.560542 -0.1435433
vn -0.7775993 -0.5612944 -0.2833514
vn -0.7160428 -0.5619738 -0.4140874
vn -0.6332548 -0.5623562 -0.5317366
vn -0.5317364 -0.5623565 -0.6332548
vn -0.4140874 -0.5619736 -0.7160428
vn -0.2833513 -0.5612945 -0.7775992
vn -0.1435433 -0.5605418 -0.8155907
vn 0 -0.5601503 -0.828391
vn -0.8320503 -0.5547002 0
vn -0.8191661 -0.5551033 -0.1443167
vn -0.7809613 -0.5558791 -0.2847768
vn -0.7191167 -0.5565813 -0.416039
vn -0.6360003 -0.5569772 -0.534116
vn -0.5341159 -0.5569775 -0.6360002
vn -0.416039 -0.5565812 -0.7191168
vn -0.2847768 -0.5558792 -0.7809613
vn -0.1443167 -0.5551031 -0.8191662
vn 0 -0.5547002 -0.8320503
vn -0.912733 -0.4085567 0
vn -0.8986613 -0.4089511 -0.1586411
vn -0.8568694 -0.4097174 -0.3129
vn -0.7891521 -0.4104175 -0.4569423
vn -0.6980938 -0.4108152 -0.5864264
vn -0.5864263 -0.4108154 -0.6980937
vn -0.4569423 -0.4104176 -0.7891521
vn -0.3129 -0.4097176 -0.8568693
vn -0.1586411 -0.4089509 -0.8986614
vn 0 -0.4085567 -0.912733
vn -0.9991331 0.04163057 0
vn -0.9838418 0.04154025 -0.1741547
vn -0.9383148 0.04133566 -0.3433028
vn -0.8644143 0.04112326 -0.5010955
vn -0.7649261 0.04099175 -0.6428124
vn -0.6428124 0.0409917 -0.764926
vn -0.5010954 0.04112312 -0.8644144
vn -0.3433028 0.04133569 -0.9383148
vn -0.1741547 0.04154018 -0.9838417
vn 0 0.04163057 -0.9991331
vn -0.7071068 0.7071067 0
vn -0.6959893 0.7073769 -0.1233563
vn -0.6632696 0.7078695 -0.2428875
vn -0.6106426 0.7082918 -0.3541728
vn -0.5402162 0.7085198 -0.4540551
vn -0.4540552 0.7085198 -0.5402163
vn -0.3541725 0.7082922 -0.6106423
vn -0.2428873 0.7078699 -0.6632692
vn -0.1233564 0.7073764 -0.6959898
vn 0 0.7071067 -0.7071068
vn 0.02916635 0.9857216 -0.1658379
vn 0.05752258 0.985772 -0.1579388
vn 0.08399638 0.9858171 -0.1452908
vn 0.1078182 0.9858421 -0.1284155
vn 0.1284154 0.9858422 -0.1078181
vn 0.145291 0.985817 -0.08399647
vn 0.1579388 0.985772 -0.05752258
vn 0.165838 0.9857216 -0.02916636
vn 0.1685385 0.9856951 0
vn 0.09751721 0.8264741 -0.5544646
vn 0.1924269 0.8269424 -0.5283353
vn 0.2811202 0.8273606 -0.486257
vn 0.360942 0.8275942 -0.429894
vn 0.4298937 0.8275943 -0.3609417
vn 0.4862573 0.8273604 -0.2811203
vn 0.5283353 0.8269424 -0.1924268
vn 0.5544648 0.8264739 -0.09751724
vn 0.5633366 0.8262275 0
vn 0.1721687 0.110514 -0.9788487
vn 0.3401351 0.1106655 -0.9338422
vn 0.4974363 0.1107969 -0.860396
vn 0.639055 0.1108684 -0.7611286
vn 0.7611286 0.1108686 -0.639055
vn 0.860396 0.1107969 -0.4974363
vn 0.9338423 0.1106656 -0.3401351
vn 0.9788487 0.1105139 -0.1721687
vn 0.9938837 0.1104314 0
vn 0.1574774 -0.4170063 -0.8951573
vn 0.3109902 -0.4176823 -0.8537135
vn 0.4546529 -0.4182937 -0.786334
vn 0.5839687 -0.4186382 -0.6955017
vn 0.6955016 -0.4186385 -0.5839687
vn 0.7863342 -0.4182935 -0.4546529
vn 0.8537134 -0.4176823 -0.3109902
vn 0.8951575 -0.4170061 -0.1574775
vn 0.9090648 -0.4166548 0
vn 0.1435433 -0.560542 -0.8155906
vn 0.2833514 -0.5612944 -0.7775993
vn 0.4140874 -0.5619738 -0.7160428
vn 0.5317366 -0.5623562 -0.6332548
vn 0.6332548 -0.5623565 -0.5317364
vn 0.7160428 -0.5619736 -0.4140874
vn 0.7775992 -0.5612945 -0.2833513
vn 0.8155907 -0.5605418 -0.1435433
vn 0.828391 -0.5601503 0
vn 0.1443167 -0.5551033 -0.8191661
vn 0.2847768 -0.5558791 -0.7809613
vn 0.416039 -0.5565813 -0.7191167
vn 0.534116 -0.5569772 -0.6360003
vn 0.6360002 -0.5569775 -0.5341159
vn 0.7191168 -0.5565812 -0.416039
vn 0.7809613 -0.5558792 -0.2847768
vn 0.8191662 -0.5551031 -0.1443167
vn 0.8320503 -0.5547002 0
vn 0.1586411 -0.4089511 -0.8986613
vn 0.3129 -0.4097174 -0.8568694
vn 0.4569423 -0.4104175 -0.7891521
vn 0.5864264 -0.4108152 -0.6980938
vn 0.6980937 -0.4108154 -0.5864263
vn 0.7891521 -0.4104176 -0.4569423
vn 0.8568693 -0.4097176 -0.3129
vn 0.8986614 -0.4089509 -0.1586411
vn 0.912733 -0.4085567 0
vn 0.1741547 0.04154025 -0.9838418
vn 0.3433028 0.04133566 -0.9383148
vn 0.5010955 0.04112326 -0.8644143
vn 0.6428124 0.04099175 -0.7649261
vn 0.764926 0.0409917 -0.6428124
vn 0.8644144 0.04112312 -0.5010954
vn 0.9383148 0.04133569 -0.3433028
vn 0.9838417 0.04154018 -0.1741547
vn 0.9991331 0.04163057 0
vn 0.1233563 0.7073769 -0.6959893
vn 0.2428875 0.7078695 -0.6632696
vn 0.3541728 0.7082918 -0.6106426
vn 0.4540551 0.7085198 -0.5402162
vn 0.5402163 0.7085198 -0.4540552
vn 0.6106423 0.7082922 -0.3541725
vn 0.6632692 0.7078699 -0.2428873
vn 0.6959898 0.7073764 -0.1233564
vn 0.7071068 0.7071067 0
vn 0 0.9856951 0.1685385
vn 0.02916635 0.9857216 0.1658379
vn 0.05752258 0.985772 0.1579388
vn 0.08399638 0.9858171 0.1452908
vn 0.1078182 0.9858421 0.1284155
vn 0.1284154 0.9858422 0.1078181
vn 0.145291 0.985817 0.08399647
vn 0.1579388 0.985772 0.05752258
vn 0.165838 0.9857216 0.02916636
vn 0 0.8262275 0.5633366
vn 0.09751721 0.8264741 0.5544646
vn 0.1924269 0.8269424 0.5283353
vn 0.2811202 0.8273606 0.486257
vn 0.360942 0.8275942 0.429894
vn 0.4298937 0.8275943 0.3609417
vn 0.4862573 0.8273604 0.2811203
vn 0.5283353 0.8269424 0.1924268
vn 0.5544648 0.8264739 0.09751724
vn 0 0.1104314 0.9938837
vn 0.1721687 0.110514 0.9788487
vn 0.3401351 0.1106655 0.9338422
vn 0.4974363 0.1107969 0.860396
vn 0.639055 0.1108684 0.7611286
vn 0.7611286 0.1108686 0.639055
vn 0.860396 0.1107969 0.4974363
vn 0.9338423 0.1106656 0.3401351
vn 0.9788487 0.1105139 0.1721687
vn 0 -0.4166548 0.9090648
vn 0.1574774 -0.4170063 0.8951573
vn 0.3109902 -0.4176823 0.8537135
vn 0.4546529 -0.4182937 0.786334
vn 0.5839687 -0.4186382 0.6955017
vn 0.6955016 -0.4186385 0.5839687
vn 0.7863342 -0.4182935 0.4546529
vn 0.8537134 -0.4176823 0.3109902
vn 0.8951575 -0.4170061 0.1574775
vn 0 -0.5601503 0.828391
vn 0.1435433 -0.560542 0.8155906
vn 0.2833514 -0.5612944 0.7775993
vn 0.4140874 -0.5619738 0.7160428
vn 0.5317366 -0.5623562 0.6332548
vn 0.6332548 -0.5623565 0.5317364
vn 0.7160428 -0.5619736 0.4140874
vn 0.7775992 -0.5612945 0.2833513
vn 0.8155907 -0.5605418 0.1435433
vn 0 -0.5547002 0.8320503
vn 0.1443167 -0.5551033 0.8191661
vn 0.2847768 -0.5558791 0.7809613
vn 0.416039 -0.5565813 0.7191167
vn 0.534116 -0.5569772 0.6360003
vn 0.6360002 -0.5569775 0.5341159
vn 0.7191168 -0.5565812 0.416039
vn 0.7809613 -0.5558792 0.2847768
vn 0.8191662 -0.5551031 0.1443167
vn 0 -0.4085567 0.912733
vn 0.1586411 -0.4089511 0.8986613
vn 0.3129 -0.4097174 0.8568694
vn 0.4569423 -0.4104175 0.7891521
vn 0.5864264 -0.4108152 0.6980938
vn 0.6980937 -0.4108154 0.5864263
vn 0.7891521 -0.4104176 0.4569423
vn 0.8568693 -0.4097176 0.3129
vn 0.8986614 -0.4089509 0.1586411
vn 0 0.04163057 0.9991331
vn 0.1741547 0.04154025 0.9838418
vn 0.3433028 0.04133566 0.9383148
vn 0.5010955 0.04112326 0.8644143
vn 0.6428124 0.04099175 0.7649261
vn 0.764926 0.0409917 0.6428124
vn 0.8644144 0.04112312 0.5010954
vn 0.9383148 0.04133569 0.3433028
vn 0.9838417 0.04154018 0.1741547
vn 0 0.7071067 0.7071068
vn 0.1233563 0.7073769 0.6959893
vn 0.2428875 0.7078695 0.6632696
vn 0.3541728 0.7082918 0.6106426
vn 0.4540551 0.7085198 0.5402162
vn 0.5402163 0.7085198 0.4540552
vn 0.6106423 0.7082922 0.3541725
vn 0.6632692 0.7078699 0.2428873
vn 0.6959898 0.7073764 0.1233564
vn -0.1658379 0.9857216 0.02916635
vn -0.1579388 0.985772 0.05752258
vn -0.1452908 0.9858171 0.08399638
vn -0.1284155 0.9858421 0.1078182
vn -0.1078181 0.9858422 0.1284154
vn -0.08399647 0.985817 0.145291
vn -0.05752258 0.985772 0.1579388
vn -0.02916636 0.9857216 0.165838
vn -0.5544646 0.8264741 0.09751721
vn -0.5283353 0.8269424 0.1924269
vn -0.486257 0.8273606 0.2811202
vn -0.429894 0.8275942 0.360942
vn -0.3609417 0.8275943 0.4298937
vn -0.2811203 0.8273604 0.4862573
vn -0.1924268 0.8269424 0.5283353
vn -0.09751724 0.8264739 0.5544648
vn -0.9788487 0.110514 0.1721687
vn -0.9338422 0.1106655 0.3401351
vn -0.860396 0.1107969 0.4974363
vn -0.7611286 0.1108684 0.639055
vn -0.639055 0.1108686 0.7611286
vn -0.4974363 0.1107969 0.860396
vn -0.3401351 0.1106656 0.9338423
vn -0.1721687 0.1105139 0.9788487
vn -0.8951573 -0.4170063 0.1574774
vn -0.8537135 -0.4176823 0.3109902
vn -0.786334 -0.4182937 0.4546529
vn -0.6955017 -0.4186382 0.5839687
vn -0.5839687 -0.4186385 0.6955016
vn -0.4546529 -0.4182935 0.7863342
vn -0.3109902 -0.4176823 0.8537134
vn -0.1574775 -0.4170061 0.8951575
vn -0.8155906 -0.560542 0.1435433
vn -0.7775993 -0.5612944 0.2833514
vn -0.7160428 -0.5619738 0.4140874
vn -0.6332548 -0.5623562 0.5317366
vn -0.5317364 -0.5623565 0.6332548
vn -0.4140874 -0.5619736 0.7160428
vn -0.2833513 -0.5612945 0.7775992
vn -0.1435433 -0.5605418 0.8155907
vn -0.8191661 -0.5551033 0.1443167
vn -0.7809613 -0.5558791 0.2847768
vn -0.7191167 -0.5565813 0.416039
vn -0.6360003 -0.5569772 0.534116
vn -0.5341159 -0.5569775 0.6360002
vn -0.416039 -0.5565812 0.7191168
vn -0.2847768 -0.5558792 0.7809613
vn -0.1443167 -0.5551031 0.8191662
vn -0.8986613 -0.4089511 0.1586411
vn -0.8568694 -0.4097174 0.3129
vn -0.7891521 -0.4104175 0.4569423
vn -0.6980938 -0.4108152 0.5864264
vn -0.5864263 -0.4108154 0.6980937
vn -0.4569423 -0.4104176 0.7891521
vn -0.3129 -0.4097176 0.8568693
vn -0.1586411 -0.4089509 0.8986614
vn -0.9838418 0.04154025 0.1741547
vn -0.9383148 0.04133566 0.3433028
vn -0.8644143 0.04112326 0.5010955
vn -0.7649261 0.04099175 0.6428124
vn -0.6428124 0.0409917 0.764926
vn -0.5010954 0.04112312 0.8644144
vn -0.3433028 0.04133569 0.9383148
vn -0.1741547 0.04154018 0.9838417
vn -0.6959893 0.7073769 0.1233563
vn -0.6632696 0.7078695 0.2428875
vn -0.6106426 0.7082918 0.3541728
vn -0.5402162 0.7085198 0.4540551
vn -0.4540552 0.7085198 0.5402163
vn -0.3541725 0.7082922 0.6106423
vn -0.2428873 0.7078699 0.6632692
vn -0.1233564 0.7073764 0.6959898
vn -0.4312204 0.9022467 0
vn -0.4243396 0.9023743 -0.07520944
vn -0.4042129 0.9026082 -0.1480216
vn -0.3720015 0.902808 -0.2157609
vn -0.3290308 0.9029161 -0.2765524
vn -0.276553 0.9029157 -0.3290315
vn -0.2157611 0.9028077 -0.3720019
vn -0.1480214 0.9026085 -0.4042124
vn -0.07520927 0.9023747 -0.4243387
vn 0 0.9022467 -0.4312204
vn -0.2898554 0.9570705 0
vn -0.285208 0.9571316 -0.05054994
vn -0.2716418 0.9572437 -0.09947447
vn -0.2499648 0.9573393 -0.1449796
vn -0.2210762 0.9573911 -0.1858159
vn -0.1858163 0.957391 -0.2210766
vn -0.1449797 0.9573392 -0.249965
vn -0.09947436 0.9572439 -0.2716416
vn -0.05054983 0.9571319 -0.2852075
vn 0 0.9570705 -0.2898554
vn -0.2216209 0.9751329 0
vn -0.2180618 0.9751694 -0.03864901
vn -0.2076794 0.9752361 -0.07605161
vn -0.1910986 0.975293 -0.1108372
vn -0.1690095 0.9753239 -0.1420535
vn -0.1420538 0.9753237 -0.1690098
vn -0.1108373 0.9752929 -0.1910988
vn -0.07605153 0.9752361 -0.2076792
vn -0.03864893 0.9751695 -0.2180614
vn 0 0.9751329 -0.2216209
vn -0.196116 0.9805807 0
vn -0.1929647 0.9806095 -0.03420085
vn -0.1837746 0.980662 -0.06729773
vn -0.1691004 0.9807068 -0.09807827
vn -0.1495529 0.980731 -0.1257002
vn -0.1257004 0.980731 -0.1495532
vn -0.09807826 0.9807067 -0.1691005
vn -0.06729772 0.980662 -0.1837746
vn -0.03420079 0.9806095 -0.1929645
vn 0 0.9805807 -0.196116
vn -0.2047518 0.9788139 0
vn -0.2014622 0.9788452 -0.03570692
vn -0.1918683 0.9789023 -0.07026163
vn -0.1765487 0.9789511 -0.1023983
vn -0.1561406 0.9789776 -0.1312372
vn -0.1312373 0.9789774 -0.1561407
vn -0.1023982 0.9789511 -0.1765487
vn -0.07026164 0.9789023 -0.1918683
vn -0.03570688 0.9788452 -0.201462
vn 0 0.9788139 -0.2047518
vn -0.2544933 0.9670745 0
vn -0.2504087 0.9671224 -0.04438214
vn -0.2384915 0.9672096 -0.08733492
vn -0.2194555 0.9672838 -0.1272842
vn -0.1940904 0.9673242 -0.1631342
vn -0.1631342 0.9673242 -0.1940905
vn -0.1272841 0.967284 -0.2194554
vn -0.08733498 0.9672096 -0.2384917
vn -0.04438211 0.9671224 -0.2504086
vn 0 0.9670745 -0.2544933
vn -0.3775232 0.9260002 0
vn -0.3714859 0.926101 -0.06584172
vn -0.3538449 0.9262848 -0.129577
vn -0.3256318 0.9264413 -0.1888665
vn -0.288009 0.9265265 -0.2420734
vn -0.2420733 0.9265265 -0.288009
vn -0.1888663 0.9264414 -0.3256315
vn -0.1295771 0.9262847 -0.3538452
vn -0.0658417 0.926101 -0.3714858
vn 0 0.9260002 -0.3775232
vn -0.6649988 0.7468445 0
vn -0.654514 0.7470972 -0.1160053
vn -0.6236933 0.7475577 -0.2283947
vn -0.5741687 0.7479501 -0.3330179
vn -0.5079291 0.7481639 -0.4269176
vn -0.4269176 0.748164 -0.5079291
vn -0.3330177 0.7479505 -0.5741684
vn -0.2283949 0.7475573 -0.6236938
vn -0.1160053 0.7470972 -0.654514
vn 0 0.7468445 -0.6649988
vn -1 0 0
vn -0.9846538 0 -0.1745189
vn -0.9390187 0 -0.343866
vn -0.8650312 0 -0.5017181
vn -0.7655139 0 -0.6434193
vn -0.6434192 0 -0.765514
vn -0.5017181 0 -0.8650312
vn -0.343866 0 -0.9390188
vn -0.1745188 0 -0.9846538
vn 0 0 -1
vn 0.07520944 0.9023743 -0.4243396
vn 0.1480216 0.9026082 -0.4042129
vn 0.2157609 0.902808 -0.3720015
vn 0.2765524 0.9029161 -0.3290308
vn 0.3290315 0.9029157 -0.276553
vn 0.3720019 0.9028077 -0.2157611
vn 0.4042124 0.9026085 -0.1480214
vn 0.4243387 0.9023747 -0.07520927
vn 0.4312204 0.9022467 0
vn 0.05054994 0.9571316 -0.285208
vn 0.09947447 0.9572437 -0.2716418
vn 0.1449796 0.9573393 -0.2499648
vn 0.1858159 0.9573911 -0.2210762
vn 0.2210766 0.957391 -0.1858163
vn 0.249965 0.9573392 -0.1449797
vn 0.2716416 0.9572439 -0.09947436
vn 0.2852075 0.9571319 -0.05054983
vn 0.2898554 0.9570705 0
vn 0.03864901 0.9751694 -0.2180618
vn 0.07605161 0.9752361 -0.2076794
vn 0.1108372 0.975293 -0.1910986
vn 0.1420535 0.9753239 -0.1690095
vn 0.1690098 0.9753237 -0.1420538
vn 0.1910988 0.9752929 -0.1108373
vn 0.2076792 0.9752361 -0.07605153
vn 0.2180614 0.9751695 -0.03864893
vn 0.2216209 0.9751329 0
vn 0.03420085 0.9806095 -0.1929647
vn 0.06729773 0.980662 -0.1837746
vn 0.09807827 0.9807068 -0.1691004
vn 0.1257002 0.980731 -0.1495529
vn 0.1495532 0.980731 -0.1257004
vn 0.1691005 0.9807067 -0.09807826
vn 0.1837746 0.980662 -0.06729772
vn 0.1929645 0.9806095 -0.03420079
vn 0.196116 0.9805807 0
vn 0.03570692 0.9788452 -0.2014622
vn 0.07026163 0.9789023 -0.1918683
vn 0.1023983 0.9789511 -0.1765487
vn 0.1312372 0.9789776 -0.1561406
vn 0.1561407 0.9789774 -0.1312373
vn 0.1765487 0.9789511 -0.1023982
vn 0.1918683 0.9789023 -0.07026164
vn 0.201462 0.9788452 -0.03570688
vn 0.2047518 0.9788139 0
vn 0.04438214 0.9671224 -0.2504087
vn 0.08733492 0.9672096 -0.2384915
vn 0.1272842 0.9672838 -0.2194555
vn 0.1631342 0.9673242 -0.1940904
vn 0.1940905 0.9673242 -0.1631342
vn 0.2194554 0.967284 -0.1272841
vn 0.2384917 0.9672096 -0.08733498
vn 0.2504086 0.9671224 -0.04438211
vn 0.2544933 0.9670745 0
vn 0.06584172 0.926101 -0.3714859
vn 0.129577 0.9262848 -0.3538449
vn 0.1888665 0.9264413 -0.3256318
vn 0.2420734 0.9265265 -0.288009
vn 0.288009 0.9265265 -0.2420733
vn 0.3256315 0.9264414 -0.1888663
vn 0.3538452 0.9262847 -0.1295771
vn 0.3714858 0.926101 -0.0658417
vn 0.3775232 0.9260002 0
vn 0.1160053 0.7470972 -0.654514
vn 0.2283947 0.7475577 -0.6236933
vn 0.3330179 0.7479501 -0.5741687
vn 0.4269176 0.7481639 -0.5079291
vn 0.5079291 0.748164 -0.4269176
vn 0.5741684 0.7479505 -0.3330177
vn 0.6236938 0.7475573 -0.2283949
vn 0.654514 0.7470972 -0.1160053
vn 0.6649988 0.7468445 0
vn 0.1745189 0 -0.9846538
vn 0.343866 0 -0.9390187
vn 0.5017181 0 -0.8650312
vn 0.6434193 0 -0.7655139
vn 0.765514 0 -0.6434192
vn 0.8650312 0 -0.5017181
vn 0.9390188 0 -0.343866
vn 0.9846538 0 -0.1745188
vn 1 0 0
vn 0 0.9022467 0.4312204
vn 0.07520944 0.9023743 0.4243396
vn 0.1480216 0.9026082 0.4042129
vn 0.2157609 0.902808 0.3720015
vn 0.2765524 0.9029161 0.3290308
vn 0.3290315 0.9029157 0.276553
vn 0.3720019 0.9028077 0.2157611
vn 0.4042124 0.9026085 0.1480214
vn 0.4243387 0.9023747 0.07520927
vn 0 0.9570705 0.2898554
vn 0.05054994 0.9571316 0.285208
vn 0.09947447 0.9572437 0.2716418
vn 0.1449796 0.9573393 0.2499648
vn 0.1858159 0.9573911 0.2210762
vn 0.2210766 0.957391 0.1858163
vn 0.249965 0.9573392 0.1449797
vn 0.2716416 0.9572439 0.09947436
vn 0.2852075 0.9571319 0.05054983
vn 0 0.9751329 0.2216209
vn 0.03864901 0.9751694 0.2180618
vn 0.07605161 0.9752361 0.2076794
vn 0.1108372 0.975293 0.1910986
vn 0.1420535 0.9753239 0.1690095
vn 0.1690098 0.9753237 0.1420538
vn 0.1910988 0.9752929 0.1108373
vn 0.2076792 0.9752361 0.07605153
vn 0.2180614 0.9751695 0.03864893
vn 0 0.9805807 0.196116
vn 0.03420085 0.9806095 0.1929647
vn 0.06729773 0.980662 0.1837746
vn 0.09807827 0.9807068 0.1691004
vn 0.1257002 0.980731 0.1495529
vn 0.1495532 0.980731 0.1257004
vn 0.1691005 0.9807067 0.09807826
vn 0.1837746 0.980662 0.06729772
vn 0.1929645 0.9806095 0.03420079
vn 0 0.9788139 0.2047518
vn 0.03570692 0.9788452 0.2014622
vn 0.07026163 0.9789023 0.1918683
vn 0.1023983 0.9789511 0.1765487
vn 0.1312372 0.9789776 0.1561406
vn 0.1561407 0.9789774 0.1312373
vn 0.1765487 0.9789511 0.1023982
vn 0.1918683 0.9789023 0.07026164
vn 0.201462 0.9788452 0.03570688
vn 0 0.9670745 0.2544933
vn 0.04438214 0.9671224 0.2504087
vn 0.08733492 0.9672096 0.2384915
vn 0.1272842 0.9672838 0.2194555
vn 0.1631342 0.9673242 0.1940904
vn 0.1940905 0.9673242 0.1631342
vn 0.2194554 0.967284 0.1272841
vn 0.2384917 0.9672096 0.08733498
vn 0.2504086 0.9671224 0.04438211
vn 0 0.9260002 0.3775232
vn 0.06584172 0.926101 0.3714859
vn 0.129577 0.9262848 0.3538449
vn 0.1888665 0.9264413 0.3256318
vn 0.2420734 0.9265265 0.288009
vn 0.288009 0.9265265 0.2420733
vn 0.3256315 0.9264414 0.1888663
vn 0.3538452 0.9262847 0.1295771
vn 0.3714858 0.926101 0.0658417
vn 0 0.7468445 0.6649988
vn 0.1160053 0.7470972 0.654514
vn 0.2283947 0.7475577 0.6236933
vn 0.3330179 0.7479501 0.5741687
vn 0.4269176 0.7481639 0.5079291
vn 0.5079291 0.748164 0.4269176
vn 0.5741684 0.7479505 0.3330177
vn 0.6236938 0.7475573 0.2283949
vn 0.654514 0.7470972 0.1160053
vn 0 0 1
vn 0.1745189 0 0.9846538
vn 0.343866 0 0.9390187
vn 0.5017181 0 0.8650312
vn 0.6434193 0 0.7655139
vn 0.765514 0 0.6434192
vn 0.8650312 0 0.5017181
vn 0.9390188 0 0.343866
vn 0.9846538 0 0.1745188
vn -0.4243396 0.9023743 0.07520944
vn -0.4042129 0.9026082 0.1480216
vn -0.3720015 0.902808 0.2157609
vn -0.3290308 0.9029161 0.2765524
vn -0.276553 0.9029157 0.3290315
vn -0.2157611 0.9028077 0.3720019
vn -0.1480214 0.9026085 0.4042124
vn -0.07520927 0.9023747 0.4243387
vn -0.285208 0.9571316 0.05054994
vn -0.2716418 0.9572437 0.09947447
vn -0.2499648 0.9573393 0.1449796
vn -0.2210762 0.9573911 0.1858159
vn -0.1858163 0.957391 0.2210766
vn -0.1449797 0.9573392 0.249965
vn -0.09947436 0.9572439 0.2716416
vn -0.05054983 0.9571319 0.2852075
vn -0.2180618 0.9751694 0.03864901
vn -0.2076794 0.9752361 0.07605161
vn -0.1910986 0.975293 0.1108372
vn -0.1690095 0.9753239 0.1420535
vn -0.1420538 0.9753237 0.1690098
vn -0.1108373 0.9752929 0.1910988
vn -0.07605153 0.9752361 0.2076792
vn -0.03864893 0.9751695 0.2180614
vn -0.1929647 0.9806095 0.03420085
vn -0.1837746 0.980662 0.06729773
vn -0.1691004 0.9807068 0.09807827
vn -0.1495529 0.980731 0.1257002
vn -0.1257004 0.980731 0.1495532
vn -0.09807826 0.9807067 0.1691005
vn -0.06729772 0.980662 0.1837746
vn -0.03420079 0.9806095 0.1929645
vn -0.2014622 0.9788452 0.03570692
vn -0.1918683 0.9789023 0.07026163
vn -0.1765487 0.9789511 0.1023983
vn -0.1561406 0.9789776 0.1312372
vn -0.1312373 0.9789774 0.1561407
vn -0.1023982 0.9789511 0.1765487
vn -0.07026164 0.9789023 0.1918683
vn -0.03570688 0.9788452 0.201462
vn -0.2504087 0.9671224 0.04438214
vn -0.2384915 0.9672096 0.08733492
vn -0.2194555 0.9672838 0.1272842
vn -0.1940904 0.9673242 0.1631342
vn -0.1631342 0.9673242 0.1940905
vn -0.1272841 0.967284 0.2194554
vn -0.08733498 0.9672096 0.2384917
vn -0.04438211 0.9671224 0.2504086
vn -0.3714859 0.926101 0.06584172
vn -0.3538449 0.9262848 0.129577
vn -0.3256318 0.9264413 0.1888665
vn -0.288009 0.9265265 0.2420734
vn -0.2420733 0.9265265 0.288009
vn -0.1888663 0.9264414 0.3256315
vn -0.1295771 0.9262847 0.3538452
vn -0.0658417 0.926101 0.3714858
vn -0.654514 0.7470972 0.1160053
vn -0.6236933 0.7475577 0.2283947
vn -0.5741687 0.7479501 0.3330179
vn -0.5079291 0.7481639 0.4269176
vn -0.4269176 0.748164 0.5079291
vn -0.3330177 0.7479505 0.5741684
vn -0.2283949 0.7475573 0.6236938
vn -0.1160053 0.7470972 0.654514
vn -0.9846538 0 0.1745189
vn -0.9390187 0 0.343866
vn -0.8650312 0 0.5017181
vn -0.7655139 0 0.6434193
vn -0.6434192 0 0.765514
vn -0.5017181 0 0.8650312
vn -0.343866 0 0.9390188
vn -0.1745188 0 0.9846538
vn 0.9417419 -0.3363365 0
vn 0.9272094 -0.3365648 0.1643375
vn 0.8840969 -0.336981 0.3237537
vn 0.8143261 -0.3373382 0.4723092
vn 0.7205892 -0.3375314 0.6056598
vn 0.6056597 -0.3375315 0.7205892
vn 0.4723091 -0.3373383 0.814326
vn 0.3237537 -0.3369815 0.8840968
vn 0.1643375 -0.3365648 0.9272094
vn 0 -0.3363365 0.9417419
vn 0.9782546 -0.2074077 0
vn 0.9632103 -0.2075597 0.1707182
vn 0.918514 -0.2078365 0.3363571
vn 0.8460982 -0.2080747 0.490737
vn 0.7487382 -0.2082031 0.6293191
vn 0.6293191 -0.2082033 0.7487382
vn 0.490737 -0.2080747 0.8460982
vn 0.3363571 -0.2078371 0.9185138
vn 0.1707183 -0.2075597 0.9632104
vn 0 -0.2074077 0.9782546
vn 0.9999987 -0.001587183 0
vn 0.9846526 -0.0015887 0.1745187
vn 0.9390176 -0.001590243 0.3438655
vn 0.8650301 -0.001592995 0.5017174
vn 0.7655129 -0.001593223 0.6434184
vn 0.6434185 -0.001593629 0.765513
vn 0.5017174 -0.001592804 0.8650301
vn 0.3438655 -0.001590787 0.9390176
vn 0.1745186 -0.001588678 0.9846526
vn 0 -0.001587183 0.9999987
vn 0.9269467 0.3751931 0
vn 0.9126234 0.3754393 0.1617523
vn 0.870155 0.3758902 0.3186483
vn 0.8014584 0.3762747 0.4648459
vn 0.7091896 0.3764849 0.5960783
vn 0.5960785 0.3764844 0.7091898
vn 0.4648458 0.3762751 0.8014583
vn 0.3186484 0.3758899 0.8701552
vn 0.1617523 0.3754393 0.9126234
vn 0 0.3751931 0.9269467
vn 0.4165407 0.9091171 0
vn 0.4098893 0.9092375 0.0726483
vn 0.3904415 0.9094573 0.1429786
vn 0.3593231 0.9096446 0.2084074
vn 0.317814 0.9097465 0.2671247
vn 0.267125 0.9097462 0.3178144
vn 0.2084073 0.9096447 0.3593229
vn 0.1429786 0.9094573 0.3904416
vn 0.07264829 0.9092376 0.4098893
vn 0 0.9091171 0.4165407
vn -0.3263099 0.9452628 0
vn -0.3210828 0.9453397 -0.05690834
vn -0.3058202 0.9454799 -0.1119905
vn -0.2814234 0.9455994 -0.1632256
vn -0.2489028 0.9456642 -0.2092044
vn -0.2092046 0.9456642 -0.248903
vn -0.1632256 0.9455994 -0.2814235
vn -0.1119905 0.9454799 -0.3058201
vn -0.05690833 0.9453398 -0.3210828
vn 0 0.9452628 -0.3263099
vn -0.6663308 0.7456563 0
vn -0.6558262 0.7459093 -0.1162379
vn -0.6249455 0.7463708 -0.2288533
vn -0.5753215 0.7467654 -0.3336865
vn -0.5089499 0.7469792 -0.4277756
vn -0.4277757 0.7469791 -0.5089501
vn -0.3336866 0.7467652 -0.5753217
vn -0.2288532 0.746371 -0.6249453
vn -0.1162378 0.7459093 -0.6558262
vn 0 0.7456563 -0.6663308
vn -0.8143443 0.580382 0
vn -0.8016406 0.5806765 -0.1420818
vn -0.7641277 0.5812134 -0.2798214
vn -0.703636 0.581673 -0.4081089
vn -0.6225501 0.5819221 -0.5232572
vn -0.5232572 0.5819221 -0.62255
vn -0.4081091 0.5816725 -0.7036363
vn -0.2798213 0.5812136 -0.7641276
vn -0.1420818 0.5806764 -0.8016406
vn 0 0.580382 -0.8143443
vn -0.8936151 0.448834 0
vn -0.879766 0.4491083 -0.1559287
vn -0.8387558 0.4496084 -0.30715
vn -0.7724813 0.4500371 -0.4480393
vn -0.6835219 0.4502692 -0.5745045
vn -0.5745045 0.4502693 -0.6835219
vn -0.4480395 0.4500364 -0.7724817
vn -0.3071499 0.4496088 -0.8387555
vn -0.1559287 0.4491082 -0.879766
vn 0 0.448834 -0.8936151
vn -0.9417419 0.3363365 0
vn -0.9272094 0.3365648 -0.1643375
vn -0.8840968 0.336981 -0.3237538
vn -0.814326 0.3373383 -0.4723091
vn -0.7205892 0.3375315 -0.6056598
vn -0.6056597 0.3375317 -0.7205892
vn -0.4723093 0.3373373 -0.8143263
vn -0.3237537 0.3369814 -0.8840967
vn -0.1643375 0.3365648 -0.9272094
vn 0 0.3363365 -0.9417419
vn -0.1643375 -0.3365648 0.9272094
vn -0.3237537 -0.336981 0.8840969
vn -0.4723092 -0.3373382 0.8143261
vn -0.6056598 -0.3375314 0.7205892
vn -0.7205892 -0.3375315 0.6056597
vn -0.814326 -0.3373383 0.4723091
vn -0.8840968 -0.3369815 0.3237537
vn -0.9272094 -0.3365648 0.1643375
vn -0.9417419 -0.3363365 0
vn -0.1707182 -0.2075597 0.9632103
vn -0.3363571 -0.2078365 0.918514
vn -0.490737 -0.2080747 0.8460982
vn -0.6293191 -0.2082031 0.7487382
vn -0.7487382 -0.2082033 0.6293191
vn -0.8460982 -0.2080747 0.490737
vn -0.9185138 -0.2078371 0.3363571
vn -0.9632104 -0.2075597 0.1707183
vn -0.9782546 -0.2074077 0
vn -0.1745187 -0.0015887 0.9846526
vn -0.3438655 -0.001590243 0.9390176
vn -0.5017174 -0.001592995 0.8650301
vn -0.6434184 -0.001593223 0.7655129
vn -0.765513 -0.001593629 0.6434185
vn -0.8650301 -0.001592804 0.5017174
vn -0.9390176 -0.001590787 0.3438655
vn -0.9846526 -0.001588678 0.1745186
vn -0.9999987 -0.001587183 0
vn -0.1617523 0.3754393 0.9126234
vn -0.3186483 0.3758902 0.870155
vn -0.4648459 0.3762747 0.8014584
vn -0.5960783 0.3764849 0.7091896
vn -0.7091898 0.3764844 0.5960785
vn -0.8014583 0.3762751 0.4648458
vn -0.8701552 0.3758899 0.3186484
vn -0.9126234 0.3754393 0.1617523
vn -0.9269467 0.3751931 0
vn -0.0726483 0.9092375 0.4098893
vn -0.1429786 0.9094573 0.3904415
vn -0.2084074 0.9096446 0.3593231
vn -0.2671247 0.9097465 0.317814
vn -0.3178144 0.9097462 0.267125
vn -0.3593229 0.9096447 0.2084073
vn -0.3904416 0.9094573 0.1429786
vn -0.4098893 0.9092376 0.07264829
vn -0.4165407 0.9091171 0
vn 0.05690834 0.9453397 -0.3210828
vn 0.1119905 0.9454799 -0.3058202
vn 0.1632256 0.9455994 -0.2814234
vn 0.2092044 0.9456642 -0.2489028
vn 0.248903 0.9456642 -0.2092046
vn 0.2814235 0.9455994 -0.1632256
vn 0.3058201 0.9454799 -0.1119905
vn 0.3210828 0.9453398 -0.05690833
vn 0.3263099 0.9452628 0
vn 0.1162379 0.7459093 -0.6558262
vn 0.2288533 0.7463708 -0.6249455
vn 0.3336865 0.7467654 -0.5753215
vn 0.4277756 0.7469792 -0.5089499
vn 0.5089501 0.7469791 -0.4277757
vn 0.5753217 0.7467652 -0.3336866
vn 0.6249453 0.746371 -0.2288532
vn 0.6558262 0.7459093 -0.1162378
vn 0.6663308 0.7456563 0
vn 0.1420818 0.5806765 -0.8016406
vn 0.2798214 0.5812134 -0.7641277
vn 0.4081089 0.581673 -0.703636
vn 0.5232572 0.5819221 -0.6225501
vn 0.62255 0.5819221 -0.5232572
vn 0.7036363 0.5816725 -0.4081091
vn 0.7641276 0.5812136 -0.2798213
vn 0.8016406 0.5806764 -0.1420818
vn 0.8143443 0.580382 0
vn 0.1559287 0.4491083 -0.879766
vn 0.30715 0.4496084 -0.8387558
vn 0.4480393 0.4500371 -0.7724813
vn 0.5745045 0.4502692 -0.6835219
vn 0.6835219 0.4502693 -0.5745045
vn 0.7724817 0.4500364 -0.4480395
vn 0.8387555 0.4496088 -0.3071499
vn 0.879766 0.4491082 -0.1559287
vn 0.8936151 0.448834 0
vn 0.1643375 0.3365648 -0.9272094
vn 0.3237538 0.336981 -0.8840968
vn 0.4723091 0.3373383 -0.814326
vn 0.6056598 0.3375315 -0.7205892
vn 0.7205892 0.3375317 -0.6056597
vn 0.8143263 0.3373373 -0.4723093
vn 0.8840967 0.3369814 -0.3237537
vn 0.9272094 0.3365648 -0.1643375
vn 0.9417419 0.3363365 0
vn 0 -0.3363365 -0.9417419
vn -0.1643375 -0.3365648 -0.9272094
vn -0.3237537 -0.336981 -0.8840969
vn -0.4723092 -0.3373382 -0.8143261
vn -0.6056598 -0.3375314 -0.7205892
vn -0.7205892 -0.3375315 -0.6056597
vn -0.814326 -0.3373383 -0.4723091
vn -0.8840968 -0.3369815 -0.3237537
vn -0.9272094 -0.3365648 -0.1643375
vn 0 -0.2074077 -0.9782546
vn -0.1707182 -0.2075597 -0.9632103
vn -0.3363571 -0.2078365 -0.918514
vn -0.490737 -0.2080747 -0.8460982
vn -0.6293191 -0.2082031 -0.7487382
vn -0.7487382 -0.2082033 -0.6293191
vn -0.8460982 -0.2080747 -0.490737
vn -0.9185138 -0.2078371 -0.3363571
vn -0.9632104 -0.2075597 -0.1707183
vn 0 -0.001587183 -0.9999987
vn -0.1745187 -0.0015887 -0.9846526
vn -0.3438655 -0.001590243 -0.9390176
vn -0.5017174 -0.001592995 -0.8650301
vn -0.6434184 -0.001593223 -0.7655129
vn -0.765513 -0.001593629 -0.6434185
vn -0.8650301 -0.001592804 -0.5017174
vn -0.9390176 -0.001590787 -0.3438655
vn -0.9846526 -0.001588678 -0.1745186
vn 0 0.3751931 -0.9269467
vn -0.1617523 0.3754393 -0.9126234
vn -0.3186483 0.3758902 -0.870155
vn -0.4648459 0.3762747 -0.8014584
vn -0.5960783 0.3764849 -0.7091896
vn -0.7091898 0.3764844 -0.5960785
vn -0.8014583 0.3762751 -0.4648458
vn -0.8701552 0.3758899 -0.3186484
vn -0.9126234 0.3754393 -0.1617523
vn 0 0.9091171 -0.4165407
vn -0.0726483 0.9092375 -0.4098893
vn -0.1429786 0.9094573 -0.3904415
vn -0.2084074 0.9096446 -0.3593231
vn -0.2671247 0.9097465 -0.317814
vn -0.3178144 0.9097462 -0.267125
vn -0.3593229 0.9096447 -0.2084073
vn -0.3904416 0.9094573 -0.1429786
vn -0.4098893 0.9092376 -0.07264829
vn 0 0.9452628 0.3263099
vn 0.05690834 0.9453397 0.3210828
vn 0.1119905 0.9454799 0.3058202
vn 0.1632256 0.9455994 0.2814234
vn 0.2092044 0.9456642 0.2489028
vn 0.248903 0.9456642 0.2092046
vn 0.2814235 0.9455994 0.1632256
vn 0.3058201 0.9454799 0.1119905
vn 0.3210828 0.9453398 0.05690833
vn 0 0.7456563 0.6663308
vn 0.1162379 0.7459093 0.6558262
vn 0.2288533 0.7463708 0.6249455
vn 0.3336865 0.7467654 0.5753215
vn 0.4277756 0.7469792 0.5089499
vn 0.5089501 0.7469791 0.4277757
vn 0.5753217 0.7467652 0.3336866
vn 0.6249453 0.746371 0.2288532
vn 0.6558262 0.7459093 0.1162378
vn 0 0.580382 0.8143443
vn 0.1420818 0.5806765 0.8016406
vn 0.2798214 0.5812134 0.7641277
vn 0.4081089 0.581673 0.703636
vn 0.5232572 0.5819221 0.6225501
vn 0.62255 0.5819221 0.5232572
vn 0.7036363 0.5816725 0.4081091
vn 0.7641276 0.5812136 0.2798213
vn 0.8016406 0.5806764 0.1420818
vn 0 0.448834 0.8936151
vn 0.1559287 0.4491083 0.879766
vn 0.30715 0.4496084 0.8387558
vn 0.4480393 0.4500371 0.7724813
vn 0.5745045 0.4502692 0.6835219
vn 0.6835219 0.4502693 0.5745045
vn 0.7724817 0.4500364 0.4480395
vn 0.8387555 0.4496088 0.3071499
vn 0.879766 0.4491082 0.1559287
vn 0 0.3363365 0.9417419
vn 0.1643375 0.3365648 0.9272094
vn 0.3237538 0.336981 0.8840968
vn 0.4723091 0.3373383 0.814326
vn 0.6056598 0.3375315 0.7205892
vn 0.7205892 0.3375317 0.6056597
vn 0.8143263 0.3373373 0.4723093
vn 0.8840967 0.3369814 0.3237537
vn 0.9272094 0.3365648 0.1643375
vn 0.9272094 -0.3365648 -0.1643375
vn 0.8840969 -0.336981 -0.3237537
vn 0.8143261 -0.3373382 -0.4723092
vn 0.7205892 -0.3375314 -0.6056598
vn 0.6056597 -0.3375315 -0.7205892
vn 0.4723091 -0.3373383 -0.814326
vn 0.3237537 -0.3369815 -0.8840968
vn 0.1643375 -0.3365648 -0.9272094
vn 0.9632103 -0.2075597 -0.1707182
vn 0.918514 -0.2078365 -0.3363571
vn 0.8460982 -0.2080747 -0.490737
vn 0.7487382 -0.2082031 -0.6293191
vn 0.6293191 -0.2082033 -0.7487382
vn 0.490737 -0.2080747 -0.8460982
vn 0.3363571 -0.2078371 -0.9185138
vn 0.1707183 -0.2075597 -0.9632104
vn 0.9846526 -0.0015887 -0.1745187
vn 0.9390176 -0.001590243 -0.3438655
vn 0.8650301 -0.001592995 -0.5017174
vn 0.7655129 -0.001593223 -0.6434184
vn 0.6434185 -0.001593629 -0.765513
vn 0.5017174 -0.001592804 -0.8650301
vn 0.3438655 -0.001590787 -0.9390176
vn 0.1745186 -0.001588678 -0.9846526
vn 0.9126234 0.3754393 -0.1617523
vn 0.870155 0.3758902 -0.3186483
vn 0.8014584 0.3762747 -0.4648459
vn 0.7091896 0.3764849 -0.5960783
vn 0.5960785 0.3764844 -0.7091898
vn 0.4648458 0.3762751 -0.8014583
vn 0.3186484 0.3758899 -0.8701552
vn 0.1617523 0.3754393 -0.9126234
vn 0.4098893 0.9092375 -0.0726483
vn 0.3904415 0.9094573 -0.1429786
vn 0.3593231 0.9096446 -0.2084074
vn 0.317814 0.9097465 -0.2671247
vn 0.267125 0.9097462 -0.3178144
vn 0.2084073 0.9096447 -0.3593229
vn 0.1429786 0.9094573 -0.3904416
vn 0.07264829 0.9092376 -0.4098893
vn -0.3210828 0.9453397 0.05690834
vn -0.3058202 0.9454799 0.1119905
vn -0.2814234 0.9455994 0.1632256
vn -0.2489028 0.9456642 0.2092044
vn -0.2092046 0.9456642 0.248903
vn -0.1632256 0.9455994 0.2814235
vn -0.1119905 0.9454799 0.3058201
vn -0.05690833 0.9453398 0.3210828
vn -0.6558262 0.7459093 0.1162379
vn -0.6249455 0.7463708 0.2288533
vn -0.5753215 0.7467654 0.3336865
vn -0.5089499 0.7469792 0.4277756
vn -0.4277757 0.7469791 0.5089501
vn -0.3336866 0.7467652 0.5753217
vn -0.2288532 0.746371 0.6249453
vn -0.1162378 0.7459093 0.6558262
vn -0.8016406 0.5806765 0.1420818
vn -0.7641277 0.5812134 0.2798214
vn -0.703636 0.581673 0.4081089
vn -0.6225501 0.5819221 0.5232572
vn -0.5232572 0.5819221 0.62255
vn -0.4081091 0.5816725 0.7036363
vn -0.2798213 0.5812136 0.7641276
vn -0.1420818 0.5806764 0.8016406
vn -0.879766 0.4491083 0.1559287
vn -0.8387558 0.4496084 0.30715
vn -0.7724813 0.4500371 0.4480393
vn -0.6835219 0.4502692 0.5745045
vn -0.5745045 0.4502693 0.6835219
vn -0.4480395 0.4500364 0.7724817
vn -0.3071499 0.4496088 0.8387555
vn -0.1559287 0.4491082 0.879766
vn -0.9272094 0.3365648 0.1643375
vn -0.8840968 0.336981 0.3237538
vn -0.814326 0.3373383 0.4723091
vn -0.7205892 0.3375315 0.6056598
vn -0.6056597 0.3375317 0.7205892
vn -0.4723093 0.3373373 0.8143263
vn -0.3237537 0.3369814 0.8840967
vn -0.1643375 0.3365648 0.9272094
vn -0.9428672 0.3331686 0
vn -0.9283191 0.3333951 -0.1645342
vn -0.8851573 0.3338087 -0.3241422
vn -0.8153051 0.3341632 -0.472877
vn -0.7214564 0.3343552 -0.6063887
vn -0.6063886 0.3343551 -0.7214565
vn -0.472877 0.3341634 -0.815305
vn -0.3241421 0.3338088 -0.8851573
vn -0.1645341 0.333395 -0.9283191
vn 0 0.3331686 -0.9428672
vn -0.9462181 0.3235293 0
vn -0.9316227 0.3237507 -0.1651197
vn -0.8883153 0.3241552 -0.3252986
vn -0.8182201 0.3245019 -0.4745677
vn -0.7240388 0.3246897 -0.6085593
vn -0.6085593 0.3246897 -0.7240388
vn -0.4745676 0.3245021 -0.81822
vn -0.3252986 0.3241554 -0.8883153
vn -0.1651197 0.3237506 -0.9316227
vn 0 0.3235293 -0.9462181
vn -0.9517086 0.3070028 0
vn -0.937036 0.3072154 -0.1660791
vn -0.89349 0.3076037 -0.3271935
vn -0.8229967 0.3079364 -0.4773381
vn -0.7282706 0.3081168 -0.612116
vn -0.612116 0.3081168 -0.7282706
vn -0.477338 0.3079366 -0.8229966
vn -0.3271935 0.3076037 -0.89349
vn -0.1660791 0.3072153 -0.937036
vn 0 0.3070028 -0.9517086
vn -0.9591573 0.2828731 0
vn -0.9443802 0.283072 -0.1673808
vn -0.9005108 0.2834356 -0.3297645
vn -0.8294777 0.2837469 -0.4810971
vn -0.7340125 0.2839158 -0.6169421
vn -0.616942 0.2839158 -0.7340125
vn -0.481097 0.283747 -0.8294777
vn -0.3297645 0.2834355 -0.9005108
vn -0.1673808 0.283072 -0.9443802
vn 0 0.2828731 -0.9591573
vn -0.9682215 0.2500941 0
vn -0.9533174 0.2502733 -0.1689648
vn -0.9090551 0.2506009 -0.3328934
vn -0.8373656 0.2508814 -0.4856721
vn -0.741001 0.2510336 -0.622816
vn -0.622816 0.2510336 -0.741001
vn -0.485672 0.2508815 -0.8373656
vn -0.3328934 0.2506008 -0.9090551
vn -0.1689648 0.2502733 -0.9533174
vn 0 0.2500941 -0.9682215
vn -0.9782851 0.2072638 0
vn -0.9632405 0.2074154 -0.1707236
vn -0.9185426 0.2076926 -0.3363678
vn -0.8461248 0.2079299 -0.4907524
vn -0.7487617 0.2080587 -0.629339
vn -0.6293389 0.2080587 -0.7487617
vn -0.4907524 0.20793 -0.8461248
vn -0.3363677 0.2076925 -0.9185426
vn -0.1707236 0.2074154 -0.9632405
vn 0 0.2072638 -0.9782851
vn -0.9882833 0.1526306 0
vn -0.9730996 0.1527446 -0.172471
vn -0.9279698 0.1529529 -0.3398199
vn -0.8548289 0.1531313 -0.4958008
vn -0.7564739 0.1532281 -0.6358211
vn -0.6358211 0.1532281 -0.7564739
vn -0.4958007 0.1531313 -0.8548288
vn -0.3398198 0.1529528 -0.9279698
vn -0.172471 0.1527446 -0.9730996
vn 0 0.1526306 -0.9882833
vn -0.9964495 0.08419305 0
vn -0.9811525 0.08425694 -0.1738983
vn -0.9356703 0.08437376 -0.3426398
vn -0.8619393 0.0844738 -0.4999247
vn -0.7627743 0.08452813 -0.6411166
vn -0.6411166 0.08452811 -0.7627743
vn -0.4999247 0.08447385 -0.8619393
vn -0.3426398 0.08437375 -0.9356704
vn -0.1738983 0.08425697 -0.9811525
vn 0 0.08419305 -0.9964495
vn -1 0 0
vn -0.9846538 0 -0.1745189
vn -0.9390187 0 -0.343866
vn -0.8650312 0 -0.5017181
vn -0.765514 0 -0.6434193
vn -0.6434193 0 -0.765514
vn -0.5017181 0 -0.8650312
vn -0.343866 0 -0.9390187
vn -0.1745189 0 -0.9846538
vn 0 0 -1
vn 0.1645342 0.3333951 -0.9283191
vn 0.3241422 0.3338087 -0.8851573
vn 0.472877 0.3341632 -0.8153051
vn 0.6063887 0.3343552 -0.7214564
vn 0.7214565 0.3343551 -0.6063886
vn 0.815305 0.3341634 -0.472877
vn 0.8851573 0.3338088 -0.3241421
vn 0.9283191 0.333395 -0.1645341
vn 0.9428672 0.3331686 0
vn 0.1651197 0.3237507 -0.9316227
vn 0.3252986 0.3241552 -0.8883153
vn 0.4745677 0.3245019 -0.8182201
vn 0.6085593 0.3246897 -0.7240388
vn 0.7240388 0.3246897 -0.6085593
vn 0.81822 0.3245021 -0.4745676
vn 0.8883153 0.3241554 -0.3252986
vn 0.9316227 0.3237506 -0.1651197
vn 0.9462181 0.3235293 0
vn 0.1660791 0.3072154 -0.937036
vn 0.3271935 0.3076037 -0.89349
vn 0.4773381 0.3079364 -0.8229967
vn 0.612116 0.3081168 -0.7282706
vn 0.7282706 0.3081168 -0.612116
vn 0.8229966 0.3079366 -0.477338
vn 0.89349 0.3076037 -0.3271935
vn 0.937036 0.3072153 -0.1660791
vn 0.9517086 0.3070028 0
vn 0.1673808 0.283072 -0.9443802
vn 0.3297645 0.2834356 -0.9005108
vn 0.4810971 0.2837469 -0.8294777
vn 0.6169421 0.2839158 -0.7340125
vn 0.7340125 0.2839158 -0.616942
vn 0.8294777 0.283747 -0.481097
vn 0.9005108 0.2834355 -0.3297645
vn 0.9443802 0.283072 -0.1673808
vn 0.9591573 0.2828731 0
vn 0.1689648 0.2502733 -0.9533174
vn 0.3328934 0.2506009 -0.9090551
vn 0.4856721 0.2508814 -0.8373656
vn 0.622816 0.2510336 -0.741001
vn 0.741001 0.2510336 -0.622816
vn 0.8373656 0.2508815 -0.485672
vn 0.9090551 0.2506008 -0.3328934
vn 0.9533174 0.2502733 -0.1689648
vn 0.9682215 0.2500941 0
vn 0.1707236 0.2074154 -0.9632405
vn 0.3363678 0.2076926 -0.9185426
vn 0.4907524 0.2079299 -0.8461248
vn 0.629339 0.2080587 -0.7487617
vn 0.7487617 0.2080587 -0.6293389
vn 0.8461248 0.20793 -0.4907524
vn 0.9185426 0.2076925 -0.3363677
vn 0.9632405 0.2074154 -0.1707236
vn 0.9782851 0.2072638 0
vn 0.172471 0.1527446 -0.9730996
vn 0.3398199 0.1529529 -0.9279698
vn 0.4958008 0.1531313 -0.8548289
vn 0.6358211 0.1532281 -0.7564739
vn 0.7564739 0.1532281 -0.6358211
vn 0.8548288 0.1531313 -0.4958007
vn 0.9279698 0.1529528 -0.3398198
vn 0.9730996 0.1527446 -0.172471
vn 0.9882833 0.1526306 0
vn 0.1738983 0.08425694 -0.9811525
vn 0.3426398 0.08437376 -0.9356703
vn 0.4999247 0.0844738 -0.8619393
vn 0.6411166 0.08452813 -0.7627743
vn 0.7627743 0.08452811 -0.6411166
vn 0.8619393 0.08447385 -0.4999247
vn 0.9356704 0.08437375 -0.3426398
vn 0.9811525 0.08425697 -0.1738983
vn 0.9964495 0.08419305 0
vn 0.1745189 0 -0.9846538
vn 0.343866 0 -0.9390187
vn 0.5017181 0 -0.8650312
vn 0.6434193 0 -0.765514
vn 0.765514 0 -0.6434193
vn 0.8650312 0 -0.5017181
vn 0.9390187 0 -0.343866
vn 0.9846538 0 -0.1745189
vn 1 0 0
vn 0 0.3331686 0.9428672
vn 0.1645342 0.3333951 0.9283191
vn 0.3241422 0.3338087 0.8851573
vn 0.472877 0.3341632 0.8153051
vn 0.6063887 0.3343552 0.7214564
vn 0.7214565 0.3343551 0.6063886
vn 0.815305 0.3341634 0.472877
vn 0.8851573 0.3338088 0.3241421
vn 0.9283191 0.333395 0.1645341
vn 0 0.3235293 0.9462181
vn 0.1651197 0.3237507 0.9316227
vn 0.3252986 0.3241552 0.8883153
vn 0.4745677 0.3245019 0.8182201
vn 0.6085593 0.3246897 0.7240388
vn 0.7240388 0.3246897 0.6085593
vn 0.81822 0.3245021 0.4745676
vn 0.8883153 0.3241554 0.3252986
vn 0.9316227 0.3237506 0.1651197
vn 0 0.3070028 0.9517086
vn 0.1660791 0.3072154 0.937036
vn 0.3271935 0.3076037 0.89349
vn 0.4773381 0.3079364 0.8229967
vn 0.612116 0.3081168 0.7282706
vn 0.7282706 0.3081168 0.612116
vn 0.8229966 0.3079366 0.477338
vn 0.89349 0.3076037 0.3271935
vn 0.937036 0.3072153 0.1660791
vn 0 0.2828731 0.9591573
vn 0.1673808 0.283072 0.9443802
vn 0.3297645 0.2834356 0.9005108
vn 0.4810971 0.2837469 0.8294777
vn 0.6169421 0.2839158 0.7340125
vn 0.7340125 0.2839158 0.616942
vn 0.8294777 0.283747 0.481097
vn 0.9005108 0.2834355 0.3297645
vn 0.9443802 0.283072 0.1673808
vn 0 0.2500941 0.9682215
vn 0.1689648 0.2502733 0.9533174
vn 0.3328934 0.2506009 0.9090551
vn 0.4856721 0.2508814 0.8373656
vn 0.622816 0.2510336 0.741001
vn 0.741001 0.2510336 0.622816
vn 0.8373656 0.2508815 0.485672
vn 0.9090551 0.2506008 0.3328934
vn 0.9533174 0.2502733 0.1689648
vn 0 0.2072638 0.9782851
vn 0.1707236 0.2074154 0.9632405
vn 0.3363678 0.2076926 0.9185426
vn 0.4907524 0.2079299 0.8461248
vn 0.629339 0.2080587 0.7487617
vn 0.7487617 0.2080587 0.6293389
vn 0.8461248 0.20793 0.4907524
vn 0.9185426 0.2076925 0.3363677
vn 0.9632405 0.2074154 0.1707236
vn 0 0.1526306 0.9882833
vn 0.172471 0.1527446 0.9730996
vn 0.3398199 0.1529529 0.9279698
vn 0.4958008 0.1531313 0.8548289
vn 0.6358211 0.1532281 0.7564739
vn 0.7564739 0.1532281 0.6358211
vn 0.8548288 0.1531313 0.4958007
vn 0.9279698 0.1529528 0.3398198
vn 0.9730996 0.1527446 0.172471
vn 0 0.08419305 0.9964495
vn 0.1738983 0.08425694 0.9811525
vn 0.3426398 0.08437376 0.9356703
vn 0.4999247 0.0844738 0.8619393
vn 0.6411166 0.08452813 0.7627743
vn 0.7627743 0.08452811 0.6411166
vn 0.8619393 0.08447385 0.4999247
vn 0.9356704 0.08437375 0.3426398
vn 0.9811525 0.08425697 0.1738983
vn 0 0 1
vn 0.1745189 0 0.9846538
vn 0.343866 0 0.9390187
vn 0.5017181 0 0.8650312
vn 0.6434193 0 0.765514
vn 0.765514 0 0.6434193
vn 0.8650312 0 0.5017181
vn 0.9390187 0 0.343866
vn 0.9846538 0 0.1745189
vn -0.9283191 0.3333951 0.1645342
vn -0.8851573 0.3338087 0.3241422
vn -0.8153051 0.3341632 0.472877
vn -0.7214564 0.3343552 0.6063887
vn -0.6063886 0.3343551 0.7214565
vn -0.472877 0.3341634 0.815305
vn -0.3241421 0.3338088 0.8851573
vn -0.1645341 0.333395 0.9283191
vn -0.9316227 0.3237507 0.1651197
vn -0.8883153 0.3241552 0.3252986
vn -0.8182201 0.3245019 0.4745677
vn -0.7240388 0.3246897 0.6085593
vn -0.6085593 0.3246897 0.7240388
vn -0.4745676 0.3245021 0.81822
vn -0.3252986 0.3241554 0.8883153
vn -0.1651197 0.3237506 0.9316227
vn -0.937036 0.3072154 0.1660791
vn -0.89349 0.3076037 0.3271935
vn -0.8229967 0.3079364 0.4773381
vn -0.7282706 0.3081168 0.612116
vn -0.612116 0.3081168 0.7282706
vn -0.477338 0.3079366 0.8229966
vn -0.3271935 0.3076037 0.89349
vn -0.1660791 0.3072153 0.937036
vn -0.9443802 0.283072 0.1673808
vn -0.9005108 0.2834356 0.3297645
vn -0.8294777 0.2837469 0.4810971
vn -0.7340125 0.2839158 0.6169421
vn -0.616942 0.2839158 0.7340125
vn -0.481097 0.283747 0.8294777
vn -0.3297645 0.2834355 0.9005108
vn -0.1673808 0.283072 0.9443802
vn -0.9533174 0.2502733 0.1689648
vn -0.9090551 0.2506009 0.3328934
vn -0.8373656 0.2508814 0.4856721
vn -0.741001 0.2510336 0.622816
vn -0.622816 0.2510336 0.741001
vn -0.485672 0.2508815 0.8373656
vn -0.3328934 0.2506008 0.9090551
vn -0.1689648 0.2502733 0.9533174
vn -0.9632405 0.2074154 0.1707236
vn -0.9185426 0.2076926 0.3363678
vn -0.8461248 0.2079299 0.4907524
vn -0.7487617 0.2080587 0.629339
vn -0.6293389 0.2080587 0.7487617
vn -0.4907524 0.20793 0.8461248
vn -0.3363677 0.2076925 0.9185426
vn -0.1707236 0.2074154 0.9632405
vn -0.9730996 0.1527446 0.172471
vn -0.9279698 0.1529529 0.3398199
vn -0.8548289 0.1531313 0.4958008
vn -0.7564739 0.1532281 0.6358211
vn -0.6358211 0.1532281 0.7564739
vn -0.4958007 0.1531313 0.8548288
vn -0.3398198 0.1529528 0.9279698
vn -0.172471 0.1527446 0.9730996
vn -0.9811525 0.08425694 0.1738983
vn -0.9356703 0.08437376 0.3426398
vn -0.8619393 0.0844738 0.4999247
vn -0.7627743 0.08452813 0.6411166
vn -0.6411166 0.08452811 0.7627743
vn -0.4999247 0.08447385 0.8619393
vn -0.3426398 0.08437375 0.9356704
vn -0.1738983 0.08425697 0.9811525
vn -0.9846538 0 0.1745189
vn -0.9390187 0 0.343866
vn -0.8650312 0 0.5017181
vn -0.765514 0 0.6434193
vn -0.6434193 0 0.765514
vn -0.5017181 0 0.8650312
vn -0.343866 0 0.9390187
vn -0.1745189 0 0.9846538
vn -0.9833573 -0.1816826 0
vn -0.968242 -0.1818169 -0.17161
vn -0.9233249 -0.1820624 -0.3381189
vn -0.8505402 -0.1822727 -0.4933133
vn -0.7526739 -0.1823868 -0.6326271
vn -0.6326271 -0.1823868 -0.7526739
vn -0.4933133 -0.1822728 -0.8505403
vn -0.3381189 -0.1820624 -0.9233249
vn -0.17161 -0.181817 -0.968242
vn 0 -0.1816826 -0.9833573
vn -0.9389293 -0.3441102 0
vn -0.9244366 -0.3443421 -0.163846
vn -0.8814464 -0.3447658 -0.3227831
vn -0.8118796 -0.3451286 -0.4708902
vn -0.7184218 -0.3453254 -0.6038381
vn -0.6038381 -0.3453254 -0.7184219
vn -0.4708902 -0.3451287 -0.8118797
vn -0.3227831 -0.3447658 -0.8814464
vn -0.163846 -0.3443421 -0.9244366
vn 0 -0.3441102 -0.9389293
vn -0.8797066 -0.475517 0
vn -0.8660566 -0.4757983 -0.1534988
vn -0.825657 -0.476312 -0.3023533
vn -0.7603952 -0.4767518 -0.4410293
vn -0.6728168 -0.4769902 -0.5655068
vn -0.5655068 -0.4769902 -0.6728168
vn -0.4410293 -0.4767519 -0.7603952
vn -0.3023532 -0.476312 -0.825657
vn -0.1534988 -0.4757983 -0.8660566
vn 0 -0.475517 -0.8797066
vn -0.8195011 -0.5730776 0
vn -0.8067222 -0.5733718 -0.1429825
vn -0.7689805 -0.5739088 -0.2815985
vn -0.7081119 -0.5743684 -0.4107049
vn -0.6265135 -0.5746174 -0.5265886
vn -0.5265886 -0.5746174 -0.6265135
vn -0.4107049 -0.5743685 -0.7081119
vn -0.2815984 -0.5739088 -0.7689804
vn -0.1429825 -0.5733718 -0.8067223
vn 0 -0.5730776 -0.8195011
vn -0.7695283 -0.6386127 0
vn -0.7574828 -0.6389017 -0.1342553
vn -0.7219645 -0.6394292 -0.2643813
vn -0.6647544 -0.6398804 -0.3855576
vn -0.588122 -0.640125 -0.4943202
vn -0.4943202 -0.6401249 -0.588122
vn -0.3855575 -0.6398806 -0.6647543
vn -0.2643814 -0.6394292 -0.7219645
vn -0.1342553 -0.6389017 -0.7574828
vn 0 -0.6386127 -0.7695283
vn -0.7399401 -0.6726727 0
vn -0.7283328 -0.6729542 -0.1290888
vn -0.6941382 -0.6734679 -0.2541915
vn -0.6390989 -0.6739071 -0.3706774
vn -0.5654078 -0.6741452 -0.4752288
vn -0.4752288 -0.6741452 -0.5654078
vn -0.3706774 -0.6739072 -0.6390988
vn -0.2541914 -0.6734679 -0.6941382
vn -0.1290888 -0.6729542 -0.7283328
vn 0 -0.6726727 -0.7399401
vn -0.7463593 -0.6655433 0
vn -0.7346567 -0.6658266 -0.1302097
vn -0.7001744 -0.6663436 -0.2564019
vn -0.644664 -0.6667858 -0.3739051
vn -0.5703346 -0.6670256 -0.4793698
vn -0.4793698 -0.6670256 -0.5703346
vn -0.373905 -0.666786 -0.6446639
vn -0.2564019 -0.6663437 -0.7001745
vn -0.1302097 -0.6658266 -0.7346567
vn 0 -0.6655433 -0.7463593
vn -0.8277086 -0.5611583 0
vn -0.8148102 -0.5614521 -0.144416
vn -0.7767046 -0.5619887 -0.2844271
vn -0.7152362 -0.5624477 -0.4148371
vn -0.6328225 -0.5626965 -0.5318912
vn -0.5318912 -0.5626965 -0.6328225
vn -0.414837 -0.5624477 -0.7152362
vn -0.284427 -0.5619886 -0.7767047
vn -0.144416 -0.5614521 -0.8148102
vn 0 -0.5611583 -0.8277086
vn -1 0 0
vn -0.9846538 0 -0.1745189
vn -0.9390187 0 -0.3438661
vn -0.8650312 0 -0.5017182
vn -0.765514 0 -0.6434193
vn -0.6434193 0 -0.765514
vn -0.5017181 0 -0.8650312
vn -0.343866 0 -0.9390187
vn -0.1745189 0 -0.9846538
vn 0 0 -1
vn 0.17161 -0.1818169 -0.968242
vn 0.3381189 -0.1820624 -0.9233249
vn 0.4933133 -0.1822727 -0.8505402
vn 0.6326271 -0.1823868 -0.7526739
vn 0.7526739 -0.1823868 -0.6326271
vn 0.8505403 -0.1822728 -0.4933133
vn 0.9233249 -0.1820624 -0.3381189
vn 0.968242 -0.181817 -0.17161
vn 0.9833573 -0.1816826 0
vn 0.163846 -0.3443421 -0.9244366
vn 0.3227831 -0.3447658 -0.8814464
vn 0.4708902 -0.3451286 -0.8118796
vn 0.6038381 -0.3453254 -0.7184218
vn 0.7184219 -0.3453254 -0.6038381
vn 0.8118797 -0.3451287 -0.4708902
vn 0.8814464 -0.3447658 -0.3227831
vn 0.9244366 -0.3443421 -0.163846
vn 0.9389293 -0.3441102 0
vn 0.1534988 -0.4757983 -0.8660566
vn 0.3023533 -0.476312 -0.825657
vn 0.4410293 -0.4767518 -0.7603952
vn 0.5655068 -0.4769902 -0.6728168
vn 0.6728168 -0.4769902 -0.5655068
vn 0.7603952 -0.4767519 -0.4410293
vn 0.825657 -0.476312 -0.3023532
vn 0.8660566 -0.4757983 -0.1534988
vn 0.8797066 -0.475517 0
vn 0.1429825 -0.5733718 -0.8067222
vn 0.2815985 -0.5739088 -0.7689805
vn 0.4107049 -0.5743684 -0.7081119
vn 0.5265886 -0.5746174 -0.6265135
vn 0.6265135 -0.5746174 -0.5265886
vn 0.7081119 -0.5743685 -0.4107049
vn 0.7689804 -0.5739088 -0.2815984
vn 0.8067223 -0.5733718 -0.1429825
vn 0.8195011 -0.5730776 0
vn 0.1342553 -0.6389017 -0.7574828
vn 0.2643813 -0.6394292 -0.7219645
vn 0.3855576 -0.6398804 -0.6647544
vn 0.4943202 -0.640125 -0.588122
vn 0.588122 -0.6401249 -0.4943202
vn 0.6647543 -0.6398806 -0.3855575
vn 0.7219645 -0.6394292 -0.2643814
vn 0.7574828 -0.6389017 -0.1342553
vn 0.7695283 -0.6386127 0
vn 0.1290888 -0.6729542 -0.7283328
vn 0.2541915 -0.6734679 -0.6941382
vn 0.3706774 -0.6739071 -0.6390989
vn 0.4752288 -0.6741452 -0.5654078
vn 0.5654078 -0.6741452 -0.4752288
vn 0.6390988 -0.6739072 -0.3706774
vn 0.6941382 -0.6734679 -0.2541914
vn 0.7283328 -0.6729542 -0.1290888
vn 0.7399401 -0.6726727 0
vn 0.1302097 -0.6658266 -0.7346567
vn 0.2564019 -0.6663436 -0.7001744
vn 0.3739051 -0.6667858 -0.644664
vn 0.4793698 -0.6670256 -0.5703346
vn 0.5703346 -0.6670256 -0.4793698
vn 0.6446639 -0.666786 -0.373905
vn 0.7001745 -0.6663437 -0.2564019
vn 0.7346567 -0.6658266 -0.1302097
vn 0.7463593 -0.6655433 0
vn 0.144416 -0.5614521 -0.8148102
vn 0.2844271 -0.5619887 -0.7767046
vn 0.4148371 -0.5624477 -0.7152362
vn 0.5318912 -0.5626965 -0.6328225
vn 0.6328225 -0.5626965 -0.5318912
vn 0.7152362 -0.5624477 -0.414837
vn 0.7767047 -0.5619886 -0.284427
vn 0.8148102 -0.5614521 -0.144416
vn 0.8277086 -0.5611583 0
vn 0.1745189 0 -0.9846538
vn 0.3438661 0 -0.9390187
vn 0.5017182 0 -0.8650312
vn 0.6434193 0 -0.765514
vn 0.765514 0 -0.6434193
vn 0.8650312 0 -0.5017181
vn 0.9390187 0 -0.343866
vn 0.9846538 0 -0.1745189
vn 1 0 0
vn 0 -0.1816826 0.9833573
vn 0.17161 -0.1818169 0.968242
vn 0.3381189 -0.1820624 0.9233249
vn 0.4933133 -0.1822727 0.8505402
vn 0.6326271 -0.1823868 0.7526739
vn 0.7526739 -0.1823868 0.6326271
vn 0.8505403 -0.1822728 0.4933133
vn 0.9233249 -0.1820624 0.3381189
vn 0.968242 -0.181817 0.17161
vn 0 -0.3441102 0.9389293
vn 0.163846 -0.3443421 0.9244366
vn 0.3227831 -0.3447658 0.8814464
vn 0.4708902 -0.3451286 0.8118796
vn 0.6038381 -0.3453254 0.7184218
vn 0.7184219 -0.3453254 0.6038381
vn 0.8118797 -0.3451287 0.4708902
vn 0.8814464 -0.3447658 0.3227831
vn 0.9244366 -0.3443421 0.163846
vn 0 -0.475517 0.8797066
vn 0.1534988 -0.4757983 0.8660566
vn 0.3023533 -0.476312 0.825657
vn 0.4410293 -0.4767518 0.7603952
vn 0.5655068 -0.4769902 0.6728168
vn 0.6728168 -0.4769902 0.5655068
vn 0.7603952 -0.4767519 0.4410293
vn 0.825657 -0.476312 0.3023532
vn 0.8660566 -0.4757983 0.1534988
vn 0 -0.5730776 0.8195011
vn 0.1429825 -0.5733718 0.8067222
vn 0.2815985 -0.5739088 0.7689805
vn 0.4107049 -0.5743684 0.7081119
vn 0.5265886 -0.5746174 0.6265135
vn 0.6265135 -0.5746174 0.5265886
vn 0.7081119 -0.5743685 0.4107049
vn 0.7689804 -0.5739088 0.2815984
vn 0.8067223 -0.5733718 0.1429825
vn 0 -0.6386127 0.7695283
vn 0.1342553 -0.6389017 0.7574828
vn 0.2643813 -0.6394292 0.7219645
vn 0.3855576 -0.6398804 0.6647544
vn 0.4943202 -0.640125 0.588122
vn 0.588122 -0.6401249 0.4943202
vn 0.6647543 -0.6398806 0.3855575
vn 0.7219645 -0.6394292 0.2643814
vn 0.7574828 -0.6389017 0.1342553
vn 0 -0.6726727 0.7399401
vn 0.1290888 -0.6729542 0.7283328
vn 0.2541915 -0.6734679 0.6941382
vn 0.3706774 -0.6739071 0.6390989
vn 0.4752288 -0.6741452 0.5654078
vn 0.5654078 -0.6741452 0.4752288
vn 0.6390988 -0.6739072 0.3706774
vn 0.6941382 -0.6734679 0.2541914
vn 0.7283328 -0.6729542 0.1290888
vn 0 -0.6655433 0.7463593
vn 0.1302097 -0.6658266 0.7346567
vn 0.2564019 -0.6663436 0.7001744
vn 0.3739051 -0.6667858 0.644664
vn 0.4793698 -0.6670256 0.5703346
vn 0.5703346 -0.6670256 0.4793698
vn 0.6446639 -0.666786 0.373905
vn 0.7001745 -0.6663437 0.2564019
vn 0.7346567 -0.6658266 0.1302097
vn 0 -0.5611583 0.8277086
vn 0.144416 -0.5614521 0.8148102
vn 0.2844271 -0.5619887 0.7767046
vn 0.4148371 -0.5624477 0.7152362
vn 0.5318912 -0.5626965 0.6328225
vn 0.6328225 -0.5626965 0.5318912
vn 0.7152362 -0.5624477 0.414837
vn 0.7767047 -0.5619886 0.284427
vn 0.8148102 -0.5614521 0.144416
vn 0 0 1
vn 0.1745189 0 0.9846538
vn 0.3438661 0 0.9390187
vn 0.5017182 0 0.8650312
vn 0.6434193 0 0.765514
vn 0.765514 0 0.6434193
vn 0.8650312 0 0.5017181
vn 0.9390187 0 0.343866
vn 0.9846538 0 0.1745189
vn -0.968242 -0.1818169 0.17161
vn -0.9233249 -0.1820624 0.3381189
vn -0.8505402 -0.1822727 0.4933133
vn -0.7526739 -0.1823868 0.6326271
vn -0.6326271 -0.1823868 0.7526739
vn -0.4933133 -0.1822728 0.8505403
vn -0.3381189 -0.1820624 0.9233249
vn -0.17161 -0.181817 0.968242
vn -0.9244366 -0.3443421 0.163846
vn -0.8814464 -0.3447658 0.3227831
vn -0.8118796 -0.3451286 0.4708902
vn -0.7184218 -0.3453254 0.6038381
vn -0.6038381 -0.3453254 0.7184219
vn -0.4708902 -0.3451287 0.8118797
vn -0.3227831 -0.3447658 0.8814464
vn -0.163846 -0.3443421 0.9244366
vn -0.8660566 -0.4757983 0.1534988
vn -0.825657 -0.476312 0.3023533
vn -0.7603952 -0.4767518 0.4410293
vn -0.6728168 -0.4769902 0.5655068
vn -0.5655068 -0.4769902 0.6728168
vn -0.4410293 -0.4767519 0.7603952
vn -0.3023532 -0.476312 0.825657
vn -0.1534988 -0.4757983 0.8660566
vn -0.8067222 -0.5733718 0.1429825
vn -0.7689805 -0.5739088 0.2815985
vn -0.7081119 -0.5743684 0.4107049
vn -0.6265135 -0.5746174 0.5265886
vn -0.5265886 -0.5746174 0.6265135
vn -0.4107049 -0.5743685 0.7081119
vn -0.2815984 -0.5739088 0.7689804
vn -0.1429825 -0.5733718 0.8067223
vn -0.7574828 -0.6389017 0.1342553
vn -0.7219645 -0.6394292 0.2643813
vn -0.6647544 -0.6398804 0.3855576
vn -0.588122 -0.640125 0.4943202
vn -0.4943202 -0.6401249 0.588122
vn -0.3855575 -0.6398806 0.6647543
vn -0.2643814 -0.6394292 0.7219645
vn -0.1342553 -0.6389017 0.7574828
vn -0.7283328 -0.6729542 0.1290888
vn -0.6941382 -0.6734679 0.2541915
vn -0.6390989 -0.6739071 0.3706774
vn -0.5654078 -0.6741452 0.4752288
vn -0.4752288 -0.6741452 0.5654078
vn -0.3706774 -0.6739072 0.6390988
vn -0.2541914 -0.6734679 0.6941382
vn -0.1290888 -0.6729542 0.7283328
vn -0.7346567 -0.6658266 0.1302097
vn -0.7001744 -0.6663436 0.2564019
vn -0.644664 -0.6667858 0.3739051
vn -0.5703346 -0.6670256 0.4793698
vn -0.4793698 -0.6670256 0.5703346
vn -0.373905 -0.666786 0.6446639
vn -0.2564019 -0.6663437 0.7001745
vn -0.1302097 -0.6658266 0.7346567
vn -0.8148102 -0.5614521 0.144416
vn -0.7767046 -0.5619887 0.2844271
vn -0.7152362 -0.5624477 0.4148371
vn -0.6328225 -0.5626965 0.5318912
vn -0.5318912 -0.5626965 0.6328225
vn -0.414837 -0.5624477 0.7152362
vn -0.284427 -0.5619886 0.7767047
vn -0.144416 -0.5614521 0.8148102
vn -0.9846538 0 0.1745189
vn -0.9390187 0 0.3438661
vn -0.8650312 0 0.5017182
vn -0.765514 0 0.6434193
vn -0.6434193 0 0.765514
vn -0.5017181 0 0.8650312
vn -0.343866 0 0.9390187
vn -0.1745189 0 0.9846538

vt 0.125 1
vt 0.1380208 1
vt 0.1510417 1
vt 0.1640625 1
vt 0.1770833 1
vt 0.1901042 1
vt 0.203125 1
vt 0.2161458 1
vt 0.2291667 1
vt 0.2421875 1
vt 0.125 0.962424
vt 0.1380208 0.9623742
vt 0.1510417 0.9622347
vt 0.1640625 0.9620162
vt 0.1770833 0.961728
vt 0.1901042 0.9613842
vt 0.203125 0.9610106
vt 0.2161458 0.9606523
vt 0.2291667 0.9603775
vt 0.2421875 0.9602685
vt 0.125 0.9286694
vt 0.1380208 0.9285663
vt 0.1510417 0.9282779
vt 0.1640625 0.9278259
vt 0.1770833 0.9272299
vt 0.1901042 0.9265188
vt 0.203125 0.925746
vt 0.2161458 0.9250051
vt 0.2291667 0.9244367
vt 0.2421875 0.9242113
vt 0.125 0.8981482
vt 0.1380208 0.8979952
vt 0.1510417 0.8975673
vt 0.1640625 0.8968969
vt 0.1770833 0.8960126
vt 0.1901042 0.8949577
vt 0.203125 0.8938112
vt 0.2161458 0.8927121
vt 0.2291667 0.8918689
vt 0.2421875 0.8915344
vt 0.125 0.8702724
vt 0.1380208 0.8700798
vt 0.1510417 0.8695409
vt 0.1640625 0.8686967
vt 0.1770833 0.8675832
vt 0.1901042 0.8662547
vt 0.203125 0.8648111
vt 0.2161458 0.8634269
vt 0.2291667 0.8623651
vt 0.2421875 0.861944
vt 0.125 0.8444542
vt 0.1380208 0.8442389
vt 0.1510417 0.8436368
vt 0.1640625 0.8426932
vt 0.1770833 0.8414487
vt 0.1901042 0.8399639
vt 0.203125 0.8383504
vt 0.2161458 0.8368034
vt 0.2291667 0.8356167
vt 0.2421875 0.835146
vt 0.125 0.8201058
vt 0.1380208 0.8198917
vt 0.1510417 0.8192926
vt 0.1640625 0.818354
vt 0.1770833 0.8171161
vt 0.1901042 0.8156391
vt 0.203125 0.8140341
vt 0.2161458 0.8124953
vt 0.2291667 0.8113148
vt 0.2421875 0.8108466
vt 0.125 0.7966392
vt 0.1380208 0.7964568
vt 0.1510417 0.7959465
vt 0.1640625 0.7951469
vt 0.1770833 0.7940924
vt 0.1901042 0.7928343
vt 0.203125 0.7914671
vt 0.2161458 0.7901562
vt 0.2291667 0.7891506
vt 0.2421875 0.7887517
vt 0.125 0.7734666
vt 0.1380208 0.7733533
vt 0.1510417 0.7730364
vt 0.1640625 0.7725397
vt 0.1770833 0.7718847
vt 0.1901042 0.7711033
vt 0.203125 0.7702541
vt 0.2161458 0.7694399
vt 0.2291667 0.7688153
vt 0.2421875 0.7685675
vt 0.125 0.75
vt 0.1380208 0.75
vt 0.1510417 0.75
vt 0.1640625 0.75
vt 0.1770833 0.75
vt 0.1901042 0.75
vt 0.203125 0.75
vt 0.2161458 0.75
vt 0.2291667 0.75
vt 0.2421875 0.75
vt 0.1119792 1
vt 0.09895833 1
vt 0.0859375 1
vt 0.07291667 1
vt 0.05989583 1
vt 0.046875 1
vt 0.03385416 1
vt 0.02083334 1
vt 0.0078125 1
vt 0.1119792 0.9623742
vt 0.09895833 0.9622347
vt 0.0859375 0.9620162
vt 0.07291667 0.961728
vt 0.05989583 0.9613842
vt 0.046875 0.9610106
vt 0.03385416 0.9606523
vt 0.02083334 0.9603775
vt 0.0078125 0.9602685
vt 0.1119792 0.9285663
vt 0.09895833 0.9282779
vt 0.0859375 0.9278259
vt 0.07291667 0.9272299
vt 0.05989583 0.9265188
vt 0.046875 0.925746
vt 0.03385416 0.9250051
vt 0.02083334 0.9244367
vt 0.0078125 0.9242113
vt 0.1119792 0.8979952
vt 0.09895833 0.8975673
vt 0.0859375 0.8968969
vt 0.07291667 0.8960126
vt 0.05989583 0.8949577
vt 0.046875 0.8938112
vt 0.03385416 0.8927121
vt 0.02083334 0.8918689
vt 0.0078125 0.8915344
vt 0.1119792 0.8700798
vt 0.09895833 0.8695409
vt 0.0859375 0.8686967
vt 0.07291667 0.8675832
vt 0.05989583 0.8662547
vt 0.046875 0.8648111
vt 0.03385416 0.8634269
vt 0.02083334 0.8623651
vt 0.0078125 0.861944
vt 0.1119792 0.8442389
vt 0.09895833 0.8436368
vt 0.0859375 0.8426932
vt 0.07291667 0.8414487
vt 0.05989583 0.8399639
vt 0.046875 0.8383504
vt 0.03385416 0.8368034
vt 0.02083334 0.8356167
vt 0.0078125 0.835146
vt 0.1119792 0.8198917
vt 0.09895833 0.8192926
vt 0.0859375 0.818354
vt 0.07291667 0.8171161
vt 0.05989583 0.8156391
vt 0.046875 0.8140341
vt 0.03385416 0.8124953
vt 0.02083334 0.8113148
vt 0.0078125 0.8108466
vt 0.1119792 0.7964568
vt 0.09895833 0.7959465
vt 0.0859375 0.7951469
vt 0.07291667 0.7940924
vt 0.05989583 0.7928343
vt 0.046875 0.7914671
vt 0.03385416 0.7901562
vt 0.02083334 0.7891506
vt 0.0078125 0.7887517
vt 0.1119792 0.7733533
vt 0.09895833 0.7730364
vt 0.0859375 0.7725397
vt 0.07291667 0.7718847
vt 0.05989583 0.7711033
vt 0.046875 0.7702541
vt 0.03385416 0.7694399
vt 0.02083334 0.7688153
vt 0.0078125 0.7685675
vt 0.1119792 0.75
vt 0.09895833 0.75
vt 0.0859375 0.75
vt 0.07291667 0.75
vt 0.05989583 0.75
vt 0.046875 0.75
vt 0.03385416 0.75
vt 0.02083334 0.75
vt 0.0078125 0.75
vt 0.125 0.7278979
vt 0.1380208 0.728016
vt 0.1510417 0.7283461
vt 0.1640625 0.728862
vt 0.1770833 0.729539
vt 0.1901042 0.7303387
vt 0.203125 0.7311952
vt 0.2161458 0.7320024
vt 0.2291667 0.7326114
vt 0.2421875 0.7328504
vt 0.125 0.7052215
vt 0.1380208 0.7053944
vt 0.1510417 0.7058768
vt 0.1640625 0.7066295
vt 0.1770833 0.7076145
vt 0.1901042 0.7087753
vt 0.203125 0.7100154
vt 0.2161458 0.7111818
vt 0.2291667 0.7120605
vt 0.2421875 0.712405
vt 0.125 0.6818174
vt 0.1380208 0.681996
vt 0.1510417 0.6824939
vt 0.1640625 0.6832684
vt 0.1770833 0.6842782
vt 0.1901042 0.6854637
vt 0.203125 0.6867255
vt 0.2161458 0.6879085
vt 0.2291667 0.6887977
vt 0.2421875 0.6891459
vt 0.125 0.6575316
vt 0.1380208 0.6576817
vt 0.1510417 0.6580989
vt 0.1640625 0.6587448
vt 0.1770833 0.6595817
vt 0.1901042 0.6605577
vt 0.203125 0.6615902
vt 0.2161458 0.6625529
vt 0.2291667 0.6632735
vt 0.2421875 0.6635551
vt 0.125 0.6322106
vt 0.1380208 0.6323123
vt 0.1510417 0.6325935
vt 0.1640625 0.6330246
vt 0.1770833 0.6335765
vt 0.1901042 0.6342115
vt 0.203125 0.6348743
vt 0.2161458 0.6354852
vt 0.2291667 0.6359385
vt 0.2421875 0.6361148
vt 0.125 0.6057006
vt 0.1380208 0.6057487
vt 0.1510417 0.6058792
vt 0.1640625 0.606074
vt 0.1770833 0.6063142
vt 0.1901042 0.6065787
vt 0.203125 0.6068425
vt 0.2161458 0.6070758
vt 0.2291667 0.6072432
vt 0.2421875 0.6073071
vt 0.125 0.577848
vt 0.1380208 0.5778515
vt 0.1510417 0.5778579
vt 0.1640625 0.577859
vt 0.1770833 0.5778463
vt 0.1901042 0.5778133
vt 0.203125 0.5777597
vt 0.2161458 0.5776949
vt 0.2291667 0.577638
vt 0.2421875 0.5776139
vt 0.125 0.548499
vt 0.1380208 0.5484816
vt 0.1510417 0.5484309
vt 0.1640625 0.5483457
vt 0.1770833 0.5482243
vt 0.1901042 0.5480691
vt 0.203125 0.5478906
vt 0.2161458 0.5477129
vt 0.2291667 0.5475734
vt 0.2421875 0.5475175
vt 0.125 0.5175
vt 0.1380208 0.5175
vt 0.1510417 0.5175
vt 0.1640625 0.5175
vt 0.1770833 0.5175
vt 0.1901042 0.5175
vt 0.203125 0.5175
vt 0.2161458 0.5175
vt 0.2291667 0.5175
vt 0.2421875 0.5175
vt 0.1119792 0.728016
vt 0.09895833 0.7283461
vt 0.0859375 0.728862
vt 0.07291667 0.729539
vt 0.05989583 0.7303387
vt 0.046875 0.7311952
vt 0.03385416 0.7320024
vt 0.02083334 0.7326114
vt 0.0078125 0.7328504
vt 0.1119792 0.7053944
vt 0.09895833 0.7058768
vt 0.0859375 0.7066295
vt 0.07291667 0.7076145
vt 0.05989583 0.7087753
vt 0.046875 0.7100154
vt 0.03385416 0.7111818
vt 0.02083334 0.7120605
vt 0.0078125 0.712405
vt 0.1119792 0.681996
vt 0.09895833 0.6824939
vt 0.0859375 0.6832684
vt 0.07291667 0.6842782
vt 0.05989583 0.6854637
vt 0.046875 0.6867255
vt 0.03385416 0.6879085
vt 0.02083334 0.6887977
vt 0.0078125 0.6891459
vt 0.1119792 0.6576817
vt 0.09895833 0.6580989
vt 0.0859375 0.6587448
vt 0.07291667 0.6595817
vt 0.05989583 0.6605577
vt 0.046875 0.6615902
vt 0.03385416 0.6625529
vt 0.02083334 0.6632735
vt 0.0078125 0.6635551
vt 0.1119792 0.6323123
vt 0.09895833 0.6325935
vt 0.0859375 0.6330246
vt 0.07291667 0.6335765
vt 0.05989583 0.6342115
vt 0.046875 0.6348743
vt 0.03385416 0.6354852
vt 0.02083334 0.6359385
vt 0.0078125 0.6361148
vt 0.1119792 0.6057487
vt 0.09895833 0.6058792
vt 0.0859375 0.606074
vt 0.07291667 0.6063142
vt 0.05989583 0.6065787
vt 0.046875 0.6068425
vt 0.03385416 0.6070758
vt 0.02083334 0.6072432
vt 0.0078125 0.6073071
vt 0.1119792 0.5778515
vt 0.09895833 0.5778579
vt 0.0859375 0.577859
vt 0.07291667 0.5778463
vt 0.05989583 0.5778133
vt 0.046875 0.5777597
vt 0.03385416 0.5776949
vt 0.02083334 0.577638
vt 0.0078125 0.5776139
vt 0.1119792 0.5484816
vt 0.09895833 0.5484309
vt 0.0859375 0.5483457
vt 0.07291667 0.5482243
vt 0.05989583 0.5480691
vt 0.046875 0.5478906
vt 0.03385416 0.5477129
vt 0.02083334 0.5475734
vt 0.0078125 0.5475175
vt 0.1119792 0.5175
vt 0.09895833 0.5175
vt 0.0859375 0.5175
vt 0.07291667 0.5175
vt 0.05989583 0.5175
vt 0.046875 0.5175
vt 0.03385416 0.5175
vt 0.02083334 0.5175
vt 0.0078125 0.5175
vt 0.75 1
vt 0.7638889 1
vt 0.7777778 1
vt 0.7916667 1
vt 0.8055556 1
vt 0.8194444 1
vt 0.8333333 1
vt 0.8472222 1
vt 0.8611111 1
vt 0.875 1
vt 0.75 0.9910433
vt 0.7638889 0.9909359
vt 0.7777778 0.9906472
vt 0.7916667 0.9902691
vt 0.8055556 0.9899037
vt 0.8194444 0.9896239
vt 0.8333333 0.9894488
vt 0.8472222 0.9893513
vt 0.8611111 0.9892949
vt 0.875 0.9892696
vt 0.75 0.9825541
vt 0.7638889 0.9824025
vt 0.7777778 0.9819983
vt 0.7916667 0.98147
vt 0.8055556 0.9809574
vt 0.8194444 0.9805597
vt 0.8333333 0.9803043
vt 0.8472222 0.9801574
vt 0.8611111 0.980072
vt 0.875 0.9800348
vt 0.75 0.9743989
vt 0.7638889 0.9742509
vt 0.7777778 0.973861
vt 0.7916667 0.9733532
vt 0.8055556 0.9728571
vt 0.8194444 0.972464
vt 0.8333333 0.9722013
vt 0.8472222 0.9720431
vt 0.8611111 0.97195
vt 0.875 0.9719115
vt 0.75 0.966444
vt 0.7638889 0.9663316
vt 0.7777778 0.9660428
vt 0.7916667 0.965669
vt 0.8055556 0.9652988
vt 0.8194444 0.9649934
vt 0.8333333 0.9647747
vt 0.8472222 0.9646327
vt 0.8611111 0.964548
vt 0.875 0.9645156
vt 0.75 0.9585559
vt 0.7638889 0.9584956
vt 0.7777778 0.958351
vt 0.7916667 0.9581678
vt 0.8055556 0.9579787
vt 0.8194444 0.9578046
vt 0.8333333 0.9576589
vt 0.8472222 0.9575509
vt 0.8611111 0.9574849
vt 0.875 0.9574628
vt 0.75 0.950601
vt 0.7638889 0.9505936
vt 0.7777778 0.9505934
vt 0.7916667 0.9505999
vt 0.8055556 0.9505926
vt 0.8194444 0.9505541
vt 0.8333333 0.9504889
vt 0.8472222 0.9504221
vt 0.8611111 0.9503796
vt 0.875 0.9503689
vt 0.75 0.9424458
vt 0.7638889 0.9424765
vt 0.7777778 0.9425773
vt 0.7916667 0.9427158
vt 0.8055556 0.9428368
vt 0.8194444 0.9428988
vt 0.8333333 0.9428992
vt 0.8472222 0.942871
vt 0.8611111 0.9428511
vt 0.875 0.94285
vt 0.75 0.9339567
vt 0.7638889 0.933995
vt 0.7777778 0.9341103
vt 0.7916667 0.9342657
vt 0.8055556 0.9344073
vt 0.8194444 0.9344952
vt 0.8333333 0.9345247
vt 0.8472222 0.9345222
vt 0.8611111 0.9345182
vt 0.875 0.9345217
vt 0.75 0.925
vt 0.7638889 0.925
vt 0.7777778 0.925
vt 0.7916667 0.925
vt 0.8055556 0.925
vt 0.8194444 0.925
vt 0.8333333 0.925
vt 0.8472222 0.925
vt 0.8611111 0.925
vt 0.875 0.925
vt 1 1
vt 0.9861111 1
vt 0.9722222 1
vt 0.9583333 1
vt 0.9444444 1
vt 0.9305556 1
vt 0.9166667 1
vt 0.9027778 1
vt 0.8888889 1
vt 1 0.9910433
vt 0.9861111 0.9909359
vt 0.9722222 0.9906472
vt 0.9583333 0.9902691
vt 0.9444444 0.9899037
vt 0.9305556 0.9896239
vt 0.9166667 0.9894488
vt 0.9027778 0.9893513
vt 0.8888889 0.9892949
vt 1 0.9825541
vt 0.9861111 0.9824025
vt 0.9722222 0.9819983
vt 0.9583333 0.98147
vt 0.9444444 0.9809574
vt 0.9305556 0.9805597
vt 0.9166667 0.9803043
vt 0.9027778 0.9801574
vt 0.8888889 0.980072
vt 1 0.9743989
vt 0.9861111 0.9742509
vt 0.9722222 0.973861
vt 0.9583333 0.9733532
vt 0.9444444 0.9728571
vt 0.9305556 0.972464
vt 0.9166667 0.9722013
vt 0.9027778 0.9720431
vt 0.8888889 0.97195
vt 1 0.966444
vt 0.9861111 0.9663316
vt 0.9722222 0.9660428
vt 0.9583333 0.965669
vt 0.9444444 0.9652988
vt 0.9305556 0.9649934
vt 0.9166667 0.9647747
vt 0.9027778 0.9646327
vt 0.8888889 0.964548
vt 1 0.9585559
vt 0.9861111 0.9584956
vt 0.9722222 0.958351
vt 0.9583333 0.9581678
vt 0.9444444 0.9579787
vt 0.9305556 0.9578046
vt 0.9166667 0.9576589
vt 0.9027778 0.9575509
vt 0.8888889 0.9574849
vt 1 0.950601
vt 0.9861111 0.9505936
vt 0.9722222 0.9505934
vt 0.9583333 0.9505999
vt 0.9444444 0.9505926
vt 0.9305556 0.9505541
vt 0.9166667 0.9504889
vt 0.9027778 0.9504221
vt 0.8888889 0.9503796
vt 1 0.9424458
vt 0.9861111 0.9424765
vt 0.9722222 0.9425773
vt 0.9583333 0.9427158
vt 0.9444444 0.9428368
vt 0.9305556 0.9428988
vt 0.9166667 0.9428992
vt 0.9027778 0.942871
vt 0.8888889 0.9428511
vt 1 0.9339567
vt 0.9861111 0.933995
vt 0.9722222 0.9341103
vt 0.9583333 0.9342657
vt 0.9444444 0.9344073
vt 0.9305556 0.9344952
vt 0.9166667 0.9345247
vt 0.9027778 0.9345222
vt 0.8888889 0.9345182
vt 1 0.925
vt 0.9861111 0.925
vt 0.9722222 0.925
vt 0.9583333 0.925
vt 0.9444444 0.925
vt 0.9305556 0.925
vt 0.9166667 0.925
vt 0.9027778 0.925
vt 0.8888889 0.925
vt 0.75 0.8905268
vt 0.7638889 0.8905269
vt 0.7777778 0.8904616
vt 0.7916667 0.890283
vt 0.8055556 0.8900157
vt 0.8194444 0.8897139
vt 0.8333333 0.8894262
vt 0.8472222 0.8891875
vt 0.8611111 0.8890233
vt 0.875 0.8889606
vt 0.75 0.8518216
vt 0.7638889 0.8517401
vt 0.7777778 0.8514653
vt 0.7916667 0.8510072
vt 0.8055556 0.8504437
vt 0.8194444 0.8498672
vt 0.8333333 0.849349
vt 0.8472222 0.8489354
vt 0.8611111 0.8486592
vt 0.875 0.8485561
vt 0.75 0.8094902
vt 0.7638889 0.8092805
vt 0.7777778 0.8087206
vt 0.7916667 0.8079446
vt 0.8055556 0.8070971
vt 0.8194444 0.8062939
vt 0.8333333 0.8056084
vt 0.8472222 0.8050818
vt 0.8611111 0.804741
vt 0.875 0.8046172
vt 0.75 0.7641385
vt 0.7638889 0.763789
vt 0.7777778 0.7629374
vt 0.7916667 0.7618673
vt 0.8055556 0.7607889
vt 0.8194444 0.7598276
vt 0.8333333 0.7590445
vt 0.8472222 0.7584653
vt 0.8611111 0.7581025
vt 0.875 0.7579747
vt 0.75 0.7163724
vt 0.7638889 0.7159064
vt 0.7777778 0.7148252
vt 0.7916667 0.7135472
vt 0.8055556 0.7123322
vt 0.8194444 0.7113019
vt 0.8333333 0.7104976
vt 0.8472222 0.7099242
vt 0.8611111 0.7095774
vt 0.875 0.7094592
vt 0.75 0.6667978
vt 0.7638889 0.6662734
vt 0.7777778 0.6650938
vt 0.7916667 0.6637566
vt 0.8055556 0.6625401
vt 0.8194444 0.6615508
vt 0.8333333 0.6608076
vt 0.8472222 0.6602969
vt 0.8611111 0.6599991
vt 0.875 0.6599013
vt 0.75 0.6160204
vt 0.7638889 0.6155311
vt 0.7777778 0.6144528
vt 0.7916667 0.6132674
vt 0.8055556 0.6122255
vt 0.8194444 0.6114078
vt 0.8333333 0.6108149
vt 0.8472222 0.6104216
vt 0.8611111 0.6102012
vt 0.875 0.610132
vt 0.75 0.5646463
vt 0.7638889 0.56432
vt 0.7777778 0.5636121
vt 0.7916667 0.5628515
vt 0.8055556 0.5622015
vt 0.8194444 0.5617067
vt 0.8333333 0.5613593
vt 0.8472222 0.561137
vt 0.8611111 0.5610175
vt 0.875 0.5609817
vt 0.75 0.5132812
vt 0.7638889 0.5132812
vt 0.7777778 0.5132812
vt 0.7916667 0.5132812
vt 0.8055556 0.5132812
vt 0.8194444 0.5132812
vt 0.8333333 0.5132812
vt 0.8472222 0.5132812
vt 0.8611111 0.5132812
vt 0.875 0.5132812
vt 1 0.8905268
vt 0.9861111 0.8905269
vt 0.9722222 0.8904616
vt 0.9583333 0.890283
vt 0.9444444 0.8900157
vt 0.9305556 0.8897139
vt 0.9166667 0.8894262
vt 0.9027778 0.8891875
vt 0.8888889 0.8890233
vt 1 0.8518216
vt 0.9861111 0.8517401
vt 0.9722222 0.8514653
vt 0.9583333 0.8510072
vt 0.9444444 0.8504437
vt 0.9305556 0.8498672
vt 0.9166667 0.849349
vt 0.9027778 0.8489354
vt 0.8888889 0.8486592
vt 1 0.8094902
vt 0.9861111 0.8092805
vt 0.9722222 0.8087206
vt 0.9583333 0.8079446
vt 0.9444444 0.8070971
vt 0.9305556 0.8062939
vt 0.9166667 0.8056084
vt 0.9027778 0.8050818
vt 0.8888889 0.804741
vt 1 0.7641385
vt 0.9861111 0.763789
vt 0.9722222 0.7629374
vt 0.9583333 0.7618673
vt 0.9444444 0.7607889
vt 0.9305556 0.7598276
vt 0.9166667 0.7590445
vt 0.9027778 0.7584653
vt 0.8888889 0.7581025
vt 1 0.7163724
vt 0.9861111 0.7159064
vt 0.9722222 0.7148252
vt 0.9583333 0.7135472
vt 0.9444444 0.7123322
vt 0.9305556 0.7113019
vt 0.9166667 0.7104976
vt 0.9027778 0.7099242
vt 0.8888889 0.7095774
vt 1 0.6667978
vt 0.9861111 0.6662734
vt 0.9722222 0.6650938
vt 0.9583333 0.6637566
vt 0.9444444 0.6625401
vt 0.9305556 0.6615508
vt 0.9166667 0.6608076
vt 0.9027778 0.6602969
vt 0.8888889 0.6599991
vt 1 0.6160204
vt 0.9861111 0.6155311
vt 0.9722222 0.6144528
vt 0.9583333 0.6132674
vt 0.9444444 0.6122255
vt 0.9305556 0.6114078
vt 0.9166667 0.6108149
vt 0.9027778 0.6104216
vt 0.8888889 0.6102012
vt 1 0.5646463
vt 0.9861111 0.56432
vt 0.9722222 0.5636121
vt 0.9583333 0.5628515
vt 0.9444444 0.5622015
vt 0.9305556 0.5617067
vt 0.9166667 0.5613593
vt 0.9027778 0.561137
vt 0.8888889 0.5610175
vt 1 0.5132812
vt 0.9861111 0.5132812
vt 0.9722222 0.5132812
vt 0.9583333 0.5132812
vt 0.9444444 0.5132812
vt 0.9305556 0.5132812
vt 0.9166667 0.5132812
vt 0.9027778 0.5132812
vt 0.8888889 0.5132812
vt 0.375 0.75
vt 0.375 0.718091
vt 0.3777709 0.718571
vt 0.3804591 0.7200024
vt 0.3829827 0.7223471
vt 0.3852638 0.7255362
vt 0.3872319 0.7294725
vt 0.3888264 0.7340347
vt 0.3899988 0.7390817
vt 0.3907145 0.7444582
vt 0.3909545 0.75
vt 0.375 0.6860417
vt 0.3805538 0.6870052
vt 0.3859416 0.6898765
vt 0.390999 0.6945779
vt 0.3955703 0.7009705
vt 0.3995148 0.7088593
vt 0.402711 0.7180021
vt 0.4050618 0.7281169
vt 0.4064974 0.7388923
vt 0.4069791 0.75
vt 0.375 0.6545408
vt 0.3832891 0.6559807
vt 0.3913296 0.6602694
vt 0.3988767 0.6672888
vt 0.4056984 0.6768302
vt 0.4115849 0.6886032
vt 0.4163556 0.7022467
vt 0.4198653 0.7173408
vt 0.4220096 0.7334219
vt 0.4227296 0.75
vt 0.375 0.6242772
vt 0.3859168 0.6261759
vt 0.3965055 0.6318283
vt 0.4064437 0.6410758
vt 0.4154267 0.6536427
vt 0.4231786 0.6691467
vt 0.4294621 0.6871126
vt 0.4340859 0.706989
vt 0.436912 0.7281665
vt 0.4378614 0.75
vt 0.375 0.5959396
vt 0.3883771 0.598269
vt 0.4013514 0.6052002
vt 0.4135279 0.6165354
vt 0.4245339 0.6319356
vt 0.4340322 0.6509322
vt 0.4417323 0.6729442
vt 0.4473999 0.6972972
vt 0.4508655 0.7232457
vt 0.4520302 0.75
vt 0.375 0.5702168
vt 0.3906104 0.5729383
vt 0.4057496 0.5810322
vt 0.4199572 0.5942639
vt 0.4327988 0.6122361
vt 0.4438819 0.6344024
vt 0.452868 0.6600857
vt 0.459484 0.6885008
vt 0.4635308 0.7187792
vt 0.4648916 0.75
vt 0.375 0.5477976
vt 0.3925567 0.550862
vt 0.4095824 0.5599713
vt 0.4255593 0.5748575
vt 0.4400001 0.5950719
vt 0.4524641 0.6199999
vt 0.4625713 0.6488814
vt 0.4700144 0.6808352
vt 0.474569 0.7148865
vt 0.4761012 0.75
vt 0.375 0.5293707
vt 0.3941563 0.5327184
vt 0.4127319 0.5426647
vt 0.4301622 0.5589125
vt 0.4459165 0.5809701
vt 0.459515 0.6081671
vt 0.4705437 0.6396756
vt 0.4786676 0.6745362
vt 0.4836408 0.7116873
vt 0.4853146 0.75
vt 0.375 0.515625
vt 0.3953494 0.5191857
vt 0.4150805 0.5297595
vt 0.4335938 0.5470253
vt 0.4503267 0.5704584
vt 0.4647709 0.5993467
vt 0.4764874 0.6328126
vt 0.4851202 0.669839
vt 0.4904072 0.7093012
vt 0.4921875 0.75
vt 0.3907145 0.7555418
vt 0.3899988 0.7609183
vt 0.3888264 0.7659654
vt 0.3872319 0.7705275
vt 0.3852638 0.7744638
vt 0.3829827 0.7776529
vt 0.3804591 0.7799976
vt 0.3777709 0.781429
vt 0.375 0.781909
vt 0.4064974 0.7611077
vt 0.4050618 0.7718832
vt 0.402711 0.7819979
vt 0.3995148 0.7911407
vt 0.3955703 0.7990296
vt 0.390999 0.8054221
vt 0.3859416 0.8101236
vt 0.3805538 0.8129948
vt 0.375 0.8139583
vt 0.4220096 0.7665782
vt 0.4198653 0.7826593
vt 0.4163556 0.7977533
vt 0.4115849 0.8113968
vt 0.4056984 0.8231698
vt 0.3988767 0.8327112
vt 0.3913296 0.8397306
vt 0.3832891 0.8440193
vt 0.375 0.8454592
vt 0.436912 0.7718335
vt 0.4340858 0.793011
vt 0.4294621 0.8128874
vt 0.4231786 0.8308533
vt 0.4154267 0.8463573
vt 0.4064437 0.8589242
vt 0.3965055 0.8681717
vt 0.3859168 0.8738241
vt 0.375 0.8757228
vt 0.4508655 0.7767543
vt 0.4473999 0.8027029
vt 0.4417323 0.8270558
vt 0.4340322 0.8490678
vt 0.4245339 0.8680644
vt 0.4135279 0.8834646
vt 0.4013514 0.8947998
vt 0.3883771 0.901731
vt 0.375 0.9040604
vt 0.4635308 0.7812208
vt 0.4594839 0.8114994
vt 0.452868 0.8399143
vt 0.4438819 0.8655976
vt 0.4327988 0.8877639
vt 0.4199571 0.9057361
vt 0.4057496 0.9189679
vt 0.3906104 0.9270617
vt 0.375 0.9297832
vt 0.474569 0.7851135
vt 0.4700143 0.8191649
vt 0.4625713 0.8511186
vt 0.4524641 0.8800001
vt 0.4400001 0.9049282
vt 0.4255593 0.9251425
vt 0.4095824 0.9400287
vt 0.3925567 0.949138
vt 0.375 0.9522024
vt 0.4836408 0.7883127
vt 0.4786676 0.8254639
vt 0.4705437 0.8603244
vt 0.4595149 0.8918329
vt 0.4459164 0.9190299
vt 0.4301622 0.9410875
vt 0.4127319 0.9573353
vt 0.3941563 0.9672816
vt 0.375 0.9706293
vt 0.4904072 0.7906989
vt 0.4851202 0.830161
vt 0.4764873 0.8671875
vt 0.4647709 0.9006534
vt 0.4503267 0.9295417
vt 0.4335938 0.9529747
vt 0.4150805 0.9702405
vt 0.3953494 0.9808143
vt 0.375 0.984375
vt 0.3590455 0.75
vt 0.3592855 0.7555418
vt 0.3600012 0.7609183
vt 0.3611736 0.7659654
vt 0.3627681 0.7705275
vt 0.3647362 0.7744638
vt 0.3670173 0.7776529
vt 0.3695409 0.7799976
vt 0.3722291 0.781429
vt 0.3430209 0.75
vt 0.3435026 0.7611077
vt 0.3449382 0.7718832
vt 0.347289 0.7819979
vt 0.3504852 0.7911407
vt 0.3544297 0.7990296
vt 0.359001 0.8054221
vt 0.3640584 0.8101236
vt 0.3694462 0.8129948
vt 0.3272704 0.75
vt 0.3279904 0.7665782
vt 0.3301347 0.7826593
vt 0.3336444 0.7977533
vt 0.3384151 0.8113968
vt 0.3443016 0.8231698
vt 0.3511233 0.8327112
vt 0.3586704 0.8397306
vt 0.3667109 0.8440193
vt 0.3121386 0.75
vt 0.313088 0.7718335
vt 0.3159142 0.793011
vt 0.3205379 0.8128874
vt 0.3268214 0.8308533
vt 0.3345733 0.8463573
vt 0.3435563 0.8589242
vt 0.3534945 0.8681717
vt 0.3640832 0.8738241
vt 0.2979698 0.75
vt 0.2991345 0.7767543
vt 0.3026001 0.8027029
vt 0.3082677 0.8270558
vt 0.3159678 0.8490678
vt 0.3254661 0.8680644
vt 0.3364721 0.8834646
vt 0.3486486 0.8947998
vt 0.3616229 0.901731
vt 0.2851084 0.75
vt 0.2864692 0.7812208
vt 0.2905161 0.8114994
vt 0.297132 0.8399143
vt 0.3061181 0.8655976
vt 0.3172012 0.8877639
vt 0.3300429 0.9057361
vt 0.3442504 0.9189679
vt 0.3593896 0.9270617
vt 0.2738988 0.75
vt 0.275431 0.7851135
vt 0.2799857 0.8191649
vt 0.2874287 0.8511186
vt 0.2975359 0.8800001
vt 0.3099999 0.9049282
vt 0.3244407 0.9251425
vt 0.3404176 0.9400287
vt 0.3574433 0.949138
vt 0.2646854 0.75
vt 0.2663592 0.7883127
vt 0.2713324 0.8254639
vt 0.2794563 0.8603244
vt 0.2904851 0.8918329
vt 0.3040836 0.9190299
vt 0.3198378 0.9410875
vt 0.3372681 0.9573353
vt 0.3558437 0.9672816
vt 0.2578125 0.75
vt 0.2595928 0.7906989
vt 0.2648798 0.830161
vt 0.2735127 0.8671875
vt 0.2852291 0.9006534
vt 0.2996733 0.9295417
vt 0.3164063 0.9529747
vt 0.3349195 0.9702405
vt 0.3546506 0.9808143
vt 0.3722291 0.718571
vt 0.3695409 0.7200024
vt 0.3670173 0.7223471
vt 0.3647362 0.7255362
vt 0.3627681 0.7294725
vt 0.3611736 0.7340347
vt 0.3600012 0.7390817
vt 0.3592855 0.7444582
vt 0.3694462 0.6870052
vt 0.3640584 0.6898765
vt 0.359001 0.6945779
vt 0.3544297 0.7009705
vt 0.3504852 0.7088593
vt 0.347289 0.7180021
vt 0.3449382 0.7281169
vt 0.3435026 0.7388923
vt 0.3667109 0.6559807
vt 0.3586704 0.6602694
vt 0.3511233 0.6672888
vt 0.3443016 0.6768302
vt 0.3384151 0.6886032
vt 0.3336444 0.7022467
vt 0.3301347 0.7173408
vt 0.3279904 0.7334219
vt 0.3640832 0.6261759
vt 0.3534945 0.6318283
vt 0.3435563 0.6410758
vt 0.3345733 0.6536427
vt 0.3268214 0.6691467
vt 0.3205379 0.6871126
vt 0.3159141 0.706989
vt 0.313088 0.7281665
vt 0.3616229 0.598269
vt 0.3486486 0.6052002
vt 0.3364721 0.6165354
vt 0.3254661 0.6319356
vt 0.3159678 0.6509322
vt 0.3082677 0.6729442
vt 0.3026001 0.6972972
vt 0.2991345 0.7232457
vt 0.3593896 0.5729383
vt 0.3442504 0.5810322
vt 0.3300428 0.5942639
vt 0.3172012 0.6122361
vt 0.3061181 0.6344024
vt 0.297132 0.6600857
vt 0.290516 0.6885008
vt 0.2864692 0.7187792
vt 0.3574433 0.550862
vt 0.3404176 0.5599713
vt 0.3244407 0.5748575
vt 0.3099999 0.5950719
vt 0.2975359 0.6199999
vt 0.2874287 0.6488814
vt 0.2799856 0.6808352
vt 0.275431 0.7148865
vt 0.3558437 0.5327184
vt 0.3372681 0.5426647
vt 0.3198378 0.5589125
vt 0.3040835 0.5809701
vt 0.290485 0.6081671
vt 0.2794563 0.6396756
vt 0.2713324 0.6745362
vt 0.2663592 0.7116873
vt 0.3546506 0.5191857
vt 0.3349195 0.5297595
vt 0.3164063 0.5470253
vt 0.2996733 0.5704584
vt 0.2852291 0.5993467
vt 0.2735126 0.6328126
vt 0.2648798 0.669839
vt 0.2595928 0.7093012
vt 0.625 0.7139423
vt 0.6281307 0.7144901
vt 0.6311662 0.7161168
vt 0.6340144 0.7187731
vt 0.6365887 0.7223782
vt 0.6388109 0.7268226
vt 0.6406134 0.7319711
vt 0.6419415 0.7376676
vt 0.642755 0.7437387
vt 0.6430289 0.75
vt 0.625 0.6974022
vt 0.6295666 0.6982028
vt 0.633994 0.7005784
vt 0.6381478 0.7044548
vt 0.641902 0.7097139
vt 0.6451431 0.7161959
vt 0.6477726 0.7237045
vt 0.6497108 0.732012
vt 0.6508986 0.7408668
vt 0.6512989 0.75
vt 0.625 0.6758608
vt 0.6314369 0.6769884
vt 0.637678 0.6803353
vt 0.6435334 0.6857983
vt 0.6488258 0.6932111
vt 0.6533945 0.7023485
vt 0.6571009 0.7129332
vt 0.6598324 0.7246441
vt 0.6615058 0.7371261
vt 0.6620696 0.75
vt 0.625 0.6508725
vt 0.6336067 0.6523783
vt 0.6419519 0.6568501
vt 0.6497821 0.6641524
vt 0.6568593 0.6740632
vt 0.6629684 0.6862814
vt 0.6679238 0.7004359
vt 0.671575 0.7160962
vt 0.6738108 0.7327867
vt 0.6745638 0.75
vt 0.625 0.6239922
vt 0.6359407 0.6259043
vt 0.6465497 0.6315854
vt 0.6565044 0.6408656
vt 0.6655018 0.6534636
vt 0.6732683 0.6689963
vt 0.6795672 0.6869913
vt 0.6842073 0.7069007
vt 0.6870478 0.7281185
vt 0.6880039 0.75
vt 0.625 0.5967746
vt 0.6383041 0.5990981
vt 0.6512052 0.6060039
vt 0.663311 0.6172869
vt 0.6742528 0.6326057
vt 0.6836972 0.6514944
vt 0.6913566 0.6733781
vt 0.6969981 0.6975898
vt 0.700451 0.7233919
vt 0.7016127 0.75
vt 0.625 0.5707743
vt 0.6405616 0.5734915
vt 0.6556522 0.5815679
vt 0.6698126 0.5947647
vt 0.6826114 0.6126828
vt 0.6936586 0.6347772
vt 0.7026176 0.6603749
vt 0.7092161 0.6886958
vt 0.7132543 0.7188768
vt 0.7146128 0.75
vt 0.625 0.5475462
vt 0.6425784 0.550616
vt 0.6596245 0.5597401
vt 0.6756198 0.5746479
vt 0.6900771 0.5948883
vt 0.7025558 0.6198459
vt 0.712676 0.6487604
vt 0.7201299 0.6807511
vt 0.724692 0.7148432
vt 0.7262269 0.75
vt 0.625 0.5286449
vt 0.6442193 0.5320035
vt 0.662856 0.5419832
vt 0.6803433 0.5582852
vt 0.6961491 0.5804157
vt 0.7097921 0.607702
vt 0.7208574 0.6393135
vt 0.7290084 0.6742881
vt 0.7339982 0.7115613
vt 0.7356776 0.75
vt 0.625 0.515625
vt 0.6453494 0.5191857
vt 0.6650805 0.5297595
vt 0.6835938 0.5470253
vt 0.7003267 0.5704584
vt 0.7147709 0.5993467
vt 0.7264873 0.6328126
vt 0.7351202 0.669839
vt 0.7404072 0.7093012
vt 0.7421875 0.75
vt 0.642755 0.7562613
vt 0.6419415 0.7623324
vt 0.6406134 0.7680289
vt 0.6388109 0.7731774
vt 0.6365887 0.7776218
vt 0.6340144 0.7812269
vt 0.6311662 0.7838832
vt 0.6281307 0.7855099
vt 0.625 0.7860577
vt 0.6508986 0.7591332
vt 0.6497108 0.767988
vt 0.6477726 0.7762955
vt 0.645143 0.7838041
vt 0.641902 0.7902861
vt 0.6381478 0.7955452
vt 0.633994 0.7994216
vt 0.6295666 0.8017972
vt 0.625 0.8025978
vt 0.6615058 0.7628739
vt 0.6598324 0.7753559
vt 0.6571009 0.7870668
vt 0.6533945 0.7976515
vt 0.6488258 0.8067889
vt 0.6435334 0.8142017
vt 0.6376779 0.8196647
vt 0.6314369 0.8230116
vt 0.625 0.8241392
vt 0.6738108 0.7672133
vt 0.671575 0.7839038
vt 0.6679238 0.7995641
vt 0.6629684 0.8137186
vt 0.6568593 0.8259369
vt 0.6497821 0.8358476
vt 0.6419519 0.8431499
vt 0.6336067 0.8476217
vt 0.625 0.8491275
vt 0.6870478 0.7718815
vt 0.6842073 0.7930994
vt 0.6795672 0.8130088
vt 0.6732682 0.8310037
vt 0.6655018 0.8465365
vt 0.6565044 0.8591344
vt 0.6465497 0.8684145
vt 0.6359407 0.8740957
vt 0.625 0.8760078
vt 0.700451 0.7766081
vt 0.6969981 0.8024104
vt 0.6913566 0.826622
vt 0.6836972 0.8485056
vt 0.6742527 0.8673944
vt 0.663311 0.8827132
vt 0.6512051 0.8939961
vt 0.6383041 0.9009019
vt 0.625 0.9032254
vt 0.7132543 0.7811233
vt 0.7092161 0.8113043
vt 0.7026176 0.8396251
vt 0.6936586 0.8652228
vt 0.6826114 0.8873173
vt 0.6698126 0.9052353
vt 0.6556521 0.9184321
vt 0.6405616 0.9265085
vt 0.625 0.9292257
vt 0.724692 0.7851568
vt 0.7201299 0.819249
vt 0.712676 0.8512396
vt 0.7025558 0.8801541
vt 0.6900771 0.9051117
vt 0.6756198 0.9253521
vt 0.6596245 0.9402599
vt 0.6425784 0.949384
vt 0.625 0.9524538
vt 0.7339982 0.7884387
vt 0.7290084 0.825712
vt 0.7208574 0.8606865
vt 0.7097921 0.8922981
vt 0.6961491 0.9195843
vt 0.6803433 0.9417148
vt 0.662856 0.9580168
vt 0.6442193 0.9679965
vt 0.625 0.9713551
vt 0.7404072 0.7906989
vt 0.7351202 0.830161
vt 0.7264873 0.8671875
vt 0.7147709 0.9006534
vt 0.7003267 0.9295417
vt 0.6835938 0.9529747
vt 0.6650805 0.9702405
vt 0.6453494 0.9808143
vt 0.625 0.984375
vt 0.6069711 0.75
vt 0.607245 0.7562613
vt 0.6080585 0.7623324
vt 0.6093866 0.7680289
vt 0.6111891 0.7731774
vt 0.6134113 0.7776218
vt 0.6159856 0.7812269
vt 0.6188338 0.7838832
vt 0.6218693 0.7855099
vt 0.5987011 0.75
vt 0.5991014 0.7591332
vt 0.6002892 0.767988
vt 0.6022274 0.7762955
vt 0.604857 0.7838041
vt 0.608098 0.7902861
vt 0.6118522 0.7955452
vt 0.616006 0.7994216
vt 0.6204334 0.8017972
vt 0.5879304 0.75
vt 0.5884942 0.7628739
vt 0.5901676 0.7753559
vt 0.5928991 0.7870668
vt 0.5966055 0.7976515
vt 0.6011742 0.8067889
vt 0.6064666 0.8142017
vt 0.6123221 0.8196647
vt 0.6185631 0.8230116
vt 0.5754362 0.75
vt 0.5761892 0.7672133
vt 0.578425 0.7839038
vt 0.5820762 0.7995641
vt 0.5870316 0.8137186
vt 0.5931407 0.8259369
vt 0.6002179 0.8358476
vt 0.6080481 0.8431499
vt 0.6163933 0.8476217
vt 0.5619961 0.75
vt 0.5629522 0.7718815
vt 0.5657927 0.7930994
vt 0.5704328 0.8130088
vt 0.5767318 0.8310037
vt 0.5844982 0.8465365
vt 0.5934956 0.8591344
vt 0.6034503 0.8684145
vt 0.6140593 0.8740957
vt 0.5483873 0.75
vt 0.549549 0.7766081
vt 0.5530019 0.8024104
vt 0.5586434 0.826622
vt 0.5663028 0.8485056
vt 0.5757473 0.8673944
vt 0.586689 0.8827132
vt 0.5987949 0.8939961
vt 0.6116959 0.9009019
vt 0.5353872 0.75
vt 0.5367457 0.7811233
vt 0.5407839 0.8113043
vt 0.5473824 0.8396251
vt 0.5563414 0.8652228
vt 0.5673886 0.8873173
vt 0.5801874 0.9052353
vt 0.5943479 0.9184321
vt 0.6094384 0.9265085
vt 0.5237731 0.75
vt 0.525308 0.7851568
vt 0.5298701 0.819249
vt 0.537324 0.8512396
vt 0.5474442 0.8801541
vt 0.5599229 0.9051117
vt 0.5743802 0.9253521
vt 0.5903755 0.9402599
vt 0.6074216 0.949384
vt 0.5143224 0.75
vt 0.5160018 0.7884387
vt 0.5209916 0.825712
vt 0.5291426 0.8606865
vt 0.5402079 0.8922981
vt 0.5538509 0.9195843
vt 0.5696567 0.9417148
vt 0.587144 0.9580168
vt 0.6057807 0.9679965
vt 0.5078125 0.75
vt 0.5095928 0.7906989
vt 0.5148798 0.830161
vt 0.5235127 0.8671875
vt 0.5352291 0.9006534
vt 0.5496733 0.9295417
vt 0.5664063 0.9529747
vt 0.5849195 0.9702405
vt 0.6046506 0.9808143
vt 0.6218693 0.7144901
vt 0.6188338 0.7161168
vt 0.6159856 0.7187731
vt 0.6134113 0.7223782
vt 0.6111891 0.7268226
vt 0.6093866 0.7319711
vt 0.6080585 0.7376676
vt 0.607245 0.7437387
vt 0.6204334 0.6982028
vt 0.616006 0.7005784
vt 0.6118522 0.7044548
vt 0.608098 0.7097139
vt 0.6048569 0.7161959
vt 0.6022274 0.7237045
vt 0.6002892 0.732012
vt 0.5991014 0.7408668
vt 0.6185631 0.6769884
vt 0.612322 0.6803353
vt 0.6064666 0.6857983
vt 0.6011742 0.6932111
vt 0.5966055 0.7023485
vt 0.5928991 0.7129332
vt 0.5901676 0.7246441
vt 0.5884942 0.7371261
vt 0.6163933 0.6523783
vt 0.6080481 0.6568501
vt 0.6002179 0.6641524
vt 0.5931407 0.6740632
vt 0.5870316 0.6862814
vt 0.5820762 0.7004359
vt 0.578425 0.7160962
vt 0.5761892 0.7327867
vt 0.6140593 0.6259043
vt 0.6034503 0.6315854
vt 0.5934956 0.6408656
vt 0.5844982 0.6534636
vt 0.5767317 0.6689963
vt 0.5704328 0.6869913
vt 0.5657927 0.7069007
vt 0.5629522 0.7281185
vt 0.6116959 0.5990981
vt 0.5987948 0.6060039
vt 0.586689 0.6172869
vt 0.5757472 0.6326057
vt 0.5663028 0.6514944
vt 0.5586434 0.6733781
vt 0.5530019 0.6975898
vt 0.549549 0.7233919
vt 0.6094384 0.5734915
vt 0.5943478 0.5815679
vt 0.5801874 0.5947647
vt 0.5673886 0.6126828
vt 0.5563414 0.6347772
vt 0.5473824 0.6603749
vt 0.5407839 0.6886958
vt 0.5367457 0.7188768
vt 0.6074216 0.550616
vt 0.5903755 0.5597401
vt 0.5743802 0.5746479
vt 0.5599229 0.5948883
vt 0.5474442 0.6198459
vt 0.537324 0.6487604
vt 0.5298701 0.6807511
vt 0.525308 0.7148432
vt 0.6057807 0.5320035
vt 0.587144 0.5419832
vt 0.5696567 0.5582852
vt 0.5538509 0.5804157
vt 0.5402079 0.607702
vt 0.5291426 0.6393135
vt 0.5209916 0.6742881
vt 0.5160018 0.7115613
vt 0.6046506 0.5191857
vt 0.5849195 0.5297595
vt 0.5664063 0.5470253
vt 0.5496733 0.5704584
vt 0.5352291 0.5993467
vt 0.5235127 0.6328126
vt 0.5148798 0.669839
vt 0.5095928 0.7093012
vt 0 0.5
vt 0.02777778 0.5
vt 0.05555556 0.5
vt 0.08333334 0.5
vt 0.1111111 0.5
vt 0.1388889 0.5
vt 0.1666667 0.5
vt 0.1944444 0.5
vt 0.2222222 0.5
vt 0.25 0.5
vt 0 0.4947463
vt 0.02777778 0.4947468
vt 0.05555556 0.4947478
vt 0.08333334 0.4947487
vt 0.1111111 0.4947491
vt 0.1388889 0.4947491
vt 0.1666667 0.4947487
vt 0.1944444 0.4947478
vt 0.2222222 0.4947468
vt 0.25 0.4947463
vt 0 0.4899328
vt 0.02777778 0.4899335
vt 0.05555556 0.4899347
vt 0.08333334 0.4899358
vt 0.1111111 0.4899364
vt 0.1388889 0.4899364
vt 0.1666667 0.4899358
vt 0.1944444 0.4899347
vt 0.2222222 0.4899335
vt 0.25 0.4899328
vt 0 0.4854339
vt 0.02777778 0.4854344
vt 0.05555556 0.4854354
vt 0.08333334 0.4854362
vt 0.1111111 0.4854366
vt 0.1388889 0.4854366
vt 0.1666667 0.4854362
vt 0.1944444 0.4854354
vt 0.2222222 0.4854344
vt 0.25 0.4854339
vt 0 0.4811237
vt 0.02777778 0.4811239
vt 0.05555556 0.4811242
vt 0.08333334 0.4811245
vt 0.1111111 0.4811247
vt 0.1388889 0.4811247
vt 0.1666667 0.4811245
vt 0.1944444 0.4811242
vt 0.2222222 0.4811239
vt 0.25 0.4811237
vt 0 0.4768763
vt 0.02777778 0.4768761
vt 0.05555556 0.4768758
vt 0.08333334 0.4768755
vt 0.1111111 0.4768753
vt 0.1388889 0.4768753
vt 0.1666667 0.4768755
vt 0.1944444 0.4768758
vt 0.2222222 0.4768761
vt 0.25 0.4768763
vt 0 0.4725661
vt 0.02777778 0.4725656
vt 0.05555556 0.4725646
vt 0.08333334 0.4725638
vt 0.1111111 0.4725634
vt 0.1388889 0.4725634
vt 0.1666667 0.4725638
vt 0.1944444 0.4725646
vt 0.2222222 0.4725656
vt 0.25 0.4725661
vt 0 0.4680672
vt 0.02777778 0.4680665
vt 0.05555556 0.4680653
vt 0.08333334 0.4680642
vt 0.1111111 0.4680636
vt 0.1388889 0.4680636
vt 0.1666667 0.4680642
vt 0.1944444 0.4680653
vt 0.2222222 0.4680665
vt 0.25 0.4680672
vt 0 0.4632537
vt 0.02777778 0.4632532
vt 0.05555556 0.4632522
vt 0.08333334 0.4632514
vt 0.1111111 0.4632509
vt 0.1388889 0.4632509
vt 0.1666667 0.4632514
vt 0.1944444 0.4632522
vt 0.2222222 0.4632532
vt 0.25 0.4632537
vt 0 0.458
vt 0.02777778 0.458
vt 0.05555556 0.458
vt 0.08333334 0.458
vt 0.1111111 0.458
vt 0.1388889 0.458
vt 0.1666667 0.458
vt 0.1944444 0.458
vt 0.2222222 0.458
vt 0.25 0.458
vt 0.2777778 0.5
vt 0.3055556 0.5
vt 0.3333333 0.5
vt 0.3611111 0.5
vt 0.3888889 0.5
vt 0.4166667 0.5
vt 0.4444444 0.5
vt 0.4722222 0.5
vt 0.5 0.5
vt 0.2777778 0.4947468
vt 0.3055556 0.4947478
vt 0.3333333 0.4947487
vt 0.3611111 0.4947491
vt 0.3888889 0.4947491
vt 0.4166667 0.4947487
vt 0.4444444 0.4947478
vt 0.4722222 0.4947468
vt 0.5 0.4947463
vt 0.2777778 0.4899335
vt 0.3055556 0.4899347
vt 0.3333333 0.4899358
vt 0.3611111 0.4899364
vt 0.3888889 0.4899364
vt 0.4166667 0.4899358
vt 0.4444444 0.4899347
vt 0.4722222 0.4899335
vt 0.5 0.4899328
vt 0.2777778 0.4854344
vt 0.3055556 0.4854354
vt 0.3333333 0.4854362
vt 0.3611111 0.4854366
vt 0.3888889 0.4854366
vt 0.4166667 0.4854362
vt 0.4444444 0.4854354
vt 0.4722222 0.4854344
vt 0.5 0.4854339
vt 0.2777778 0.4811239
vt 0.3055556 0.4811242
vt 0.3333333 0.4811245
vt 0.3611111 0.4811247
vt 0.3888889 0.4811247
vt 0.4166667 0.4811245
vt 0.4444444 0.4811242
vt 0.4722222 0.4811239
vt 0.5 0.4811237
vt 0.2777778 0.4768761
vt 0.3055556 0.4768758
vt 0.3333333 0.4768755
vt 0.3611111 0.4768753
vt 0.3888889 0.4768753
vt 0.4166667 0.4768755
vt 0.4444444 0.4768758
vt 0.4722222 0.4768761
vt 0.5 0.4768763
vt 0.2777778 0.4725656
vt 0.3055556 0.4725646
vt 0.3333333 0.4725638
vt 0.3611111 0.4725634
vt 0.3888889 0.4725634
vt 0.4166667 0.4725638
vt 0.4444444 0.4725646
vt 0.4722222 0.4725656
vt 0.5 0.4725661
vt 0.2777778 0.4680665
vt 0.3055556 0.4680653
vt 0.3333333 0.4680642
vt 0.3611111 0.4680636
vt 0.3888889 0.4680636
vt 0.4166667 0.4680642
vt 0.4444444 0.4680653
vt 0.4722222 0.4680665
vt 0.5 0.4680672
vt 0.2777778 0.4632532
vt 0.3055556 0.4632522
vt 0.3333333 0.4632514
vt 0.3611111 0.4632509
vt 0.3888889 0.4632509
vt 0.4166667 0.4632514
vt 0.4444444 0.4632522
vt 0.4722222 0.4632532
vt 0.5 0.4632537
vt 0.2777778 0.458
vt 0.3055556 0.458
vt 0.3333333 0.458
vt 0.3611111 0.458
vt 0.3888889 0.458
vt 0.4166667 0.458
vt 0.4444444 0.458
vt 0.4722222 0.458
vt 0.5 0.458
vt 0.75 0.5
vt 0.7222222 0.5
vt 0.6944444 0.5
vt 0.6666666 0.5
vt 0.6388889 0.5
vt 0.6111111 0.5
vt 0.5833333 0.5
vt 0.5555556 0.5
vt 0.5277778 0.5
vt 0.75 0.4947463
vt 0.7222222 0.4947468
vt 0.6944444 0.4947478
vt 0.6666666 0.4947487
vt 0.6388889 0.4947491
vt 0.6111111 0.4947491
vt 0.5833333 0.4947487
vt 0.5555556 0.4947478
vt 0.5277778 0.4947468
vt 0.75 0.4899328
vt 0.7222222 0.4899335
vt 0.6944444 0.4899347
vt 0.6666666 0.4899358
vt 0.6388889 0.4899364
vt 0.6111111 0.4899364
vt 0.5833333 0.4899358
vt 0.5555556 0.4899347
vt 0.5277778 0.4899335
vt 0.75 0.4854339
vt 0.7222222 0.4854344
vt 0.6944444 0.4854354
vt 0.6666666 0.4854362
vt 0.6388889 0.4854366
vt 0.6111111 0.4854366
vt 0.5833333 0.4854362
vt 0.5555556 0.4854354
vt 0.5277778 0.4854344
vt 0.75 0.4811237
vt 0.7222222 0.4811239
vt 0.6944444 0.4811242
vt 0.6666666 0.4811245
vt 0.6388889 0.4811247
vt 0.6111111 0.4811247
vt 0.5833333 0.4811245
vt 0.5555556 0.4811242
vt 0.5277778 0.4811239
vt 0.75 0.4768763
vt 0.7222222 0.4768761
vt 0.6944444 0.4768758
vt 0.6666666 0.4768755
vt 0.6388889 0.4768753
vt 0.6111111 0.4768753
vt 0.5833333 0.4768755
vt 0.5555556 0.4768758
vt 0.5277778 0.4768761
vt 0.75 0.4725661
vt 0.7222222 0.4725656
vt 0.6944444 0.4725646
vt 0.6666666 0.4725638
vt 0.6388889 0.4725634
vt 0.6111111 0.4725634
vt 0.5833333 0.4725638
vt 0.5555556 0.4725646
vt 0.5277778 0.4725656
vt 0.75 0.4680672
vt 0.7222222 0.4680665
vt 0.6944444 0.4680653
vt 0.6666666 0.4680642
vt 0.6388889 0.4680636
vt 0.6111111 0.4680636
vt 0.5833333 0.4680642
vt 0.5555556 0.4680653
vt 0.5277778 0.4680665
vt 0.75 0.4632537
vt 0.7222222 0.4632532
vt 0.6944444 0.4632522
vt 0.6666666 0.4632514
vt 0.6388889 0.4632509
vt 0.6111111 0.4632509
vt 0.5833333 0.4632514
vt 0.5555556 0.4632522
vt 0.5277778 0.4632532
vt 0.75 0.458
vt 0.7222222 0.458
vt 0.6944444 0.458
vt 0.6666666 0.458
vt 0.6388889 0.458
vt 0.6111111 0.458
vt 0.5833333 0.458
vt 0.5555556 0.458
vt 0.5277778 0.458
vt 1 0.5
vt 0.9722222 0.5
vt 0.9444444 0.5
vt 0.9166667 0.5
vt 0.8888889 0.5
vt 0.8611111 0.5
vt 0.8333333 0.5
vt 0.8055556 0.5
vt 0.7777778 0.5
vt 1 0.4947463
vt 0.9722222 0.4947468
vt 0.9444444 0.4947478
vt 0.9166667 0.4947487
vt 0.8888889 0.4947491
vt 0.8611111 0.4947491
vt 0.8333333 0.4947487
vt 0.8055556 0.4947478
vt 0.7777778 0.4947468
vt 1 0.4899328
vt 0.9722222 0.4899335
vt 0.9444444 0.4899347
vt 0.9166667 0.4899358
vt 0.8888889 0.4899364
vt 0.8611111 0.4899364
vt 0.8333333 0.4899358
vt 0.8055556 0.4899347
vt 0.7777778 0.4899335
vt 1 0.4854339
vt 0.9722222 0.4854344
vt 0.9444444 0.4854354
vt 0.9166667 0.4854362
vt 0.8888889 0.4854366
vt 0.8611111 0.4854366
vt 0.8333333 0.4854362
vt 0.8055556 0.4854354
vt 0.7777778 0.4854344
vt 1 0.4811237
vt 0.9722222 0.4811239
vt 0.9444444 0.4811242
vt 0.9166667 0.4811245
vt 0.8888889 0.4811247
vt 0.8611111 0.4811247
vt 0.8333333 0.4811245
vt 0.8055556 0.4811242
vt 0.7777778 0.4811239
vt 1 0.4768763
vt 0.9722222 0.4768761
vt 0.9444444 0.4768758
vt 0.9166667 0.4768755
vt 0.8888889 0.4768753
vt 0.8611111 0.4768753
vt 0.8333333 0.4768755
vt 0.8055556 0.4768758
vt 0.7777778 0.4768761
vt 1 0.4725661
vt 0.9722222 0.4725656
vt 0.9444444 0.4725646
vt 0.9166667 0.4725638
vt 0.8888889 0.4725634
vt 0.8611111 0.4725634
vt 0.8333333 0.4725638
vt 0.8055556 0.4725646
vt 0.7777778 0.4725656
vt 1 0.4680672
vt 0.9722222 0.4680665
vt 0.9444444 0.4680653
vt 0.9166667 0.4680642
vt 0.8888889 0.4680636
vt 0.8611111 0.4680636
vt 0.8333333 0.4680642
vt 0.8055556 0.4680653
vt 0.7777778 0.4680665
vt 1 0.4632537
vt 0.9722222 0.4632532
vt 0.9444444 0.4632522
vt 0.9166667 0.4632514
vt 0.8888889 0.4632509
vt 0.8611111 0.4632509
vt 0.8333333 0.4632514
vt 0.8055556 0.4632522
vt 0.7777778 0.4632532
vt 1 0.458
vt 0.9722222 0.458
vt 0.9444444 0.458
vt 0.9166667 0.458
vt 0.8888889 0.458
vt 0.8611111 0.458
vt 0.8333333 0.458
vt 0.8055556 0.458
vt 0.7777778 0.458
vt 0 0.4355756
vt 0.02777778 0.435575
vt 0.05555556 0.435574
vt 0.08333334 0.4355732
vt 0.1111111 0.4355727
vt 0.1388889 0.4355727
vt 0.1666667 0.4355732
vt 0.1944444 0.435574
vt 0.2222222 0.435575
vt 0.25 0.4355756
vt 0 0.413258
vt 0.02777778 0.4132569
vt 0.05555556 0.4132549
vt 0.08333334 0.4132533
vt 0.1111111 0.4132524
vt 0.1388889 0.4132524
vt 0.1666667 0.4132533
vt 0.1944444 0.4132549
vt 0.2222222 0.4132569
vt 0.25 0.413258
vt 0 0.3911541
vt 0.02777778 0.3911525
vt 0.05555556 0.3911498
vt 0.08333334 0.3911475
vt 0.1111111 0.3911462
vt 0.1388889 0.3911462
vt 0.1666667 0.3911475
vt 0.1944444 0.3911498
vt 0.2222222 0.3911525
vt 0.25 0.3911541
vt 0 0.3693706
vt 0.02777778 0.3693687
vt 0.05555556 0.3693655
vt 0.08333334 0.3693627
vt 0.1111111 0.3693612
vt 0.1388889 0.3693612
vt 0.1666667 0.3693627
vt 0.1944444 0.3693655
vt 0.2222222 0.3693687
vt 0.25 0.3693706
vt 0 0.3480145
vt 0.02777778 0.3480125
vt 0.05555556 0.348009
vt 0.08333334 0.348006
vt 0.1111111 0.3480043
vt 0.1388889 0.3480043
vt 0.1666667 0.348006
vt 0.1944444 0.348009
vt 0.2222222 0.3480125
vt 0.25 0.3480145
vt 0 0.3271925
vt 0.02777778 0.3271906
vt 0.05555556 0.3271872
vt 0.08333334 0.3271843
vt 0.1111111 0.3271828
vt 0.1388889 0.3271828
vt 0.1666667 0.3271843
vt 0.1944444 0.3271872
vt 0.2222222 0.3271906
vt 0.25 0.3271925
vt 0 0.3070116
vt 0.02777778 0.30701
vt 0.05555556 0.3070072
vt 0.08333334 0.3070048
vt 0.1111111 0.3070035
vt 0.1388889 0.3070035
vt 0.1666667 0.3070048
vt 0.1944444 0.3070072
vt 0.2222222 0.30701
vt 0.25 0.3070116
vt 0 0.2875785
vt 0.02777778 0.2875775
vt 0.05555556 0.2875758
vt 0.08333334 0.2875744
vt 0.1111111 0.2875736
vt 0.1388889 0.2875736
vt 0.1666667 0.2875744
vt 0.1944444 0.2875758
vt 0.2222222 0.2875775
vt 0.25 0.2875785
vt 0 0.269
vt 0.02777778 0.269
vt 0.05555556 0.269
vt 0.08333334 0.269
vt 0.1111111 0.269
vt 0.1388889 0.269
vt 0.1666667 0.269
vt 0.1944444 0.269
vt 0.2222222 0.269
vt 0.25 0.269
vt 0.2777778 0.435575
vt 0.3055556 0.435574
vt 0.3333333 0.4355732
vt 0.3611111 0.4355727
vt 0.3888889 0.4355727
vt 0.4166667 0.4355732
vt 0.4444444 0.435574
vt 0.4722222 0.435575
vt 0.5 0.4355756
vt 0.2777778 0.4132569
vt 0.3055556 0.4132549
vt 0.3333333 0.4132533
vt 0.3611111 0.4132524
vt 0.3888889 0.4132524
vt 0.4166667 0.4132533
vt 0.4444444 0.4132549
vt 0.4722222 0.4132569
vt 0.5 0.413258
vt 0.2777778 0.3911525
vt 0.3055556 0.3911498
vt 0.3333333 0.3911475
vt 0.3611111 0.3911462
vt 0.3888889 0.3911462
vt 0.4166667 0.3911475
vt 0.4444444 0.3911498
vt 0.4722222 0.3911525
vt 0.5 0.3911541
vt 0.2777778 0.3693687
vt 0.3055556 0.3693655
vt 0.3333333 0.3693627
vt 0.3611111 0.3693612
vt 0.3888889 0.3693612
vt 0.4166667 0.3693627
vt 0.4444444 0.3693655
vt 0.4722222 0.3693687
vt 0.5 0.3693706
vt 0.2777778 0.3480125
vt 0.3055556 0.348009
vt 0.3333333 0.348006
vt 0.3611111 0.3480043
vt 0.3888889 0.3480043
vt 0.4166667 0.348006
vt 0.4444444 0.348009
vt 0.4722222 0.3480125
vt 0.5 0.3480145
vt 0.2777778 0.3271906
vt 0.3055556 0.3271872
vt 0.3333333 0.3271843
vt 0.3611111 0.3271828
vt 0.3888889 0.3271828
vt 0.4166667 0.3271843
vt 0.4444444 0.3271872
vt 0.4722222 0.3271906
vt 0.5 0.3271925
vt 0.2777778 0.30701
vt 0.3055556 0.3070072
vt 0.3333333 0.3070048
vt 0.3611111 0.3070035
vt 0.3888889 0.3070035
vt 0.4166667 0.3070048
vt 0.4444444 0.3070072
vt 0.4722222 0.30701
vt 0.5 0.3070116
vt 0.2777778 0.2875775
vt 0.3055556 0.2875758
vt 0.3333333 0.2875744
vt 0.3611111 0.2875736
vt 0.3888889 0.2875736
vt 0.4166667 0.2875744
vt 0.4444444 0.2875758
vt 0.4722222 0.2875775
vt 0.5 0.2875785
vt 0.2777778 0.269
vt 0.3055556 0.269
vt 0.3333333 0.269
vt 0.3611111 0.269
vt 0.3888889 0.269
vt 0.4166667 0.269
vt 0.4444444 0.269
vt 0.4722222 0.269
vt 0.5 0.269
vt 0.75 0.4355756
vt 0.7222222 0.435575
vt 0.6944444 0.435574
vt 0.6666666 0.4355732
vt 0.6388889 0.4355727
vt 0.6111111 0.4355727
vt 0.5833333 0.4355732
vt 0.5555556 0.435574
vt 0.5277778 0.435575
vt 0.75 0.413258
vt 0.7222222 0.4132569
vt 0.6944444 0.4132549
vt 0.6666666 0.4132533
vt 0.6388889 0.4132524
vt 0.6111111 0.4132524
vt 0.5833333 0.4132533
vt 0.5555556 0.4132549
vt 0.5277778 0.4132569
vt 0.75 0.3911541
vt 0.7222222 0.3911525
vt 0.6944444 0.3911498
vt 0.6666666 0.3911475
vt 0.6388889 0.3911462
vt 0.6111111 0.3911462
vt 0.5833333 0.3911475
vt 0.5555556 0.3911498
vt 0.5277778 0.3911525
vt 0.75 0.3693706
vt 0.7222222 0.3693687
vt 0.6944444 0.3693655
vt 0.6666666 0.3693627
vt 0.6388889 0.3693612
vt 0.6111111 0.3693612
vt 0.5833333 0.3693627
vt 0.5555556 0.3693655
vt 0.5277778 0.3693687
vt 0.75 0.3480145
vt 0.7222222 0.3480125
vt 0.6944444 0.348009
vt 0.6666666 0.348006
vt 0.6388889 0.3480043
vt 0.6111111 0.3480043
vt 0.5833333 0.348006
vt 0.5555556 0.348009
vt 0.5277778 0.3480125
vt 0.75 0.3271925
vt 0.7222222 0.3271906
vt 0.6944444 0.3271872
vt 0.6666666 0.3271843
vt 0.6388889 0.3271828
vt 0.6111111 0.3271828
vt 0.5833333 0.3271843
vt 0.5555556 0.3271872
vt 0.5277778 0.3271906
vt 0.75 0.3070116
vt 0.7222222 0.30701
vt 0.6944444 0.3070072
vt 0.6666666 0.3070048
vt 0.6388889 0.3070035
vt 0.6111111 0.3070035
vt 0.5833333 0.3070048
vt 0.5555556 0.3070072
vt 0.5277778 0.30701
vt 0.75 0.2875785
vt 0.7222222 0.2875775
vt 0.6944444 0.2875758
vt 0.6666666 0.2875744
vt 0.6388889 0.2875736
vt 0.6111111 0.2875736
vt 0.5833333 0.2875744
vt 0.5555556 0.2875758
vt 0.5277778 0.2875775
vt 0.75 0.269
vt 0.7222222 0.269
vt 0.6944444 0.269
vt 0.6666666 0.269
vt 0.6388889 0.269
vt 0.6111111 0.269
vt 0.5833333 0.269
vt 0.5555556 0.269
vt 0.5277778 0.269
vt 1 0.4355756
vt 0.9722222 0.435575
vt 0.9444444 0.435574
vt 0.9166667 0.4355732
vt 0.8888889 0.4355727
vt 0.8611111 0.4355727
vt 0.8333333 0.4355732
vt 0.8055556 0.435574
vt 0.7777778 0.435575
vt 1 0.413258
vt 0.9722222 0.4132569
vt 0.9444444 0.4132549
vt 0.9166667 0.4132533
vt 0.8888889 0.4132524
vt 0.8611111 0.4132524
vt 0.8333333 0.4132533
vt 0.8055556 0.4132549
vt 0.7777778 0.4132569
vt 1 0.3911541
vt 0.9722222 0.3911525
vt 0.9444444 0.3911498
vt 0.9166667 0.3911475
vt 0.8888889 0.3911462
vt 0.8611111 0.3911462
vt 0.8333333 0.3911475
vt 0.8055556 0.3911498
vt 0.7777778 0.3911525
vt 1 0.3693706
vt 0.9722222 0.3693687
vt 0.9444444 0.3693655
vt 0.9166667 0.3693627
vt 0.8888889 0.3693612
vt 0.8611111 0.3693612
vt 0.8333333 0.3693627
vt 0.8055556 0.3693655
vt 0.7777778 0.3693687
vt 1 0.3480145
vt 0.9722222 0.3480125
vt 0.9444444 0.348009
vt 0.9166667 0.348006
vt 0.8888889 0.3480043
vt 0.8611111 0.3480043
vt 0.8333333 0.348006
vt 0.8055556 0.348009
vt 0.7777778 0.3480125
vt 1 0.3271925
vt 0.9722222 0.3271906
vt 0.9444444 0.3271872
vt 0.9166667 0.3271843
vt 0.8888889 0.3271828
vt 0.8611111 0.3271828
vt 0.8333333 0.3271843
vt 0.8055556 0.3271872
vt 0.7777778 0.3271906
vt 1 0.3070116
vt 0.9722222 0.30701
vt 0.9444444 0.3070072
vt 0.9166667 0.3070048
vt 0.8888889 0.3070035
vt 0.8611111 0.3070035
vt 0.8333333 0.3070048
vt 0.8055556 0.3070072
vt 0.7777778 0.30701
vt 1 0.2875785
vt 0.9722222 0.2875775
vt 0.9444444 0.2875758
vt 0.9166667 0.2875744
vt 0.8888889 0.2875736
vt 0.8611111 0.2875736
vt 0.8333333 0.2875744
vt 0.8055556 0.2875758
vt 0.7777778 0.2875775
vt 1 0.269
vt 0.9722222 0.269
vt 0.9444444 0.269
vt 0.9166667 0.269
vt 0.8888889 0.269
vt 0.8611111 0.269
vt 0.8333333 0.269
vt 0.8055556 0.269
vt 0.7777778 0.269
vt 0 0.2505684
vt 0.02777778 0.2505723
vt 0.05555556 0.250579
vt 0.08333334 0.2505847
vt 0.1111111 0.2505877
vt 0.1388889 0.2505877
vt 0.1666667 0.2505847
vt 0.1944444 0.250579
vt 0.2222222 0.2505723
vt 0.25 0.2505684
vt 0 0.2326089
vt 0.02777778 0.2326146
vt 0.05555556 0.2326246
vt 0.08333334 0.232633
vt 0.1111111 0.2326376
vt 0.1388889 0.2326376
vt 0.1666667 0.232633
vt 0.1944444 0.2326246
vt 0.2222222 0.2326146
vt 0.25 0.2326089
vt 0 0.2154772
vt 0.02777778 0.2154832
vt 0.05555556 0.2154939
vt 0.08333334 0.2155028
vt 0.1111111 0.2155076
vt 0.1388889 0.2155076
vt 0.1666667 0.2155028
vt 0.1944444 0.2154939
vt 0.2222222 0.2154832
vt 0.25 0.2154772
vt 0 0.1995293
vt 0.02777778 0.1995345
vt 0.05555556 0.1995438
vt 0.08333334 0.1995516
vt 0.1111111 0.1995559
vt 0.1388889 0.1995559
vt 0.1666667 0.1995516
vt 0.1944444 0.1995438
vt 0.2222222 0.1995345
vt 0.25 0.1995293
vt 0 0.1851209
vt 0.02777778 0.1851247
vt 0.05555556 0.1851315
vt 0.08333334 0.1851372
vt 0.1111111 0.1851403
vt 0.1388889 0.1851403
vt 0.1666667 0.1851372
vt 0.1944444 0.1851315
vt 0.2222222 0.1851247
vt 0.25 0.1851209
vt 0 0.1726079
vt 0.02777778 0.17261
vt 0.05555556 0.1726139
vt 0.08333334 0.1726172
vt 0.1111111 0.1726189
vt 0.1388889 0.1726189
vt 0.1666667 0.1726172
vt 0.1944444 0.1726139
vt 0.2222222 0.17261
vt 0.25 0.1726079
vt 0 0.1623461
vt 0.02777778 0.1623468
vt 0.05555556 0.1623482
vt 0.08333334 0.1623492
vt 0.1111111 0.1623497
vt 0.1388889 0.1623497
vt 0.1666667 0.1623492
vt 0.1944444 0.1623482
vt 0.2222222 0.1623468
vt 0.25 0.1623461
vt 0 0.1546916
vt 0.02777778 0.1546914
vt 0.05555556 0.1546911
vt 0.08333334 0.1546909
vt 0.1111111 0.1546907
vt 0.1388889 0.1546907
vt 0.1666667 0.1546909
vt 0.1944444 0.1546911
vt 0.2222222 0.1546914
vt 0.25 0.1546916
vt 0 0.15
vt 0.02777778 0.15
vt 0.05555556 0.15
vt 0.08333334 0.15
vt 0.1111111 0.15
vt 0.1388889 0.15
vt 0.1666667 0.15
vt 0.1944444 0.15
vt 0.2222222 0.15
vt 0.25 0.15
vt 0.2777778 0.2505723
vt 0.3055556 0.250579
vt 0.3333333 0.2505847
vt 0.3611111 0.2505877
vt 0.3888889 0.2505877
vt 0.4166667 0.2505847
vt 0.4444444 0.250579
vt 0.4722222 0.2505723
vt 0.5 0.2505684
vt 0.2777778 0.2326146
vt 0.3055556 0.2326246
vt 0.3333333 0.232633
vt 0.3611111 0.2326376
vt 0.3888889 0.2326376
vt 0.4166667 0.232633
vt 0.4444444 0.2326246
vt 0.4722222 0.2326146
vt 0.5 0.2326089
vt 0.2777778 0.2154832
vt 0.3055556 0.2154939
vt 0.3333333 0.2155028
vt 0.3611111 0.2155076
vt 0.3888889 0.2155076
vt 0.4166667 0.2155028
vt 0.4444444 0.2154939
vt 0.4722222 0.2154832
vt 0.5 0.2154772
vt 0.2777778 0.1995345
vt 0.3055556 0.1995438
vt 0.3333333 0.1995516
vt 0.3611111 0.1995559
vt 0.3888889 0.1995559
vt 0.4166667 0.1995516
vt 0.4444444 0.1995438
vt 0.4722222 0.1995345
vt 0.5 0.1995293
vt 0.2777778 0.1851247
vt 0.3055556 0.1851315
vt 0.3333333 0.1851372
vt 0.3611111 0.1851403
vt 0.3888889 0.1851403
vt 0.4166667 0.1851372
vt 0.4444444 0.1851315
vt 0.4722222 0.1851247
vt 0.5 0.1851209
vt 0.2777778 0.17261
vt 0.3055556 0.1726139
vt 0.3333333 0.1726172
vt 0.3611111 0.1726189
vt 0.3888889 0.1726189
vt 0.4166667 0.1726172
vt 0.4444444 0.1726139
vt 0.4722222 0.17261
vt 0.5 0.1726079
vt 0.2777778 0.1623468
vt 0.3055556 0.1623482
vt 0.3333333 0.1623492
vt 0.3611111 0.1623497
vt 0.3888889 0.1623497
vt 0.4166667 0.1623492
vt 0.4444444 0.1623482
vt 0.4722222 0.1623468
vt 0.5 0.1623461
vt 0.2777778 0.1546914
vt 0.3055556 0.1546911
vt 0.3333333 0.1546909
vt 0.3611111 0.1546907
vt 0.3888889 0.1546907
vt 0.4166667 0.1546909
vt 0.4444444 0.1546911
vt 0.4722222 0.1546914
vt 0.5 0.1546916
vt 0.2777778 0.15
vt 0.3055556 0.15
vt 0.3333333 0.15
vt 0.3611111 0.15
vt 0.3888889 0.15
vt 0.4166667 0.15
vt 0.4444444 0.15
vt 0.4722222 0.15
vt 0.5 0.15
vt 0.75 0.2505684
vt 0.7222222 0.2505723
vt 0.6944444 0.250579
vt 0.6666666 0.2505847
vt 0.6388889 0.2505877
vt 0.6111111 0.2505877
vt 0.5833333 0.2505847
vt 0.5555556 0.250579
vt 0.5277778 0.2505723
vt 0.75 0.2326089
vt 0.7222222 0.2326146
vt 0.6944444 0.2326246
vt 0.6666666 0.232633
vt 0.6388889 0.2326376
vt 0.6111111 0.2326376
vt 0.5833333 0.232633
vt 0.5555556 0.2326246
vt 0.5277778 0.2326146
vt 0.75 0.2154772
vt 0.7222222 0.2154832
vt 0.6944444 0.2154939
vt 0.6666666 0.2155028
vt 0.6388889 0.2155076
vt 0.6111111 0.2155076
vt 0.5833333 0.2155028
vt 0.5555556 0.2154939
vt 0.5277778 0.2154832
vt 0.75 0.1995293
vt 0.7222222 0.1995345
vt 0.6944444 0.1995438
vt 0.6666666 0.1995516
vt 0.6388889 0.1995559
vt 0.6111111 0.1995559
vt 0.5833333 0.1995516
vt 0.5555556 0.1995438
vt 0.5277778 0.1995345
vt 0.75 0.1851209
vt 0.7222222 0.1851247
vt 0.6944444 0.1851315
vt 0.6666666 0.1851372
vt 0.6388889 0.1851403
vt 0.6111111 0.1851403
vt 0.5833333 0.1851372
vt 0.5555556 0.1851315
vt 0.5277778 0.1851247
vt 0.75 0.1726079
vt 0.7222222 0.17261
vt 0.6944444 0.1726139
vt 0.6666666 0.1726172
vt 0.6388889 0.1726189
vt 0.6111111 0.1726189
vt 0.5833333 0.1726172
vt 0.5555556 0.1726139
vt 0.5277778 0.17261
vt 0.75 0.1623461
vt 0.7222222 0.1623468
vt 0.6944444 0.1623482
vt 0.6666666 0.1623492
vt 0.6388889 0.1623497
vt 0.6111111 0.1623497
vt 0.5833333 0.1623492
vt 0.5555556 0.1623482
vt 0.5277778 0.1623468
vt 0.75 0.1546916
vt 0.7222222 0.1546914
vt 0.6944444 0.1546911
vt 0.6666666 0.1546909
vt 0.6388889 0.1546907
vt 0.6111111 0.1546907
vt 0.5833333 0.1546909
vt 0.5555556 0.1546911
vt 0.5277778 0.1546914
vt 0.75 0.15
vt 0.7222222 0.15
vt 0.6944444 0.15
vt 0.6666666 0.15
vt 0.6388889 0.15
vt 0.6111111 0.15
vt 0.5833333 0.15
vt 0.5555556 0.15
vt 0.5277778 0.15
vt 1 0.2505684
vt 0.9722222 0.2505723
vt 0.9444444 0.250579
vt 0.9166667 0.2505847
vt 0.8888889 0.2505877
vt 0.8611111 0.2505877
vt 0.8333333 0.2505847
vt 0.8055556 0.250579
vt 0.7777778 0.2505723
vt 1 0.2326089
vt 0.9722222 0.2326146
vt 0.9444444 0.2326246
vt 0.9166667 0.232633
vt 0.8888889 0.2326376
vt 0.8611111 0.2326376
vt 0.8333333 0.232633
vt 0.8055556 0.2326246
vt 0.7777778 0.2326146
vt 1 0.2154772
vt 0.9722222 0.2154832
vt 0.9444444 0.2154939
vt 0.9166667 0.2155028
vt 0.8888889 0.2155076
vt 0.8611111 0.2155076
vt 0.8333333 0.2155028
vt 0.8055556 0.2154939
vt 0.7777778 0.2154832
vt 1 0.1995293
vt 0.9722222 0.1995345
vt 0.9444444 0.1995438
vt 0.9166667 0.1995516
vt 0.8888889 0.1995559
vt 0.8611111 0.1995559
vt 0.8333333 0.1995516
vt 0.8055556 0.1995438
vt 0.7777778 0.1995345
vt 1 0.1851209
vt 0.9722222 0.1851247
vt 0.9444444 0.1851315
vt 0.9166667 0.1851372
vt 0.8888889 0.1851403
vt 0.8611111 0.1851403
vt 0.8333333 0.1851372
vt 0.8055556 0.1851315
vt 0.7777778 0.1851247
vt 1 0.1726079
vt 0.9722222 0.17261
vt 0.9444444 0.1726139
vt 0.9166667 0.1726172
vt 0.8888889 0.1726189
vt 0.8611111 0.1726189
vt 0.8333333 0.1726172
vt 0.8055556 0.1726139
vt 0.7777778 0.17261
vt 1 0.1623461
vt 0.9722222 0.1623468
vt 0.9444444 0.1623482
vt 0.9166667 0.1623492
vt 0.8888889 0.1623497
vt 0.8611111 0.1623497
vt 0.8333333 0.1623492
vt 0.8055556 0.1623482
vt 0.7777778 0.1623468
vt 1 0.1546916
vt 0.9722222 0.1546914
vt 0.9444444 0.1546911
vt 0.9166667 0.1546909
vt 0.8888889 0.1546907
vt 0.8611111 0.1546907
vt 0.8333333 0.1546909
vt 0.8055556 0.1546911
vt 0.7777778 0.1546914
vt 1 0.15
vt 0.9722222 0.15
vt 0.9444444 0.15
vt 0.9166667 0.15
vt 0.8888889 0.15
vt 0.8611111 0.15
vt 0.8333333 0.15
vt 0.8055556 0.15
vt 0.7777778 0.15

f 2/2/2 11/11/11 1/1/1
f 11/11/11 2/2/2 12/12/12
f 3/3/3 12/12/12 2/2/2
f 12/12/12 3/3/3 13/13/13
f 4/4/4 13/13/13 3/3/3
f 13/13/13 4/4/4 14/14/14
f 5/5/5 14/14/14 4/4/4
f 14/14/14 5/5/5 15/15/15
f 6/6/6 15/15/15 5/5/5
f 15/15/15 6/6/6 16/16/16
f 7/7/7 16/16/16 6/6/6
f 16/16/16 7/7/7 17/17/17
f 8/8/8 17/17/17 7/7/7
f 17/17/17 8/8/8 18/18/18
f 9/9/9 18/18/18 8/8/8
f 18/18/18 9/9/9 19/19/19
f 10/10/10 19/19/19 9/9/9
f 19/19/19 10/10/10 20/20/20
f 12/12/12 21/21/21 11/11/11
f 21/21/21 12/12/12 22/22/22
f 13/13/13 22/22/22 12/12/12
f 22/22/22 13/13/13 23/23/23
f 14/14/14 23/23/23 13/13/13
f 23/23/23 14/14/14 24/24/24
f 15/15/15 24/24/24 14/14/14
f 24/24/24 15/15/15 25/25/25
f 16/16/16 25/25/25 15/15/15
f 25/25/25 16/16/16 26/26/26
f 17/17/17 26/26/26 16/16/16
f 26/26/26 17/17/17 27/27/27
f 18/18/18 27/27/27 17/17/17
f 27/27/27 18/18/18 28/28/28
f 19/19/19 28/28/28 18/18/18
f 28/28/28 19/19/19 29/29/29
f 20/20/20 29/29/29 19/19/19
f 29/29/29 20/20/20 30/30/30
f 22/22/22 31/31/31 21/21/21
f 31/31/31 22/22/22 32/32/32
f 23/23/23 32/32/32 22/22/22
f 32/32/32 23/23/23 33/33/33
f 24/24/24 33/33/33 23/23/23
f 33/33/33 24/24/24 34/34/34
f 25/25/25 34/34/34 24/24/24
f 34/34/34 25/25/25 35/35/35
f 26/26/26 35/35/35 25/25/25
f 35/35/35 26/26/26 36/36/36
f 27/27/27 36/36/36 26/26/26
f 36/36/36 27/27/27 37/37/37
f 28/28/28 37/37/37 27/27/27
f 37/37/37 28/28/28 38/38/38
f 29/29/29 38/38/38 28/28/28
f 38/38/38 29/29/29 39/39/39
f 30/30/30 39/39/39 29/29/29
f 39/39/39 30/30/30 40/40/40
f 32/32/32 41/41/41 31/31/31
f 41/41/41 32/32/32 42/42/42
f 33/33/33 42/42/42 32/32/32
f 42/42/42 33/33/33 43/43/43
f 34/34/34 43/43/43 33/33/33
f 43/43/43 34/34/34 44/44/44
f 35/35/35 44/44/44 34/34/34
f 44/44/44 35/35/35 45/45/45
f 36/36/36 45/45/45 35/35/35
f 45/45/45 36/36/36 46/46/46
f 37/37/37 46/46/46 36/36/36
f 46/46/46 37/37/37 47/47/47
f 38/38/38 47/47/47 37/37/37
f 47/47/47 38/38/38 48/48/48
f 39/39/39 48/48/48 38/38/38
f 48/48/48 39/39/39 49/49/49
f 40/40/40 49/49/49 39/39/39
f 49/49/49 40/40/40 50/50/50
f 42/42/42 51/51/51 41/41/41
f 51/51/51 42/42/42 52/52/52
f 43/43/43 52/52/52 42/42/42
f 52/52/52 43/43/43 53/53/53
f 44/44/44 53/53/53 43/43/43
f 53/53/53 44/44/44 54/54/54
f 45/45/45 54/54/54 44/44/44
f 54/54/54 45/45/45 55/55/55
f 46/46/46 55/55/55 45/45/45
f 55/55/55 46/46/46 56/56/56
f 47/47/47 56/56/56 46/46/46
f 56/56/56 47/47/47 57/57/57
f 48/48/48 57/57/57 47/47/47
f 57/57/57 48/48/48 58/58/58
f 49/49/49 58/58/58 48/48/48
f 58/58/58 49/49/49 59/59/59
f 50/50/50 59/59/59 49/49/49
f 59/59/59 50/50/50 60/60/60
f 52/52/52 61/61/61 51/51/51
f 61/61/61 52/52/52 62/62/62
f 53/53/53 62/62/62 52/52/52
f 62/62/62 53/53/53 63/63/63
f 54/54/54 63/63/63 53/53/53
f 63/63/63 54/54/54 64/64/64
f 55/55/55 64/64/64 54/54/54
f 64/64/64 55/55/55 65/65/65
f 56/56/56 65/65/65 55/55/55
f 65/65/65 56/56/56 66/66/66
f 57/57/57 66/66/66 56/56/56
f 66/66/66 57/57/57 67/67/67
f 58/58/58 67/67/67 57/57/57
f 67/67/67 58/58/58 68/68/68
f 59/59/59 68/68/68 58/58/58
f 68/68/68 59/59/59 69/69/69
f 60/60/60 69/69/69 59/59/59
f 69/69/69 60/60/60 70/70/70
f 62/62/62 71/71/71 61/61/61
f 71/71/71 62/62/62 72/72/72
f 63/63/63 72/72/72 62/62/62
f 72/72/72 63/63/63 73/73/73
f 64/64/64 73/73/73 63/63/63
f 73/73/73 64/64/64 74/74/74
f 65/65/65 74/74/74 64/64/64
f 74/74/74 65/65/65 75/75/75
f 66/66/66 75/75/75 65/65/65
f 75/75/75 66/66/66 76/76/76
f 67/67/67 76/76/76 66/66/66
f 76/76/76 67/67/67 77/77/77
f 68/68/68 77/77/77 67/67/67
f 77/77/77 68/68/68 78/78/78
f 69/69/69 78/78/78 68/68/68
f 78/78/78 69/69/69 79/79/79
f 70/70/70 79/79/79 69/69/69
f 79/79/79 70/70/70 80/80/80
f 72/72/72 81/81/81 71/71/71
f 81/81/81 72/72/72 82/82/82
f 73/73/73 82/82/82 72/72/72
f 82/82/82 73/73/73 83/83/83
f 74/74/74 83/83/83 73/73/73
f 83/83/83 74/74/74 84/84/84
f 75/75/75 84/84/84 74/74/74
f 84/84/84 75/75/75 85/85/85
f 76/76/76 85/85/85 75/75/75
f 85/85/85 76/76/76 86/86/86
f 77/77/77 86/86/86 76/76/76
f 86/86/86 77/77/77 87/87/87
f 78/78/78 87/87/87 77/77/77
f 87/87/87 78/78/78 88/88/88
f 79/79/79 88/88/88 78/78/78
f 88/88/88 79/79/79 89/89/89
f 80/80/80 89/89/89 79/79/79
f 89/89/89 80/80/80 90/90/90
f 82/82/82 91/91/91 81/81/81
f 91/91/91 82/82/82 92/92/92
f 83/83/83 92/92/92 82/82/82
f 92/92/92 83/83/83 93/93/93
f 84/84/84 93/93/93 83/83/83
f 93/93/93 84/84/84 94/94/94
f 85/85/85 94/94/94 84/84/84
f 94/94/94 85/85/85 95/95/95
f 86/86/86 95/95/95 85/85/85
f 95/95/95 86/86/86 96/96/96
f 87/87/87 96/96/96 86/86/86
f 96/96/96 87/87/87 97/97/97
f 88/88/88 97/97/97 87/87/87
f 97/97/97 88/88/88 98/98/98
f 89/89/89 98/98/98 88/88/88
f 98/98/98 89/89/89 99/99/99
f 90/90/90 99/99/99 89/89/89
f 99/99/99 90/90/90 100/100/100
f 11/11/11 101/101/101 1/1/1
f 101/101/101 11/11/11 109/110/109
f 109/110/109 102/102/102 101/101/101
f 102/102/102 109/110/109 110/111/110
f 110/111/110 103/103/103 102/102/102
f 103/103/103 110/111/110 111/112/111
f 111/112/111 104/104/104 103/103/103
f 104/104/104 111/112/111 112/113/112
f 112/113/112 105/105/105 104/104/104
f 105/105/105 112/113/112 113/114/113
f 113/114/113 106/106/106 105/105/105
f 106/106/106 113/114/113 114/115/114
f 114/115/114 107/107/107 106/106/106
f 107/107/107 114/115/114 115/116/115
f 115/116/115 108/108/108 107/107/107
f 108/108/108 115/116/115 116/117/116
f 116/117/116 10/109/10 108/108/108
f 10/109/10 116/117/116 20/118/20
f 21/21/21 109/110/109 11/11/11
f 109/110/109 21/21/21 117/119/117
f 117/119/117 110/111/110 109/110/109
f 110/111/110 117/119/117 118/120/118
f 118/120/118 111/112/111 110/111/110
f 111/112/111 118/120/118 119/121/119
f 119/121/119 112/113/112 111/112/111
f 112/113/112 119/121/119 120/122/120
f 120/122/120 113/114/113 112/113/112
f 113/114/113 120/122/120 121/123/121
f 121/123/121 114/115/114 113/114/113
f 114/115/114 121/123/121 122/124/122
f 122/124/122 115/116/115 114/115/114
f 115/116/115 122/124/122 123/125/123
f 123/125/123 116/117/116 115/116/115
f 116/117/116 123/125/123 124/126/124
f 124/126/124 20/118/20 116/117/116
f 20/118/20 124/126/124 30/127/30
f 31/31/31 117/119/117 21/21/21
f 117/119/117 31/31/31 125/128/125
f 125/128/125 118/120/118 117/119/117
f 118/120/118 125/128/125 126/129/126
f 126/129/126 119/121/119 118/120/118
f 119/121/119 126/129/126 127/130/127
f 127/130/127 120/122/120 119/121/119
f 120/122/120 127/130/127 128/131/128
f 128/131/128 121/123/121 120/122/120
f 121/123/121 128/131/128 129/132/129
f 129/132/129 122/124/122 121/123/121
f 122/124/122 129/132/129 130/133/130
f 130/133/130 123/125/123 122/124/122
f 123/125/123 130/133/130 131/134/131
f 131/134/131 124/126/124 123/125/123
f 124/126/124 131/134/131 132/135/132
f 132/135/132 30/127/30 124/126/124
f 30/127/30 132/135/132 40/136/40
f 41/41/41 125/128/125 31/31/31
f 125/128/125 41/41/41 133/137/133
f 133/137/133 126/129/126 125/128/125
f 126/129/126 133/137/133 134/138/134
f 134/138/134 127/130/127 126/129/126
f 127/130/127 134/138/134 135/139/135
f 135/139/135 128/131/128 127/130/127
f 128/131/128 135/139/135 136/140/136
f 136/140/136 129/132/129 128/131/128
f 129/132/129 136/140/136 137/141/137
f 137/141/137 130/133/130 129/132/129
f 130/133/130 137/141/137 138/142/138
f 138/142/138 131/134/131 130/133/130
f 131/134/131 138/142/138 139/143/139
f 139/143/139 132/135/132 131/134/131
f 132/135/132 139/143/139 140/144/140
f 140/144/140 40/136/40 132/135/132
f 40/136/40 140/144/140 50/145/50
f 51/51/51 133/137/133 41/41/41
f 133/137/133 51/51/51 141/146/141
f 141/146/141 134/138/134 133/137/133
f 134/138/134 141/146/141 142/147/142
f 142/147/142 135/139/135 134/138/134
f 135/139/135 142/147/142 143/148/143
f 143/148/143 136/140/136 135/139/135
f 136/140/136 143/148/143 144/149/144
f 144/149/144 137/141/137 136/140/136
f 137/141/137 144/149/144 145/150/145
f 145/150/145 138/142/138 137/141/137
f 138/142/138 145/150/145 146/151/146
f 146/151/146 139/143/139 138/142/138
f 139/143/139 146/151/146 147/152/147
f 147/152/147 140/144/140 139/143/139
f 140/144/140 147/152/147 148/153/148
f 148/153/148 50/145/50 140/144/140
f 50/145/50 148/153/148 60/154/60
f 61/61/61 141/146/141 51/51/51
f 141/146/141 61/61/61 149/155/149
f 149/155/149 142/147/142 141/146/141
f 142/147/142 149/155/149 150/156/150
f 150/156/150 143/148/143 142/147/142
f 143/148/143 150/156/150 151/157/151
f 151/157/151 144/149/144 143/148/143
f 144/149/144 151/157/151 152/158/152
f 152/158/152 145/150/145 144/149/144
f 145/150/145 152/158/152 153/159/153
f 153/159/153 146/151/146 145/150/145
f 146/151/146 153/159/153 154/160/154
f 154/160/154 147/152/147 146/151/146
f 147/152/147 154/160/154 155/161/155
f 155/161/155 148/153/148 147/152/147
f 148/153/148 155/161/155 156/162/156
f 156/162/156 60/154/60 148/153/148
f 60/154/60 156/162/156 70/163/70
f 71/71/71 149/155/149 61/61/61
f 149/155/149 71/71/71 157/164/157
f 157/164/157 150/156/150 149/155/149
f 150/156/150 157/164/157 158/165/158
f 158/165/158 151/157/151 150/156/150
f 151/157/151 158/165/158 159/166/159
f 159/166/159 152/158/152 151/157/151
f 152/158/152 159/166/159 160/167/160
f 160/167/160 153/159/153 152/158/152
f 153/159/153 160/167/160 161/168/161
f 161/168/161 154/160/154 153/159/153
f 154/160/154 161/168/161 162/169/162
f 162/169/162 155/161/155 154/160/154
f 155/161/155 162/169/162 163/170/163
f 163/170/163 156/162/156 155/161/155
f 156/162/156 163/170/163 164/171/164
f 164/171/164 70/163/70 156/162/156
f 70/163/70 164/171/164 80/172/80
f 81/81/81 157/164/157 71/71/71
f 157/164/157 81/81/81 165/173/165
f 165/173/165 158/165/158 157/164/157
f 158/165/158 165/173/165 166/174/166
f 166/174/166 159/166/159 158/165/158
f 159/166/159 166/174/166 167/175/167
f 167/175/167 160/167/160 159/166/159
f 160/167/160 167/175/167 168/176/168
f 168/176/168 161/168/161 160/167/160
f 161/168/161 168/176/168 169/177/169
f 169/177/169 162/169/162 161/168/161
f 162/169/162 169/177/169 170/178/170
f 170/178/170 163/170/163 162/169/162
f 163/170/163 170/178/170 171/179/171
f 171/179/171 164/171/164 163/170/163
f 164/171/164 171/179/171 172/180/172
f 172/180/172 80/172/80 164/171/164
f 80/172/80 172/180/172 90/181/90
f 91/91/91 165/173/165 81/81/81
f 165/173/165 91/91/91 173/182/173
f 173/182/173 166/174/166 165/173/165
f 166/174/166 173/182/173 174/183/174
f 174/183/174 167/175/167 166/174/166
f 167/175/167 174/183/174 175/184/175
f 175/184/175 168/176/168 167/175/167
f 168/176/168 175/184/175 176/185/176
f 176/185/176 169/177/169 168/176/168
f 169/177/169 176/185/176 177/186/177
f 177/186/177 170/178/170 169/177/169
f 170/178/170 177/186/177 178/187/178
f 178/187/178 171/179/171 170/178/170
f 171/179/171 178/187/178 179/188/179
f 179/188/179 172/180/172 171/179/171
f 172/180/172 179/188/179 180/189/180
f 180/189/180 90/181/90 172/180/172
f 90/181/90 180/189/180 100/190/100
f 92/92/92 181/191/181 91/91/91
f 181/191/181 92/92/92 182/192/182
f 93/93/93 182/192/182 92/92/92
f 182/192/182 93/93/93 183/193/183
f 94/94/94 183/193/183 93/93/93
f 183/193/183 94/94/94 184/194/184
f 95/95/95 184/194/184 94/94/94
f 184/194/184 95/95/95 185/195/185
f 96/96/96 185/195/185 95/95/95
f 185/195/185 96/96/96 186/196/186
f 97/97/97 186/196/186 96/96/96
f 186/196/186 97/97/97 187/197/187
f 98/98/98 187/197/187 97/97/97
f 187/197/187 98/98/98 188/198/188
f 99/99/99 188/198/188 98/98/98
f 188/198/188 99/99/99 189/199/189
f 100/100/100 189/199/189 99/99/99
f 189/199/189 100/100/100 190/200/190
f 182/192/182 191/201/191 181/191/181
f 191/201/191 182/192/182 192/202/192
f 183/193/183 192/202/192 182/192/182
f 192/202/192 183/193/183 193/203/193
f 184/194/184 193/203/193 183/193/183
f 193/203/193 184/194/184 194/204/194
f 185/195/185 194/204/194 184/194/184
f 194/204/194 185/195/185 195/205/195
f 186/196/186 195/205/195 185/195/185
f 195/205/195 186/196/186 196/206/196
f 187/197/187 196/206/196 186/196/186
f 196/206/196 187/197/187 197/207/197
f 188/198/188 197/207/197 187/197/187
f 197/207/197 188/198/188 198/208/198
f 189/199/189 198/208/198 188/198/188
f 198/208/198 189/199/189 199/209/199
f 190/200/190 199/209/199 189/199/189
f 199/209/199 190/200/190 200/210/200
f 192/202/192 201/211/201 191/201/191
f 201/211/201 192/202/192 202/212/202
f 193/203/193 202/212/202 192/202/192
f 202/212/202 193/203/193 203/213/203
f 194/204/194 203/213/203 193/203/193
f 203/213/203 194/204/194 204/214/204
f 195/205/195 204/214/204 194/204/194
f 204/214/204 195/205/195 205/215/205
f 196/206/196 205/215/205 195/205/195
f 205/215/205 196/206/196 206/216/206
f 197/207/197 206/216/206 196/206/196
f 206/216/206 197/207/197 207/217/207
f 198/208/198 207/217/207 197/207/197
f 207/217/207 198/208/198 208/218/208
f 199/209/199 208/218/208 198/208/198
f 208/218/208 199/209/199 209/219/209
f 200/210/200 209/219/209 199/209/199
f 209/219/209 200/210/200 210/220/210
f 202/212/202 211/221/211 201/211/201
f 211/221/211 202/212/202 212/222/212
f 203/213/203 212/222/212 202/212/202
f 212/222/212 203/213/203 213/223/213
f 204/214/204 213/223/213 203/213/203
f 213/223/213 204/214/204 214/224/214
f 205/215/205 214/224/214 204/214/204
f 214/224/214 205/215/205 215/225/215
f 206/216/206 215/225/215 205/215/205
f 215/225/215 206/216/206 216/226/216
f 207/217/207 216/226/216 206/216/206
f 216/226/216 207/217/207 217/227/217
f 208/218/208 217/227/217 207/217/207
f 217/227/217 208/218/208 218/228/218
f 209/219/209 218/228/218 208/218/208
f 218/228/218 209/219/209 219/229/219
f 210/220/210 219/229/219 209/219/209
f 219/229/219 210/220/210 220/230/220
f 212/222/212 221/231/221 211/221/211
f 221/231/221 212/222/212 222/232/222
f 213/223/213 222/232/222 212/222/212
f 222/232/222 213/223/213 223/233/223
f 214/224/214 223/233/223 213/223/213
f 223/233/223 214/224/214 224/234/224
f 215/225/215 224/234/224 214/224/214
f 224/234/224 215/225/215 225/235/225
f 216/226/216 225/235/225 215/225/215
f 225/235/225 216/226/216 226/236/226
f 217/227/217 226/236/226 216/226/216
f 226/236/226 217/227/217 227/237/227
f 218/228/218 227/237/227 217/227/217
f 227/237/227 218/228/218 228/238/228
f 219/229/219 228/238/228 218/228/218
f 228/238/228 219/229/219 229/239/229
f 220/230/220 229/239/229 219/229/219
f 229/239/229 220/230/220 230/240/230
f 222/232/222 231/241/231 221/231/221
f 231/241/231 222/232/222 232/242/232
f 223/233/223 232/242/232 222/232/222
f 232/242/232 223/233/223 233/243/233
f 224/234/224 233/243/233 223/233/223
f 233/243/233 224/234/224 234/244/234
f 225/235/225 234/244/234 224/234/224
f 234/244/234 225/235/225 235/245/235
f 226/236/226 235/245/235 225/235/225
f 235/245/235 226/236/226 236/246/236
f 227/237/227 236/246/236 226/236/226
f 236/246/236 227/237/227 237/247/237
f 228/238/228 237/247/237 227/237/227
f 237/247/237 228/238/228 238/248/238
f 229/239/229 238/248/238 228/238/228
f 238/248/238 229/239/229 239/249/239
f 230/240/230 239/249/239 229/239/229
f 239/249/239 230/240/230 240/250/240
f 232/242/232 241/251/241 231/241/231
f 241/251/241 232/242/232 242/252/242
f 233/243/233 242/252/242 232/242/232
f 242/252/242 233/243/233 243/253/243
f 234/244/234 243/253/243 233/243/233
f 243/253/243 234/244/234 244/254/244
f 235/245/235 244/254/244 234/244/234
f 244/254/244 235/245/235 245/255/245
f 236/246/236 245/255/245 235/245/235
f 245/255/245 236/246/236 246/256/246
f 237/247/237 246/256/246 236/246/236
f 246/256/246 237/247/237 247/257/247
f 238/248/238 247/257/247 237/247/237
f 247/257/247 238/248/238 248/258/248
f 239/249/239 248/258/248 238/248/238
f 248/258/248 239/249/239 249/259/249
f 240/250/240 249/259/249 239/249/239
f 249/259/249 240/250/240 250/260/250
f 242/252/242 251/261/251 241/251/241
f 251/261/251 242/252/242 252/262/252
f 243/253/243 252/262/252 242/252/242
f 252/262/252 243/253/243 253/263/253
f 244/254/244 253/263/253 243/253/243
f 253/263/253 244/254/244 254/264/254
f 245/255/245 254/264/254 244/254/244
f 254/264/254 245/255/245 255/265/255
f 246/256/246 255/265/255 245/255/245
f 255/265/255 246/256/246 256/266/256
f 247/257/247 256/266/256 246/256/246
f 256/266/256 247/257/247 257/267/257
f 248/258/248 257/267/257 247/257/247
f 257/267/257 248/258/248 258/268/258
f 249/259/249 258/268/258 248/258/248
f 258/268/258 249/259/249 259/269/259
f 250/260/250 259/269/259 249/259/249
f 259/269/259 250/260/250 260/270/260
f 252/262/252 261/271/261 251/261/251
f 261/271/261 252/262/252 262/272/262
f 253/263/253 262/272/262 252/262/252
f 262/272/262 253/263/253 263/273/263
f 254/264/254 263/273/263 253/263/253
f 263/273/263 254/264/254 264/274/264
f 255/265/255 264/274/264 254/264/254
f 264/274/264 255/265/255 265/275/265
f 256/266/256 265/275/265 255/265/255
f 265/275/265 256/266/256 266/276/266
f 257/267/257 266/276/266 256/266/256
f 266/276/266 257/267/257 267/277/267
f 258/268/258 267/277/267 257/267/257
f 267/277/267 258/268/258 268/278/268
f 259/269/259 268/278/268 258/268/258
f 268/278/268 259/269/259 269/279/269
f 260/270/260 269/279/269 259/269/259
f 269/279/269 260/270/260 270/280/270
f 181/191/181 173/182/173 91/91/91
f 173/182/173 181/191/181 271/281/271
f 271/281/271 174/183/174 173/182/173
f 174/183/174 271/281/271 272/282/272
f 272/282/272 175/184/175 174/183/174
f 175/184/175 272/282/272 273/283/273
f 273/283/273 176/185/176 175/184/175
f 176/185/176 273/283/273 274/284/274
f 274/284/274 177/186/177 176/185/176
f 177/186/177 274/284/274 275/285/275
f 275/285/275 178/187/178 177/186/177
f 178/187/178 275/285/275 276/286/276
f 276/286/276 179/188/179 178/187/178
f 179/188/179 276/286/276 277/287/277
f 277/287/277 180/189/180 179/188/179
f 180/189/180 277/287/277 278/288/278
f 278/288/278 100/190/100 180/189/180
f 100/190/100 278/288/278 190/289/190
f 191/201/191 271/281/271 181/191/181
f 271/281/271 191/201/191 279/290/279
f 279/290/279 272/282/272 271/281/271
f 272/282/272 279/290/279 280/291/280
f 280/291/280 273/283/273 272/282/272
f 273/283/273 280/291/280 281/292/281
f 281/292/281 274/284/274 273/283/273
f 274/284/274 281/292/281 282/293/282
f 282/293/282 275/285/275 274/284/274
f 275/285/275 282/293/282 283/294/283
f 283/294/283 276/286/276 275/285/275
f 276/286/276 283/294/283 284/295/284
f 284/295/284 277/287/277 276/286/276
f 277/287/277 284/295/284 285/296/285
f 285/296/285 278/288/278 277/287/277
f 278/288/278 285/296/285 286/297/286
f 286/297/286 190/289/190 278/288/278
f 190/289/190 286/297/286 200/298/200
f 201/211/201 279/290/279 191/201/191
f 279/290/279 201/211/201 287/299/287
f 287/299/287 280/291/280 279/290/279
f 280/291/280 287/299/287 288/300/288
f 288/300/288 281/292/281 280/291/280
f 281/292/281 288/300/288 289/301/289
f 289/301/289 282/293/282 281/292/281
f 282/293/282 289/301/289 290/302/290
f 290/302/290 283/294/283 282/293/282
f 283/294/283 290/302/290 291/303/291
f 291/303/291 284/295/284 283/294/283
f 284/295/284 291/303/291 292/304/292
f 292/304/292 285/296/285 284/295/284
f 285/296/285 292/304/292 293/305/293
f 293/305/293 286/297/286 285/296/285
f 286/297/286 293/305/293 294/306/294
f 294/306/294 200/298/200 286/297/286
f 200/298/200 294/306/294 210/307/210
f 211/221/211 287/299/287 201/211/201
f 287/299/287 211/221/211 295/308/295
f 295/308/295 288/300/288 287/299/287
f 288/300/288 295/308/295 296/309/296
f 296/309/296 289/301/289 288/300/288
f 289/301/289 296/309/296 297/310/297
f 297/310/297 290/302/290 289/301/289
f 290/302/290 297/310/297 298/311/298
f 298/311/298 291/303/291 290/302/290
f 291/303/291 298/311/298 299/312/299
f 299/312/299 292/304/292 291/303/291
f 292/304/292 299/312/299 300/313/300
f 300/313/300 293/305/293 292/304/292
f 293/305/293 300/313/300 301/314/301
f 301/314/301 294/306/294 293/305/293
f 294/306/294 301/314/301 302/315/302
f 302/315/302 210/307/210 294/306/294
f 210/307/210 302/315/302 220/316/220
f 221/231/221 295/308/295 211/221/211
f 295/308/295 221/231/221 303/317/303
f 303/317/303 296/309/296 295/308/295
f 296/309/296 303/317/303 304/318/304
f 304/318/304 297/310/297 296/309/296
f 297/310/297 304/318/304 305/319/305
f 305/319/305 298/311/298 297/310/297
f 298/311/298 305/319/305 306/320/306
f 306/320/306 299/312/299 298/311/298
f 299/312/299 306/320/306 307/321/307
f 307/321/307 300/313/300 299/312/299
f 300/313/300 307/321/307 308/322/308
f 308/322/308 301/314/301 300/313/300
f 301/314/301 308/322/308 309/323/309
f 309/323/309 302/315/302 301/314/301
f 302/315/302 309/323/309 310/324/310
f 310/324/310 220/316/220 302/315/302
f 220/316/220 310/324/310 230/325/230
f 231/241/231 303/317/303 221/231/221
f 303/317/303 231/241/231 311/326/311
f 311/326/311 304/318/304 303/317/303
f 304/318/304 311/326/311 312/327/312
f 312/327/312 305/319/305 304/318/304
f 305/319/305 312/327/312 313/328/313
f 313/328/313 306/320/306 305/319/305
f 306/320/306 313/328/313 314/329/314
f 314/329/314 307/321/307 306/320/306
f 307/321/307 314/329/314 315/330/315
f 315/330/315 308/322/308 307/321/307
f 308/322/308 315/330/315 316/331/316
f 316/331/316 309/323/309 308/322/308
f 309/323/309 316/331/316 317/332/317
f 317/332/317 310/324/310 309/323/309
f 310/324/310 317/332/317 318/333/318
f 318/333/318 230/325/230 310/324/310
f 230/325/230 318/333/318 240/334/240
f 241/251/241 311/326/311 231/241/231
f 311/326/311 241/251/241 319/335/319
f 319/335/319 312/327/312 311/326/311
f 312/327/312 319/335/319 320/336/320
f 320/336/320 313/328/313 312/327/312
f 313/328/313 320/336/320 321/337/321
f 321/337/321 314/329/314 313/328/313
f 314/329/314 321/337/321 322/338/322
f 322/338/322 315/330/315 314/329/314
f 315/330/315 322/338/322 323/339/323
f 323/339/323 316/331/316 315/330/315
f 316/331/316 323/339/323 324/340/324
f 324/340/324 317/332/317 316/331/316
f 317/332/317 324/340/324 325/341/325
f 325/341/325 318/333/318 317/332/317
f 318/333/318 325/341/325 326/342/326
f 326/342/326 240/334/240 318/333/318
f 240/334/240 326/342/326 250/343/250
f 251/261/251 319/335/319 241/251/241
f 319/335/319 251/261/251 327/344/327
f 327/344/327 320/336/320 319/335/319
f 320/336/320 327/344/327 328/345/328
f 328/345/328 321/337/321 320/336/320
f 321/337/321 328/345/328 329/346/329
f 329/346/329 322/338/322 321/337/321
f 322/338/322 329/346/329 330/347/330
f 330/347/330 323/339/323 322/338/322
f 323/339/323 330/347/330 331/348/331
f 331/348/331 324/340/324 323/339/323
f 324/340/324 331/348/331 332/349/332
f 332/349/332 325/341/325 324/340/324
f 325/341/325 332/349/332 333/350/333
f 333/350/333 326/342/326 325/341/325
f 326/342/326 333/350/333 334/351/334
f 334/351/334 250/343/250 326/342/326
f 250/343/250 334/351/334 260/352/260
f 261/271/261 327/344/327 251/261/251
f 327/344/327 261/271/261 335/353/335
f 335/353/335 328/345/328 327/344/327
f 328/345/328 335/353/335 336/354/336
f 336/354/336 329/346/329 328/345/328
f 329/346/329 336/354/336 337/355/337
f 337/355/337 330/347/330 329/346/329
f 330/347/330 337/355/337 338/356/338
f 338/356/338 331/348/331 330/347/330
f 331/348/331 338/356/338 339/357/339
f 339/357/339 332/349/332 331/348/331
f 332/349/332 339/357/339 340/358/340
f 340/358/340 333/350/333 332/349/332
f 333/350/333 340/358/340 341/359/341
f 341/359/341 334/351/334 333/350/333
f 334/351/334 341/359/341 342/360/342
f 342/360/342 260/352/260 334/351/334
f 260/352/260 342/360/342 270/361/270
f 344/363/344 353/372/353 343/362/343
f 353/372/353 344/363/344 354/373/354
f 345/364/345 354/373/354 344/363/344
f 354/373/354 345/364/345 355/374/355
f 346/365/346 355/374/355 345/364/345
f 355/374/355 346/365/346 356/375/356
f 347/366/347 356/375/356 346/365/346
f 356/375/356 347/366/347 357/376/357
f 348/367/348 357/376/357 347/366/347
f 357/376/357 348/367/348 358/377/358
f 349/368/349 358/377/358 348/367/348
f 358/377/358 349/368/349 359/378/359
f 350/369/350 359/378/359 349/368/349
f 359/378/359 350/369/350 360/379/360
f 351/370/351 360/379/360 350/369/350
f 360/379/360 351/370/351 361/380/361
f 352/371/352 361/380/361 351/370/351
f 361/380/361 352/371/352 362/381/362
f 354/373/354 363/382/363 353/372/353
f 363/382/363 354/373/354 364/383/364
f 355/374/355 364/383/364 354/373/354
f 364/383/364 355/374/355 365/384/365
f 356/375/356 365/384/365 355/374/355
f 365/384/365 356/375/356 366/385/366
f 357/376/357 366/385/366 356/375/356
f 366/385/366 357/376/357 367/386/367
f 358/377/358 367/386/367 357/376/357
f 367/386/367 358/377/358 368/387/368
f 359/378/359 368/387/368 358/377/358
f 368/387/368 359/378/359 369/388/369
f 360/379/360 369/388/369 359/378/359
f 369/388/369 360/379/360 370/389/370
f 361/380/361 370/389/370 360/379/360
f 370/389/370 361/380/361 371/390/371
f 362/381/362 371/390/371 361/380/361
f 371/390/371 362/381/362 372/391/372
f 364/383/364 373/392/373 363/382/363
f 373/392/373 364/383/364 374/393/374
f 365/384/365 374/393/374 364/383/364
f 374/393/374 365/384/365 375/394/375
f 366/385/366 375/394/375 365/384/365
f 375/394/375 366/385/366 376/395/376
f 367/386/367 376/395/376 366/385/366
f 376/395/376 367/386/367 377/396/377
f 368/387/368 377/396/377 367/386/367
f 377/396/377 368/387/368 378/397/378
f 369/388/369 378/397/378 368/387/368
f 378/397/378 369/388/369 379/398/379
f 370/389/370 379/398/379 369/388/369
f 379/398/379 370/389/370 380/399/380
f 371/390/371 380/399/380 370/389/370
f 380/399/380 371/390/371 381/400/381
f 372/391/372 381/400/381 371/390/371
f 381/400/381 372/391/372 382/401/382
f 374/393/374 383/402/383 373/392/373
f 383/402/383 374/393/374 384/403/384
f 375/394/375 384/403/384 374/393/374
f 384/403/384 375/394/375 385/404/385
f 376/395/376 385/404/385 375/394/375
f 385/404/385 376/395/376 386/405/386
f 377/396/377 386/405/386 376/395/376
f 386/405/386 377/396/377 387/406/387
f 378/397/378 387/406/387 377/396/377
f 387/406/387 378/397/378 388/407/388
f 379/398/379 388/407/388 378/397/378
f 388/407/388 379/398/379 389/408/389
f 380/399/380 389/408/389 379/398/379
f 389/408/389 380/399/380 390/409/390
f 381/400/381 390/409/390 380/399/380
f 390/409/390 381/400/381 391/410/391
f 382/401/382 391/410/391 381/400/381
f 391/410/391 382/401/382 392/411/392
f 384/403/384 393/412/393 383/402/383
f 393/412/393 384/403/384 394/413/394
f 385/404/385 394/413/394 384/403/384
f 394/413/394 385/404/385 395/414/395
f 386/405/386 395/414/395 385/404/385
f 395/414/395 386/405/386 396/415/396
f 387/406/387 396/415/396 386/405/386
f 396/415/396 387/406/387 397/416/397
f 388/407/388 397/416/397 387/406/387
f 397/416/397 388/407/388 398/417/398
f 389/408/389 398/417/398 388/407/388
f 398/417/398 389/408/389 399/418/399
f 390/409/390 399/418/399 389/408/389
f 399/418/399 390/409/390 400/419/400
f 391/410/391 400/419/400 390/409/390
f 400/419/400 391/410/391 401/420/401
f 392/411/392 401/420/401 391/410/391
f 401/420/401 392/411/392 402/421/402
f 394/413/394 403/422/403 393/412/393
f 403/422/403 394/413/394 404/423/404
f 395/414/395 404/423/404 394/413/394
f 404/423/404 395/414/395 405/424/405
f 396/415/396 405/424/405 395/414/395
f 405/424/405 396/415/396 406/425/406
f 397/416/397 406/425/406 396/415/396
f 406/425/406 397/416/397 407/426/407
f 398/417/398 407/426/407 397/416/397
f 407/426/407 398/417/398 408/427/408
f 399/418/399 408/427/408 398/417/398
f 408/427/408 399/418/399 409/428/409
f 400/419/400 409/428/409 399/418/399
f 409/428/409 400/419/400 410/429/410
f 401/420/401 410/429/410 400/419/400
f 410/429/410 401/420/401 411/430/411
f 402/421/402 411/430/411 401/420/401
f 411/430/411 402/421/402 412/431/412
f 404/423/404 413/432/413 403/422/403
f 413/432/413 404/423/404 414/433/414
f 405/424/405 414/433/414 404/423/404
f 414/433/414 405/424/405 415/434/415
f 406/425/406 415/434/415 405/424/405
f 415/434/415 406/425/406 416/435/416
f 407/426/407 416/435/416 406/425/406
f 416/435/416 407/426/407 417/436/417
f 408/427/408 417/436/417 407/426/407
f 417/436/417 408/427/408 418/437/418
f 409/428/409 418/437/418 408/427/408
f 418/437/418 409/428/409 419/438/419
f 410/429/410 419/438/419 409/428/409
f 419/438/419 410/429/410 420/439/420
f 411/430/411 420/439/420 410/429/410
f 420/439/420 411/430/411 421/440/421
f 412/431/412 421/440/421 411/430/411
f 421/440/421 412/431/412 422/441/422
f 414/433/414 423/442/423 413/432/413
f 423/442/423 414/433/414 424/443/424
f 415/434/415 424/443/424 414/433/414
f 424/443/424 415/434/415 425/444/425
f 416/435/416 425/444/425 415/434/415
f 425/444/425 416/435/416 426/445/426
f 417/436/417 426/445/426 416/435/416
f 426/445/426 417/436/417 427/446/427
f 418/437/418 427/446/427 417/436/417
f 427/446/427 418/437/418 428/447/428
f 419/438/419 428/447/428 418/437/418
f 428/447/428 419/438/419 429/448/429
f 420/439/420 429/448/429 419/438/419
f 429/448/429 420/439/420 430/449/430
f 421/440/421 430/449/430 420/439/420
f 430/449/430 421/440/421 431/450/431
f 422/441/422 431/450/431 421/440/421
f 431/450/431 422/441/422 432/451/432
f 424/443/424 433/452/433 423/442/423
f 433/452/433 424/443/424 434/453/434
f 425/444/425 434/453/434 424/443/424
f 434/453/434 425/444/425 435/454/435
f 426/445/426 435/454/435 425/444/425
f 435/454/435 426/445/426 436/455/436
f 427/446/427 436/455/436 426/445/426
f 436/455/436 427/446/427 437/456/437
f 428/447/428 437/456/437 427/446/427
f 437/456/437 428/447/428 438/457/438
f 429/448/429 438/457/438 428/447/428
f 438/457/438 429/448/429 439/458/439
f 430/449/430 439/458/439 429/448/429
f 439/458/439 430/449/430 440/459/440
f 431/450/431 440/459/440 430/449/430
f 440/459/440 431/450/431 441/460/441
f 432/451/432 441/460/441 431/450/431
f 441/460/441 432/451/432 442/461/442
f 353/471/353 443/463/443 343/462/343
f 443/463/443 353/471/353 451/472/451
f 451/472/451 444/464/444 443/463/443
f 444/464/444 451/472/451 452/473/452
f 452/473/452 445/465/445 444/464/444
f 445/465/445 452/473/452 453/474/453
f 453/474/453 446/466/446 445/465/445
f 446/466/446 453/474/453 454/475/454
f 454/475/454 447/467/447 446/466/446
f 447/467/447 454/475/454 455/476/455
f 455/476/455 448/468/448 447/467/447
f 448/468/448 455/476/455 456/477/456
f 456/477/456 449/469/449 448/468/448
f 449/469/449 456/477/456 457/478/457
f 457/478/457 450/470/450 449/469/449
f 450/470/450 457/478/457 458/479/458
f 458/479/458 352/371/352 450/470/450
f 352/371/352 458/479/458 362/381/362
f 363/480/363 451/472/451 353/471/353
f 451/472/451 363/480/363 459/481/459
f 459/481/459 452/473/452 451/472/451
f 452/473/452 459/481/459 460/482/460
f 460/482/460 453/474/453 452/473/452
f 453/474/453 460/482/460 461/483/461
f 461/483/461 454/475/454 453/474/453
f 454/475/454 461/483/461 462/484/462
f 462/484/462 455/476/455 454/475/454
f 455/476/455 462/484/462 463/485/463
f 463/485/463 456/477/456 455/476/455
f 456/477/456 463/485/463 464/486/464
f 464/486/464 457/478/457 456/477/456
f 457/478/457 464/486/464 465/487/465
f 465/487/465 458/479/458 457/478/457
f 458/479/458 465/487/465 466/488/466
f 466/488/466 362/381/362 458/479/458
f 362/381/362 466/488/466 372/391/372
f 373/489/373 459/481/459 363/480/363
f 459/481/459 373/489/373 467/490/467
f 467/490/467 460/482/460 459/481/459
f 460/482/460 467/490/467 468/491/468
f 468/491/468 461/483/461 460/482/460
f 461/483/461 468/491/468 469/492/469
f 469/492/469 462/484/462 461/483/461
f 462/484/462 469/492/469 470/493/470
f 470/493/470 463/485/463 462/484/462
f 463/485/463 470/493/470 471/494/471
f 471/494/471 464/486/464 463/485/463
f 464/486/464 471/494/471 472/495/472
f 472/495/472 465/487/465 464/486/464
f 465/487/465 472/495/472 473/496/473
f 473/496/473 466/488/466 465/487/465
f 466/488/466 473/496/473 474/497/474
f 474/497/474 372/391/372 466/488/466
f 372/391/372 474/497/474 382/401/382
f 383/498/383 467/490/467 373/489/373
f 467/490/467 383/498/383 475/499/475
f 475/499/475 468/491/468 467/490/467
f 468/491/468 475/499/475 476/500/476
f 476/500/476 469/492/469 468/491/468
f 469/492/469 476/500/476 477/501/477
f 477/501/477 470/493/470 469/492/469
f 470/493/470 477/501/477 478/502/478
f 478/502/478 471/494/471 470/493/470
f 471/494/471 478/502/478 479/503/479
f 479/503/479 472/495/472 471/494/471
f 472/495/472 479/503/479 480/504/480
f 480/504/480 473/496/473 472/495/472
f 473/496/473 480/504/480 481/505/481
f 481/505/481 474/497/474 473/496/473
f 474/497/474 481/505/481 482/506/482
f 482/506/482 382/401/382 474/497/474
f 382/401/382 482/506/482 392/411/392
f 393/507/393 475/499/475 383/498/383
f 475/499/475 393/507/393 483/508/483
f 483/508/483 476/500/476 475/499/475
f 476/500/476 483/508/483 484/509/484
f 484/509/484 477/501/477 476/500/476
f 477/501/477 484/509/484 485/510/485
f 485/510/485 478/502/478 477/501/477
f 478/502/478 485/510/485 486/511/486
f 486/511/486 479/503/479 478/502/478
f 479/503/479 486/511/486 487/512/487
f 487/512/487 480/504/480 479/503/479
f 480/504/480 487/512/487 488/513/488
f 488/513/488 481/505/481 480/504/480
f 481/505/481 488/513/488 489/514/489
f 489/514/489 482/506/482 481/505/481
f 482/506/482 489/514/489 490/515/490
f 490/515/490 392/411/392 482/506/482
f 392/411/392 490/515/490 402/421/402
f 403/516/403 483/508/483 393/507/393
f 483/508/483 403/516/403 491/517/491
f 491/517/491 484/509/484 483/508/483
f 484/509/484 491/517/491 492/518/492
f 492/518/492 485/510/485 484/509/484
f 485/510/485 492/518/492 493/519/493
f 493/519/493 486/511/486 485/510/485
f 486/511/486 493/519/493 494/520/494
f 494/520/494 487/512/487 486/511/486
f 487/512/487 494/520/494 495/521/495
f 495/521/495 488/513/488 487/512/487
f 488/513/488 495/521/495 496/522/496
f 496/522/496 489/514/489 488/513/488
f 489/514/489 496/522/496 497/523/497
f 497/523/497 490/515/490 489/514/489
f 490/515/490 497/523/497 498/524/498
f 498/524/498 402/421/402 490/515/490
f 402/421/402 498/524/498 412/431/412
f 413/525/413 491/517/491 403/516/403
f 491/517/491 413/525/413 499/526/499
f 499/526/499 492/518/492 491/517/491
f 492/518/492 499/526/499 500/527/500
f 500/527/500 493/519/493 492/518/492
f 493/519/493 500/527/500 501/528/501
f 501/528/501 494/520/494 493/519/493
f 494/520/494 501/528/501 502/529/502
f 502/529/502 495/521/495 494/520/494
f 495/521/495 502/529/502 503/530/503
f 503/530/503 496/522/496 495/521/495
f 496/522/496 503/530/503 504/531/504
f 504/531/504 497/523/497 496/522/496
f 497/523/497 504/531/504 505/532/505
f 505/532/505 498/524/498 497/523/497
f 498/524/498 505/532/505 506/533/506
f 506/533/506 412/431/412 498/524/498
f 412/431/412 506/533/506 422/441/422
f 423/534/423 499/526/499 413/525/413
f 499/526/499 423/534/423 507/535/507
f 507/535/507 500/527/500 499/526/499
f 500/527/500 507/535/507 508/536/508
f 508/536/508 501/528/501 500/527/500
f 501/528/501 508/536/508 509/537/509
f 509/537/509 502/529/502 501/528/501
f 502/529/502 509/537/509 510/538/510
f 510/538/510 503/530/503 502/529/502
f 503/530/503 510/538/510 511/539/511
f 511/539/511 504/531/504 503/530/503
f 504/531/504 511/539/511 512/540/512
f 512/540/512 505/532/505 504/531/504
f 505/532/505 512/540/512 513/541/513
f 513/541/513 506/533/506 505/532/505
f 506/533/506 513/541/513 514/542/514
f 514/542/514 422/441/422 506/533/506
f 422/441/422 514/542/514 432/451/432
f 433/543/433 507/535/507 423/534/423
f 507/535/507 433/543/433 515/544/515
f 515/544/515 508/536/508 507/535/507
f 508/536/508 515/544/515 516/545/516
f 516/545/516 509/537/509 508/536/508
f 509/537/509 516/545/516 517/546/517
f 517/546/517 510/538/510 509/537/509
f 510/538/510 517/546/517 518/547/518
f 518/547/518 511/539/511 510/538/510
f 511/539/511 518/547/518 519/548/519
f 519/548/519 512/540/512 511/539/511
f 512/540/512 519/548/519 520/549/520
f 520/549/520 513/541/513 512/540/512
f 513/541/513 520/549/520 521/550/521
f 521/550/521 514/542/514 513/541/513
f 514/542/514 521/550/521 522/551/522
f 522/551/522 432/451/432 514/542/514
f 432/451/432 522/551/522 442/461/442
f 434/453/434 523/552/523 433/452/433
f 523/552/523 434/453/434 524/553/524
f 435/454/435 524/553/524 434/453/434
f 524/553/524 435/454/435 525/554/525
f 436/455/436 525/554/525 435/454/435
f 525/554/525 436/455/436 526/555/526
f 437/456/437 526/555/526 436/455/436
f 526/555/526 437/456/437 527/556/527
f 438/457/438 527/556/527 437/456/437
f 527/556/527 438/457/438 528/557/528
f 439/458/439 528/557/528 438/457/438
f 528/557/528 439/458/439 529/558/529
f 440/459/440 529/558/529 439/458/439
f 529/558/529 440/459/440 530/559/530
f 441/460/441 530/559/530 440/459/440
f 530/559/530 441/460/441 531/560/531
f 442/461/442 531/560/531 441/460/441
f 531/560/531 442/461/442 532/561/532
f 524/553/524 533/562/533 523/552/523
f 533/562/533 524/553/524 534/563/534
f 525/554/525 534/563/534 524/553/524
f 534/563/534 525/554/525 535/564/535
f 526/555/526 535/564/535 525/554/525
f 535/564/535 526/555/526 536/565/536
f 527/556/527 536/565/536 526/555/526
f 536/565/536 527/556/527 537/566/537
f 528/557/528 537/566/537 527/556/527
f 537/566/537 528/557/528 538/567/538
f 529/558/529 538/567/538 528/557/528
f 538/567/538 529/558/529 539/568/539
f 530/559/530 539/568/539 529/558/529
f 539/568/539 530/559/530 540/569/540
f 531/560/531 540/569/540 530/559/530
f 540/569/540 531/560/531 541/570/541
f 532/561/532 541/570/541 531/560/531
f 541/570/541 532/561/532 542/571/542
f 534/563/534 543/572/543 533/562/533
f 543/572/543 534/563/534 544/573/544
f 535/564/535 544/573/544 534/563/534
f 544/573/544 535/564/535 545/574/545
f 536/565/536 545/574/545 535/564/535
f 545/574/545 536/565/536 546/575/546
f 537/566/537 546/575/546 536/565/536
f 546/575/546 537/566/537 547/576/547
f 538/567/538 547/576/547 537/566/537
f 547/576/547 538/567/538 548/577/548
f 539/568/539 548/577/548 538/567/538
f 548/577/548 539/568/539 549/578/549
f 540/569/540 549/578/549 539/568/539
f 549/578/549 540/569/540 550/579/550
f 541/570/541 550/579/550 540/569/540
f 550/579/550 541/570/541 551/580/551
f 542/571/542 551/580/551 541/570/541
f 551/580/551 542/571/542 552/581/552
f 544/573/544 553/582/553 543/572/543
f 553/582/553 544/573/544 554/583/554
f 545/574/545 554/583/554 544/573/544
f 554/583/554 545/574/545 555/584/555
f 546/575/546 555/584/555 545/574/545
f 555/584/555 546/575/546 556/585/556
f 547/576/547 556/585/556 546/575/546
f 556/585/556 547/576/547 557/586/557
f 548/577/548 557/586/557 547/576/547
f 557/586/557 548/577/548 558/587/558
f 549/578/549 558/587/558 548/577/548
f 558/587/558 549/578/549 559/588/559
f 550/579/550 559/588/559 549/578/549
f 559/588/559 550/579/550 560/589/560
f 551/580/551 560/589/560 550/579/550
f 560/589/560 551/580/551 561/590/561
f 552/581/552 561/590/561 551/580/551
f 561/590/561 552/581/552 562/591/562
f 554/583/554 563/592/563 553/582/553
f 563/592/563 554/583/554 564/593/564
f 555/584/555 564/593/564 554/583/554
f 564/593/564 555/584/555 565/594/565
f 556/585/556 565/594/565 555/584/555
f 565/594/565 556/585/556 566/595/566
f 557/586/557 566/595/566 556/585/556
f 566/595/566 557/586/557 567/596/567
f 558/587/558 567/596/567 557/586/557
f 567/596/567 558/587/558 568/597/568
f 559/588/559 568/597/568 558/587/558
f 568/597/568 559/588/559 569/598/569
f 560/589/560 569/598/569 559/588/559
f 569/598/569 560/589/560 570/599/570
f 561/590/561 570/599/570 560/589/560
f 570/599/570 561/590/561 571/600/571
f 562/591/562 571/600/571 561/590/561
f 571/600/571 562/591/562 572/601/572
f 564/593/564 573/602/573 563/592/563
f 573/602/573 564/593/564 574/603/574
f 565/594/565 574/603/574 564/593/564
f 574/603/574 565/594/565 575/604/575
f 566/595/566 575/604/575 565/594/565
f 575/604/575 566/595/566 576/605/576
f 567/596/567 576/605/576 566/595/566
f 576/605/576 567/596/567 577/606/577
f 568/597/568 577/606/577 567/596/567
f 577/606/577 568/597/568 578/607/578
f 569/598/569 578/607/578 568/597/568
f 578/607/578 569/598/569 579/608/579
f 570/599/570 579/608/579 569/598/569
f 579/608/579 570/599/570 580/609/580
f 571/600/571 580/609/580 570/599/570
f 580/609/580 571/600/571 581/610/581
f 572/601/572 581/610/581 571/600/571
f 581/610/581 572/601/572 582/611/582
f 574/603/574 583/612/583 573/602/573
f 583/612/583 574/603/574 584/613/584
f 575/604/575 584/613/584 574/603/574
f 584/613/584 575/604/575 585/614/585
f 576/605/576 585/614/585 575/604/575
f 585/614/585 576/605/576 586/615/586
f 577/606/577 586/615/586 576/605/576
f 586/615/586 577/606/577 587/616/587
f 578/607/578 587/616/587 577/606/577
f 587/616/587 578/607/578 588/617/588
f 579/608/579 588/617/588 578/607/578
f 588/617/588 579/608/579 589/618/589
f 580/609/580 589/618/589 579/608/579
f 589/618/589 580/609/580 590/619/590
f 581/610/581 590/619/590 580/609/580
f 590/619/590 581/610/581 591/620/591
f 582/611/582 591/620/591 581/610/581
f 591/620/591 582/611/582 592/621/592
f 584/613/584 593/622/593 583/612/583
f 593/622/593 584/613/584 594/623/594
f 585/614/585 594/623/594 584/613/584
f 594/623/594 585/614/585 595/624/595
f 586/615/586 595/624/595 585/614/585
f 595/624/595 586/615/586 596/625/596
f 587/616/587 596/625/596 586/615/586
f 596/625/596 587/616/587 597/626/597
f 588/617/588 597/626/597 587/616/587
f 597/626/597 588/617/588 598/627/598
f 589/618/589 598/627/598 588/617/588
f 598/627/598 589/618/589 599/628/599
f 590/619/590 599/628/599 589/618/589
f 599/628/599 590/619/590 600/629/600
f 591/620/591 600/629/600 590/619/590
f 600/629/600 591/620/591 601/630/601
f 592/621/592 601/630/601 591/620/591
f 601/630/601 592/621/592 602/631/602
f 594/623/594 603/632/603 593/622/593
f 603/632/603 594/623/594 604/633/604
f 595/624/595 604/633/604 594/623/594
f 604/633/604 595/624/595 605/634/605
f 596/625/596 605/634/605 595/624/595
f 605/634/605 596/625/596 606/635/606
f 597/626/597 606/635/606 596/625/596
f 606/635/606 597/626/597 607/636/607
f 598/627/598 607/636/607 597/626/597
f 607/636/607 598/627/598 608/637/608
f 599/628/599 608/637/608 598/627/598
f 608/637/608 599/628/599 609/638/609
f 600/629/600 609/638/609 599/628/599
f 609/638/609 600/629/600 610/639/610
f 601/630/601 610/639/610 600/629/600
f 610/639/610 601/630/601 611/640/611
f 602/631/602 611/640/611 601/630/601
f 611/640/611 602/631/602 612/641/612
f 523/642/523 515/544/515 433/543/433
f 515/544/515 523/642/523 613/643/613
f 613/643/613 516/545/516 515/544/515
f 516/545/516 613/643/613 614/644/614
f 614/644/614 517/546/517 516/545/516
f 517/546/517 614/644/614 615/645/615
f 615/645/615 518/547/518 517/546/517
f 518/547/518 615/645/615 616/646/616
f 616/646/616 519/548/519 518/547/518
f 519/548/519 616/646/616 617/647/617
f 617/647/617 520/549/520 519/548/519
f 520/549/520 617/647/617 618/648/618
f 618/648/618 521/550/521 520/549/520
f 521/550/521 618/648/618 619/649/619
f 619/649/619 522/551/522 521/550/521
f 522/551/522 619/649/619 620/650/620
f 620/650/620 442/461/442 522/551/522
f 442/461/442 620/650/620 532/561/532
f 533/651/533 613/643/613 523/642/523
f 613/643/613 533/651/533 621/652/621
f 621/652/621 614/644/614 613/643/613
f 614/644/614 621/652/621 622/653/622
f 622/653/622 615/645/615 614/644/614
f 615/645/615 622/653/622 623/654/623
f 623/654/623 616/646/616 615/645/615
f 616/646/616 623/654/623 624/655/624
f 624/655/624 617/647/617 616/646/616
f 617/647/617 624/655/624 625/656/625
f 625/656/625 618/648/618 617/647/617
f 618/648/618 625/656/625 626/657/626
f 626/657/626 619/649/619 618/648/618
f 619/649/619 626/657/626 627/658/627
f 627/658/627 620/650/620 619/649/619
f 620/650/620 627/658/627 628/659/628
f 628/659/628 532/561/532 620/650/620
f 532/561/532 628/659/628 542/571/542
f 543/660/543 621/652/621 533/651/533
f 621/652/621 543/660/543 629/661/629
f 629/661/629 622/653/622 621/652/621
f 622/653/622 629/661/629 630/662/630
f 630/662/630 623/654/623 622/653/622
f 623/654/623 630/662/630 631/663/631
f 631/663/631 624/655/624 623/654/623
f 624/655/624 631/663/631 632/664/632
f 632/664/632 625/656/625 624/655/624
f 625/656/625 632/664/632 633/665/633
f 633/665/633 626/657/626 625/656/625
f 626/657/626 633/665/633 634/666/634
f 634/666/634 627/658/627 626/657/626
f 627/658/627 634/666/634 635/667/635
f 635/667/635 628/659/628 627/658/627
f 628/659/628 635/667/635 636/668/636
f 636/668/636 542/571/542 628/659/628
f 542/571/542 636/668/636 552/581/552
f 553/669/553 629/661/629 543/660/543
f 629/661/629 553/669/553 637/670/637
f 637/670/637 630/662/630 629/661/629
f 630/662/630 637/670/637 638/671/638
f 638/671/638 631/663/631 630/662/630
f 631/663/631 638/671/638 639/672/639
f 639/672/639 632/664/632 631/663/631
f 632/664/632 639/672/639 640/673/640
f 640/673/640 633/665/633 632/664/632
f 633/665/633 640/673/640 641/674/641
f 641/674/641 634/666/634 633/665/633
f 634/666/634 641/674/641 642/675/642
f 642/675/642 635/667/635 634/666/634
f 635/667/635 642/675/642 643/676/643
f 643/676/643 636/668/636 635/667/635
f 636/668/636 643/676/643 644/677/644
f 644/677/644 552/581/552 636/668/636
f 552/581/552 644/677/644 562/591/562
f 563/678/563 637/670/637 553/669/553
f 637/670/637 563/678/563 645/679/645
f 645/679/645 638/671/638 637/670/637
f 638/671/638 645/679/645 646/680/646
f 646/680/646 639/672/639 638/671/638
f 639/672/639 646/680/646 647/681/647
f 647/681/647 640/673/640 639/672/639
f 640/673/640 647/681/647 648/682/648
f 648/682/648 641/674/641 640/673/640
f 641/674/641 648/682/648 649/683/649
f 649/683/649 642/675/642 641/674/641
f 642/675/642 649/683/649 650/684/650
f 650/684/650 643/676/643 642/675/642
f 643/676/643 650/684/650 651/685/651
f 651/685/651 644/677/644 643/676/643
f 644/677/644 651/685/651 652/686/652
f 652/686/652 562/591/562 644/677/644
f 562/591/562 652/686/652 572/601/572
f 573/687/573 645/679/645 563/678/563
f 645/679/645 573/687/573 653/688/653
f 653/688/653 646/680/646 645/679/645
f 646/680/646 653/688/653 654/689/654
f 654/689/654 647/681/647 646/680/646
f 647/681/647 654/689/654 655/690/655
f 655/690/655 648/682/648 647/681/647
f 648/682/648 655/690/655 656/691/656
f 656/691/656 649/683/649 648/682/648
f 649/683/649 656/691/656 657/692/657
f 657/692/657 650/684/650 649/683/649
f 650/684/650 657/692/657 658/693/658
f 658/693/658 651/685/651 650/684/650
f 651/685/651 658/693/658 659/694/659
f 659/694/659 652/686/652 651/685/651
f 652/686/652 659/694/659 660/695/660
f 660/695/660 572/601/572 652/686/652
f 572/601/572 660/695/660 582/611/582
f 583/696/583 653/688/653 573/687/573
f 653/688/653 583/696/583 661/697/661
f 661/697/661 654/689/654 653/688/653
f 654/689/654 661/697/661 662/698/662
f 662/698/662 655/690/655 654/689/654
f 655/690/655 662/698/662 663/699/663
f 663/699/663 656/691/656 655/690/655
f 656/691/656 663/699/663 664/700/664
f 664/700/664 657/692/657 656/691/656
f 657/692/657 664/700/664 665/701/665
f 665/701/665 658/693/658 657/692/657
f 658/693/658 665/701/665 666/702/666
f 666/702/666 659/694/659 658/693/658
f 659/694/659 666/702/666 667/703/667
f 667/703/667 660/695/660 659/694/659
f 660/695/660 667/703/667 668/704/668
f 668/704/668 582/611/582 660/695/660
f 582/611/582 668/704/668 592/621/592
f 593/705/593 661/697/661 583/696/583
f 661/697/661 593/705/593 669/706/669
f 669/706/669 662/698/662 661/697/661
f 662/698/662 669/706/669 670/707/670
f 670/707/670 663/699/663 662/698/662
f 663/699/663 670/707/670 671/708/671
f 671/708/671 664/700/664 663/699/663
f 664/700/664 671/708/671 672/709/672
f 672/709/672 665/701/665 664/700/664
f 665/701/665 672/709/672 673/710/673
f 673/710/673 666/702/666 665/701/665
f 666/702/666 673/710/673 674/711/674
f 674/711/674 667/703/667 666/702/666
f 667/703/667 674/711/674 675/712/675
f 675/712/675 668/704/668 667/703/667
f 668/704/668 675/712/675 676/713/676
f 676/713/676 592/621/592 668/704/668
f 592/621/592 676/713/676 602/631/602
f 603/714/603 669/706/669 593/705/593
f 669/706/669 603/714/603 677/715/677
f 677/715/677 670/707/670 669/706/669
f 670/707/670 677/715/677 678/716/678
f 678/716/678 671/708/671 670/707/670
f 671/708/671 678/716/678 679/717/679
f 679/717/679 672/709/672 671/708/671
f 672/709/672 679/717/679 680/718/680
f 680/718/680 673/710/673 672/709/672
f 673/710/673 680/718/680 681/719/681
f 681/719/681 674/711/674 673/710/673
f 674/711/674 681/719/681 682/720/682
f 682/720/682 675/712/675 674/711/674
f 675/712/675 682/720/682 683/721/683
f 683/721/683 676/713/676 675/712/675
f 676/713/676 683/721/683 684/722/684
f 684/722/684 602/631/602 676/713/676
f 602/631/602 684/722/684 612/641/612
f 685/723/685 687/725/687 686/724/686
f 685/723/685 688/726/688 687/725/687
f 685/723/685 689/727/689 688/726/688
f 685/723/685 690/728/690 689/727/689
f 685/723/685 691/729/691 690/728/690
f 685/723/685 692/730/692 691/729/691
f 685/723/685 693/731/693 692/730/692
f 685/723/685 694/732/694 693/731/693
f 685/723/685 695/733/695 694/732/694
f 687/725/687 696/734/696 686/724/686
f 696/734/696 687/725/687 697/735/697
f 688/726/688 697/735/697 687/725/687
f 697/735/697 688/726/688 698/736/698
f 689/727/689 698/736/698 688/726/688
f 698/736/698 689/727/689 699/737/699
f 690/728/690 699/737/699 689/727/689
f 699/737/699 690/728/690 700/738/700
f 691/729/691 700/738/700 690/728/690
f 700/738/700 691/729/691 701/739/701
f 692/730/692 701/739/701 691/729/691
f 701/739/701 692/730/692 702/740/702
f 693/731/693 702/740/702 692/730/692
f 702/740/702 693/731/693 703/741/703
f 694/732/694 703/741/703 693/731/693
f 703/741/703 694/732/694 704/742/704
f 695/733/695 704/742/704 694/732/694
f 704/742/704 695/733/695 705/743/705
f 697/735/697 706/744/706 696/734/696
f 706/744/706 697/735/697 707/745/707
f 698/736/698 707/745/707 697/735/697
f 707/745/707 698/736/698 708/746/708
f 699/737/699 708/746/708 698/736/698
f 708/746/708 699/737/699 709/747/709
f 700/738/700 709/747/709 699/737/699
f 709/747/709 700/738/700 710/748/710
f 701/739/701 710/748/710 700/738/700
f 710/748/710 701/739/701 711/749/711
f 702/740/702 711/749/711 701/739/701
f 711/749/711 702/740/702 712/750/712
f 703/741/703 712/750/712 702/740/702
f 712/750/712 703/741/703 713/751/713
f 704/742/704 713/751/713 703/741/703
f 713/751/713 704/742/704 714/752/714
f 705/743/705 714/752/714 704/742/704
f 714/752/714 705/743/705 715/753/715
f 707/745/707 716/754/716 706/744/706
f 716/754/716 707/745/707 717/755/717
f 708/746/708 717/755/717 707/745/707
f 717/755/717 708/746/708 718/756/718
f 709/747/709 718/756/718 708/746/708
f 718/756/718 709/747/709 719/757/719
f 710/748/710 719/757/719 709/747/709
f 719/757/719 710/748/710 720/758/720
f 711/749/711 720/758/720 710/748/710
f 720/758/720 711/749/711 721/759/721
f 712/750/712 721/759/721 711/749/711
f 721/759/721 712/750/712 722/760/722
f 713/751/713 722/760/722 712/750/712
f 722/760/722 713/751/713 723/761/723
f 714/752/714 723/761/723 713/751/713
f 723/761/723 714/752/714 724/762/724
f 715/753/715 724/762/724 714/752/714
f 724/762/724 715/753/715 725/763/725
f 717/755/717 726/764/726 716/754/716
f 726/764/726 717/755/717 727/765/727
f 718/756/718 727/765/727 717/755/717
f 727/765/727 718/756/718 728/766/728
f 719/757/719 728/766/728 718/756/718
f 728/766/728 719/757/719 729/767/729
f 720/758/720 729/767/729 719/757/719
f 729/767/729 720/758/720 730/768/730
f 721/759/721 730/768/730 720/758/720
f 730/768/730 721/759/721 731/769/731
f 722/760/722 731/769/731 721/759/721
f 731/769/731 722/760/722 732/770/732
f 723/761/723 732/770/732 722/760/722
f 732/770/732 723/761/723 733/771/733
f 724/762/724 733/771/733 723/761/723
f 733/771/733 724/762/724 734/772/734
f 725/763/725 734/772/734 724/762/724
f 734/772/734 725/763/725 735/773/735
f 727/765/727 736/774/736 726/764/726
f 736/774/736 727/765/727 737/775/737
f 728/766/728 737/775/737 727/765/727
f 737/775/737 728/766/728 738/776/738
f 729/767/729 738/776/738 728/766/728
f 738/776/738 729/767/729 739/777/739
f 730/768/730 739/777/739 729/767/729
f 739/777/739 730/768/730 740/778/740
f 731/769/731 740/778/740 730/768/730
f 740/778/740 731/769/731 741/779/741
f 732/770/732 741/779/741 731/769/731
f 741/779/741 732/770/732 742/780/742
f 733/771/733 742/780/742 732/770/732
f 742/780/742 733/771/733 743/781/743
f 734/772/734 743/781/743 733/771/733
f 743/781/743 734/772/734 744/782/744
f 735/773/735 744/782/744 734/772/734
f 744/782/744 735/773/735 745/783/745
f 737/775/737 746/784/746 736/774/736
f 746/784/746 737/775/737 747/785/747
f 738/776/738 747/785/747 737/775/737
f 747/785/747 738/776/738 748/786/748
f 739/777/739 748/786/748 738/776/738
f 748/786/748 739/777/739 749/787/749
f 740/778/740 749/787/749 739/777/739
f 749/787/749 740/778/740 750/788/750
f 741/779/741 750/788/750 740/778/740
f 750/788/750 741/779/741 751/789/751
f 742/780/742 751/789/751 741/779/741
f 751/789/751 742/780/742 752/790/752
f 743/781/743 752/790/752 742/780/742
f 752/790/752 743/781/743 753/791/753
f 744/782/744 753/791/753 743/781/743
f 753/791/753 744/782/744 754/792/754
f 745/783/745 754/792/754 744/782/744
f 754/792/754 745/783/745 755/793/755
f 747/785/747 756/794/756 746/784/746
f 756/794/756 747/785/747 757/795/757
f 748/786/748 757/795/757 747/785/747
f 757/795/757 748/786/748 758/796/758
f 749/787/749 758/796/758 748/786/748
f 758/796/758 749/787/749 759/797/759
f 750/788/750 759/797/759 749/787/749
f 759/797/759 750/788/750 760/798/760
f 751/789/751 760/798/760 750/788/750
f 760/798/760 751/789/751 761/799/761
f 752/790/752 761/799/761 751/789/751
f 761/799/761 752/790/752 762/800/762
f 753/791/753 762/800/762 752/790/752
f 762/800/762 753/791/753 763/801/763
f 754/792/754 763/801/763 753/791/753
f 763/801/763 754/792/754 764/802/764
f 755/793/755 764/802/764 754/792/754
f 764/802/764 755/793/755 765/803/765
f 757/795/757 766/804/766 756/794/756
f 766/804/766 757/795/757 767/805/767
f 758/796/758 767/805/767 757/795/757
f 767/805/767 758/796/758 768/806/768
f 759/797/759 768/806/768 758/796/758
f 768/806/768 759/797/759 769/807/769
f 760/798/760 769/807/769 759/797/759
f 769/807/769 760/798/760 770/808/770
f 761/799/761 770/808/770 760/798/760
f 770/808/770 761/799/761 771/809/771
f 762/800/762 771/809/771 761/799/761
f 771/809/771 762/800/762 772/810/772
f 763/801/763 772/810/772 762/800/762
f 772/810/772 763/801/763 773/811/773
f 764/802/764 773/811/773 763/801/763
f 773/811/773 764/802/764 774/812/774
f 765/803/765 774/812/774 764/802/764
f 774/812/774 765/803/765 775/813/775
f 685/723/685 776/814/776 695/733/695
f 685/723/685 777/815/777 776/814/776
f 685/723/685 778/816/778 777/815/777
f 685/723/685 779/817/779 778/816/778
f 685/723/685 780/818/780 779/817/779
f 685/723/685 781/819/781 780/818/780
f 685/723/685 782/820/782 781/819/781
f 685/723/685 783/821/783 782/820/782
f 685/723/685 784/822/784 783/821/783
f 776/814/776 705/743/705 695/733/695
f 705/743/705 776/814/776 785/823/785
f 777/815/777 785/823/785 776/814/776
f 785/823/785 777/815/777 786/824/786
f 778/816/778 786/824/786 777/815/777
f 786/824/786 778/816/778 787/825/787
f 779/817/779 787/825/787 778/816/778
f 787/825/787 779/817/779 788/826/788
f 780/818/780 788/826/788 779/817/779
f 788/826/788 780/818/780 789/827/789
f 781/819/781 789/827/789 780/818/780
f 789/827/789 781/819/781 790/828/790
f 782/820/782 790/828/790 781/819/781
f 790/828/790 782/820/782 791/829/791
f 783/821/783 791/829/791 782/820/782
f 791/829/791 783/821/783 792/830/792
f 784/822/784 792/830/792 783/821/783
f 792/830/792 784/822/784 793/831/793
f 785/823/785 715/753/715 705/743/705
f 715/753/715 785/823/785 794/832/794
f 786/824/786 794/832/794 785/823/785
f 794/832/794 786/824/786 795/833/795
f 787/825/787 795/833/795 786/824/786
f 795/833/795 787/825/787 796/834/796
f 788/826/788 796/834/796 787/825/787
f 796/834/796 788/826/788 797/835/797
f 789/827/789 797/835/797 788/826/788
f 797/835/797 789/827/789 798/836/798
f 790/828/790 798/836/798 789/827/789
f 798/836/798 790/828/790 799/837/799
f 791/829/791 799/837/799 790/828/790
f 799/837/799 791/829/791 800/838/800
f 792/830/792 800/838/800 791/829/791
f 800/838/800 792/830/792 801/839/801
f 793/831/793 801/839/801 792/830/792
f 801/839/801 793/831/793 802/840/802
f 794/832/794 725/763/725 715/753/715
f 725/763/725 794/832/794 803/841/803
f 795/833/795 803/841/803 794/832/794
f 803/841/803 795/833/795 804/842/804
f 796/834/796 804/842/804 795/833/795
f 804/842/804 796/834/796 805/843/805
f 797/835/797 805/843/805 796/834/796
f 805/843/805 797/835/797 806/844/806
f 798/836/798 806/844/806 797/835/797
f 806/844/806 798/836/798 807/845/807
f 799/837/799 807/845/807 798/836/798
f 807/845/807 799/837/799 808/846/808
f 800/838/800 808/846/808 799/837/799
f 808/846/808 800/838/800 809/847/809
f 801/839/801 809/847/809 800/838/800
f 809/847/809 801/839/801 810/848/810
f 802/840/802 810/848/810 801/839/801
f 810/848/810 802/840/802 811/849/811
f 803/841/803 735/773/735 725/763/725
f 735/773/735 803/841/803 812/850/812
f 804/842/804 812/850/812 803/841/803
f 812/850/812 804/842/804 813/851/813
f 805/843/805 813/851/813 804/842/804
f 813/851/813 805/843/805 814/852/814
f 806/844/806 814/852/814 805/843/805
f 814/852/814 806/844/806 815/853/815
f 807/845/807 815/853/815 806/844/806
f 815/853/815 807/845/807 816/854/816
f 808/846/808 816/854/816 807/845/807
f 816/854/816 808/846/808 817/855/817
f 809/847/809 817/855/817 808/846/808
f 817/855/817 809/847/809 818/856/818
f 810/848/810 818/856/818 809/847/809
f 818/856/818 810/848/810 819/857/819
f 811/849/811 819/857/819 810/848/810
f 819/857/819 811/849/811 820/858/820
f 812/850/812 745/783/745 735/773/735
f 745/783/745 812/850/812 821/859/821
f 813/851/813 821/859/821 812/850/812
f 821/859/821 813/851/813 822/860/822
f 814/852/814 822/860/822 813/851/813
f 822/860/822 814/852/814 823/861/823
f 815/853/815 823/861/823 814/852/814
f 823/861/823 815/853/815 824/862/824
f 816/854/816 824/862/824 815/853/815
f 824/862/824 816/854/816 825/863/825
f 817/855/817 825/863/825 816/854/816
f 825/863/825 817/855/817 826/864/826
f 818/856/818 826/864/826 817/855/817
f 826/864/826 818/856/818 827/865/827
f 819/857/819 827/865/827 818/856/818
f 827/865/827 819/857/819 828/866/828
f 820/858/820 828/866/828 819/857/819
f 828/866/828 820/858/820 829/867/829
f 821/859/821 755/793/755 745/783/745
f 755/793/755 821/859/821 830/868/830
f 822/860/822 830/868/830 821/859/821
f 830/868/830 822/860/822 831/869/831
f 823/861/823 831/869/831 822/860/822
f 831/869/831 823/861/823 832/870/832
f 824/862/824 832/870/832 823/861/823
f 832/870/832 824/862/824 833/871/833
f 825/863/825 833/871/833 824/862/824
f 833/871/833 825/863/825 834/872/834
f 826/864/826 834/872/834 825/863/825
f 834/872/834 826/864/826 835/873/835
f 827/865/827 835/873/835 826/864/826
f 835/873/835 827/865/827 836/874/836
f 828/866/828 836/874/836 827/865/827
f 836/874/836 828/866/828 837/875/837
f 829/867/829 837/875/837 828/866/828
f 837/875/837 829/867/829 838/876/838
f 830/868/830 765/803/765 755/793/755
f 765/803/765 830/868/830 839/877/839
f 831/869/831 839/877/839 830/868/830
f 839/877/839 831/869/831 840/878/840
f 832/870/832 840/878/840 831/869/831
f 840/878/840 832/870/832 841/879/841
f 833/871/833 841/879/841 832/870/832
f 841/879/841 833/871/833 842/880/842
f 834/872/834 842/880/842 833/871/833
f 842/880/842 834/872/834 843/881/843
f 835/873/835 843/881/843 834/872/834
f 843/881/843 835/873/835 844/882/844
f 836/874/836 844/882/844 835/873/835
f 844/882/844 836/874/836 845/883/845
f 837/875/837 845/883/845 836/874/836
f 845/883/845 837/875/837 846/884/846
f 838/876/838 846/884/846 837/875/837
f 846/884/846 838/876/838 847/885/847
f 839/877/839 775/813/775 765/803/765
f 775/813/775 839/877/839 848/886/848
f 840/878/840 848/886/848 839/877/839
f 848/886/848 840/878/840 849/887/849
f 841/879/841 849/887/849 840/878/840
f 849/887/849 841/879/841 850/888/850
f 842/880/842 850/888/850 841/879/841
f 850/888/850 842/880/842 851/889/851
f 843/881/843 851/889/851 842/880/842
f 851/889/851 843/881/843 852/890/852
f 844/882/844 852/890/852 843/881/843
f 852/890/852 844/882/844 853/891/853
f 845/883/845 853/891/853 844/882/844
f 853/891/853 845/883/845 854/892/854
f 846/884/846 854/892/854 845/883/845
f 854/892/854 846/884/846 855/893/855
f 847/885/847 855/893/855 846/884/846
f 855/893/855 847/885/847 856/894/856
f 857/895/857 858/896/858 685/723/685
f 858/896/858 859/897/859 685/723/685
f 859/897/859 860/898/860 685/723/685
f 860/898/860 861/899/861 685/723/685
f 861/899/861 862/900/862 685/723/685
f 862/900/862 863/901/863 685/723/685
f 863/901/863 864/902/864 685/723/685
f 864/902/864 865/903/865 685/723/685
f 865/903/865 784/822/784 685/723/685
f 866/904/866 858/896/858 857/895/857
f 858/896/858 866/904/866 867/905/867
f 867/905/867 859/897/859 858/896/858
f 859/897/859 867/905/867 868/906/868
f 868/906/868 860/898/860 859/897/859
f 860/898/860 868/906/868 869/907/869
f 869/907/869 861/899/861 860/898/860
f 861/899/861 869/907/869 870/908/870
f 870/908/870 862/900/862 861/899/861
f 862/900/862 870/908/870 871/909/871
f 871/909/871 863/901/863 862/900/862
f 863/901/863 871/909/871 872/910/872
f 872/910/872 864/902/864 863/901/863
f 864/902/864 872/910/872 873/911/873
f 873/911/873 865/903/865 864/902/864
f 865/903/865 873/911/873 874/912/874
f 874/912/874 784/822/784 865/903/865
f 784/822/784 874/912/874 793/831/793
f 875/913/875 867/905/867 866/904/866
f 867/905/867 875/913/875 876/914/876
f 876/914/876 868/906/868 867/905/867
f 868/906/868 876/914/876 877/915/877
f 877/915/877 869/907/869 868/906/868
f 869/907/869 877/915/877 878/916/878
f 878/916/878 870/908/870 869/907/869
f 870/908/870 878/916/878 879/917/879
f 879/917/879 871/909/871 870/908/870
f 871/909/871 879/917/879 880/918/880
f 880/918/880 872/910/872 871/909/871
f 872/910/872 880/918/880 881/919/881
f 881/919/881 873/911/873 872/910/872
f 873/911/873 881/919/881 882/920/882
f 882/920/882 874/912/874 873/911/873
f 874/912/874 882/920/882 883/921/883
f 883/921/883 793/831/793 874/912/874
f 793/831/793 883/921/883 802/840/802
f 884/922/884 876/914/876 875/913/875
f 876/914/876 884/922/884 885/923/885
f 885/923/885 877/915/877 876/914/876
f 877/915/877 885/923/885 886/924/886
f 886/924/886 878/916/878 877/915/877
f 878/916/878 886/924/886 887/925/887
f 887/925/887 879/917/879 878/916/878
f 879/917/879 887/925/887 888/926/888
f 888/926/888 880/918/880 879/917/879
f 880/918/880 888/926/888 889/927/889
f 889/927/889 881/919/881 880/918/880
f 881/919/881 889/927/889 890/928/890
f 890/928/890 882/920/882 881/919/881
f 882/920/882 890/928/890 891/929/891
f 891/929/891 883/921/883 882/920/882
f 883/921/883 891/929/891 892/930/892
f 892/930/892 802/840/802 883/921/883
f 802/840/802 892/930/892 811/849/811
f 893/931/893 885/923/885 884/922/884
f 885/923/885 893/931/893 894/932/894
f 894/932/894 886/924/886 885/923/885
f 886/924/886 894/932/894 895/933/895
f 895/933/895 887/925/887 886/924/886
f 887/925/887 895/933/895 896/934/896
f 896/934/896 888/926/888 887/925/887
f 888/926/888 896/934/896 897/935/897
f 897/935/897 889/927/889 888/926/888
f 889/927/889 897/935/897 898/936/898
f 898/936/898 890/928/890 889/927/889
f 890/928/890 898/936/898 899/937/899
f 899/937/899 891/929/891 890/928/890
f 891/929/891 899/937/899 900/938/900
f 900/938/900 892/930/892 891/929/891
f 892/930/892 900/938/900 901/939/901
f 901/939/901 811/849/811 892/930/892
f 811/849/811 901/939/901 820/858/820
f 902/940/902 894/932/894 893/931/893
f 894/932/894 902/940/902 903/941/903
f 903/941/903 895/933/895 894/932/894
f 895/933/895 903/941/903 904/942/904
f 904/942/904 896/934/896 895/933/895
f 896/934/896 904/942/904 905/943/905
f 905/943/905 897/935/897 896/934/896
f 897/935/897 905/943/905 906/944/906
f 906/944/906 898/936/898 897/935/897
f 898/936/898 906/944/906 907/945/907
f 907/945/907 899/937/899 898/936/898
f 899/937/899 907/945/907 908/946/908
f 908/946/908 900/938/900 899/937/899
f 900/938/900 908/946/908 909/947/909
f 909/947/909 901/939/901 900/938/900
f 901/939/901 909/947/909 910/948/910
f 910/948/910 820/858/820 901/939/901
f 820/858/820 910/948/910 829/867/829
f 911/949/911 903/941/903 902/940/902
f 903/941/903 911/949/911 912/950/912
f 912/950/912 904/942/904 903/941/903
f 904/942/904 912/950/912 913/951/913
f 913/951/913 905/943/905 904/942/904
f 905/943/905 913/951/913 914/952/914
f 914/952/914 906/944/906 905/943/905
f 906/944/906 914/952/914 915/953/915
f 915/953/915 907/945/907 906/944/906
f 907/945/907 915/953/915 916/954/916
f 916/954/916 908/946/908 907/945/907
f 908/946/908 916/954/916 917/955/917
f 917/955/917 909/947/909 908/946/908
f 909/947/909 917/955/917 918/956/918
f 918/956/918 910/948/910 909/947/909
f 910/948/910 918/956/918 919/957/919
f 919/957/919 829/867/829 910/948/910
f 829/867/829 919/957/919 838/876/838
f 920/958/920 912/950/912 911/949/911
f 912/950/912 920/958/920 921/959/921
f 921/959/921 913/951/913 912/950/912
f 913/951/913 921/959/921 922/960/922
f 922/960/922 914/952/914 913/951/913
f 914/952/914 922/960/922 923/961/923
f 923/961/923 915/953/915 914/952/914
f 915/953/915 923/961/923 924/962/924
f 924/962/924 916/954/916 915/953/915
f 916/954/916 924/962/924 925/963/925
f 925/963/925 917/955/917 916/954/916
f 917/955/917 925/963/925 926/964/926
f 926/964/926 918/956/918 917/955/917
f 918/956/918 926/964/926 927/965/927
f 927/965/927 919/957/919 918/956/918
f 919/957/919 927/965/927 928/966/928
f 928/966/928 838/876/838 919/957/919
f 838/876/838 928/966/928 847/885/847
f 929/967/929 921/959/921 920/958/920
f 921/959/921 929/967/929 930/968/930
f 930/968/930 922/960/922 921/959/921
f 922/960/922 930/968/930 931/969/931
f 931/969/931 923/961/923 922/960/922
f 923/961/923 931/969/931 932/970/932
f 932/970/932 924/962/924 923/961/923
f 924/962/924 932/970/932 933/971/933
f 933/971/933 925/963/925 924/962/924
f 925/963/925 933/971/933 934/972/934
f 934/972/934 926/964/926 925/963/925
f 926/964/926 934/972/934 935/973/935
f 935/973/935 927/965/927 926/964/926
f 927/965/927 935/973/935 936/974/936
f 936/974/936 928/966/928 927/965/927
f 928/966/928 936/974/936 937/975/937
f 937/975/937 847/885/847 928/966/928
f 847/885/847 937/975/937 856/894/856
f 686/724/686 938/976/938 685/723/685
f 938/976/938 939/977/939 685/723/685
f 939/977/939 940/978/940 685/723/685
f 940/978/940 941/979/941 685/723/685
f 941/979/941 942/980/942 685/723/685
f 942/980/942 943/981/943 685/723/685
f 943/981/943 944/982/944 685/723/685
f 944/982/944 945/983/945 685/723/685
f 945/983/945 857/895/857 685/723/685
f 696/734/696 938/976/938 686/724/686
f 938/976/938 696/734/696 946/984/946
f 946/984/946 939/977/939 938/976/938
f 939/977/939 946/984/946 947/985/947
f 947/985/947 940/978/940 939/977/939
f 940/978/940 947/985/947 948/986/948
f 948/986/948 941/979/941 940/978/940
f 941/979/941 948/986/948 949/987/949
f 949/987/949 942/980/942 941/979/941
f 942/980/942 949/987/949 950/988/950
f 950/988/950 943/981/943 942/980/942
f 943/981/943 950/988/950 951/989/951
f 951/989/951 944/982/944 943/981/943
f 944/982/944 951/989/951 952/990/952
f 952/990/952 945/983/945 944/982/944
f 945/983/945 952/990/952 953/991/953
f 953/991/953 857/895/857 945/983/945
f 857/895/857 953/991/953 866/904/866
f 706/744/706 946/984/946 696/734/696
f 946/984/946 706/744/706 954/992/954
f 954/992/954 947/985/947 946/984/946
f 947/985/947 954/992/954 955/993/955
f 955/993/955 948/986/948 947/985/947
f 948/986/948 955/993/955 956/994/956
f 956/994/956 949/987/949 948/986/948
f 949/987/949 956/994/956 957/995/957
f 957/995/957 950/988/950 949/987/949
f 950/988/950 957/995/957 958/996/958
f 958/996/958 951/989/951 950/988/950
f 951/989/951 958/996/958 959/997/959
f 959/997/959 952/990/952 951/989/951
f 952/990/952 959/997/959 960/998/960
f 960/998/960 953/991/953 952/990/952
f 953/991/953 960/998/960 961/999/961
f 961/999/961 866/904/866 953/991/953
f 866/904/866 961/999/961 875/913/875
f 716/754/716 954/992/954 706/744/706
f 954/992/954 716/754/716 962/1000/962
f 962/1000/962 955/993/955 954/992/954
f 955/993/955 962/1000/962 963/1001/963
f 963/1001/963 956/994/956 955/993/955
f 956/994/956 963/1001/963 964/1002/964
f 964/1002/964 957/995/957 956/994/956
f 957/995/957 964/1002/964 965/1003/965
f 965/1003/965 958/996/958 957/995/957
f 958/996/958 965/1003/965 966/1004/966
f 966/1004/966 959/997/959 958/996/958
f 959/997/959 966/1004/966 967/1005/967
f 967/1005/967 960/998/960 959/997/959
f 960/998/960 967/1005/967 968/1006/968
f 968/1006/968 961/999/961 960/998/960
f 961/999/961 968/1006/968 969/1007/969
f 969/1007/969 875/913/875 961/999/961
f 875/913/875 969/1007/969 884/922/884
f 726/764/726 962/1000/962 716/754/716
f 962/1000/962 726/764/726 970/1008/970
f 970/1008/970 963/1001/963 962/1000/962
f 963/1001/963 970/1008/970 971/1009/971
f 971/1009/971 964/1002/964 963/1001/963
f 964/1002/964 971/1009/971 972/1010/972
f 972/1010/972 965/1003/965 964/1002/964
f 965/1003/965 972/1010/972 973/1011/973
f 973/1011/973 966/1004/966 965/1003/965
f 966/1004/966 973/1011/973 974/1012/974
f 974/1012/974 967/1005/967 966/1004/966
f 967/1005/967 974/1012/974 975/1013/975
f 975/1013/975 968/1006/968 967/1005/967
f 968/1006/968 975/1013/975 976/1014/976
f 976/1014/976 969/1007/969 968/1006/968
f 969/1007/969 976/1014/976 977/1015/977
f 977/1015/977 884/922/884 969/1007/969
f 884/922/884 977/1015/977 893/931/893
f 736/774/736 970/1008/970 726/764/726
f 970/1008/970 736/774/736 978/1016/978
f 978/1016/978 971/1009/971 970/1008/970
f 971/1009/971 978/1016/978 979/1017/979
f 979/1017/979 972/1010/972 971/1009/971
f 972/1010/972 979/1017/979 980/1018/980
f 980/1018/980 973/1011/973 972/1010/972
f 973/1011/973 980/1018/980 981/1019/981
f 981/1019/981 974/1012/974 973/1011/973
f 974/1012/974 981/1019/981 982/1020/982
f 982/1020/982 975/1013/975 974/1012/974
f 975/1013/975 982/1020/982 983/1021/983
f 983/1021/983 976/1014/976 975/1013/975
f 976/1014/976 983/1021/983 984/1022/984
f 984/1022/984 977/1015/977 976/1014/976
f 977/1015/977 984/1022/984 985/1023/985
f 985/1023/985 893/931/893 977/1015/977
f 893/931/893 985/1023/985 902/940/902
f 746/784/746 978/1016/978 736/774/736
f 978/1016/978 746/784/746 986/1024/986
f 986/1024/986 979/1017/979 978/1016/978
f 979/1017/979 986/1024/986 987/1025/987
f 987/1025/987 980/1018/980 979/1017/979
f 980/1018/980 987/1025/987 988/1026/988
f 988/1026/988 981/1019/981 980/1018/980
f 981/1019/981 988/1026/988 989/1027/989
f 989/1027/989 982/1020/982 981/1019/981
f 982/1020/982 989/1027/989 990/1028/990
f 990/1028/990 983/1021/983 982/1020/982
f 983/1021/983 990/1028/990 991/1029/991
f 991/1029/991 984/1022/984 983/1021/983
f 984/1022/984 991/1029/991 992/1030/992
f 992/1030/992 985/1023/985 984/1022/984
f 985/1023/985 992/1030/992 993/1031/993
f 993/1031/993 902/940/902 985/1023/985
f 902/940/902 993/1031/993 911/949/911
f 756/794/756 986/1024/986 746/784/746
f 986/1024/986 756/794/756 994/1032/994
f 994/1032/994 987/1025/987 986/1024/986
f 987/1025/987 994/1032/994 995/1033/995
f 995/1033/995 988/1026/988 987/1025/987
f 988/1026/988 995/1033/995 996/1034/996
f 996/1034/996 989/1027/989 988/1026/988
f 989/1027/989 996/1034/996 997/1035/997
f 997/1035/997 990/1028/990 989/1027/989
f 990/1028/990 997/1035/997 998/1036/998
f 998/1036/998 991/1029/991 990/1028/990
f 991/1029/991 998/1036/998 999/1037/999
f 999/1037/999 992/1030/992 991/1029/991
f 992/1030/992 999/1037/999 1000/1038/1000
f 1000/1038/1000 993/1031/993 992/1030/992
f 993/1031/993 1000/1038/1000 1001/1039/1001
f 1001/1039/1001 911/949/911 993/1031/993
f 911/949/911 1001/1039/1001 920/958/920
f 766/804/766 994/1032/994 756/794/756
f 994/1032/994 766/804/766 1002/1040/1002
f 1002/1040/1002 995/1033/995 994/1032/994
f 995/1033/995 1002/1040/1002 1003/1041/1003
f 1003/1041/1003 996/1034/996 995/1033/995
f 996/1034/996 1003/1041/1003 1004/1042/1004
f 1004/1042/1004 997/1035/997 996/1034/996
f 997/1035/997 1004/1042/1004 1005/1043/1005
f 1005/1043/1005 998/1036/998 997/1035/997
f 998/1036/998 1005/1043/1005 1006/1044/1006
f 1006/1044/1006 999/1037/999 998/1036/998
f 999/1037/999 1006/1044/1006 1007/1045/1007
f 1007/1045/1007 1000/1038/1000 999/1037/999
f 1000/1038/1000 1007/1045/1007 1008/1046/1008
f 1008/1046/1008 1001/1039/1001 1000/1038/1000
f 1001/1039/1001 1008/1046/1008 1009/1047/1009
f 1009/1047/1009 920/958/920 1001/1039/1001
f 920/958/920 1009/1047/1009 929/967/929
f 767/1049/767 1010/1058/1010 766/1048/766
f 1010/1058/1010 767/1049/767 1011/1059/1011
f 768/1050/768 1011/1059/1011 767/1049/767
f 1011/1059/1011 768/1050/768 1012/1060/1012
f 769/1051/769 1012/1060/1012 768/1050/768
f 1012/1060/1012 769/1051/769 1013/1061/1013
f 770/1052/770 1013/1061/1013 769/1051/769
f 1013/1061/1013 770/1052/770 1014/1062/1014
f 771/1053/771 1014/1062/1014 770/1052/770
f 1014/1062/1014 771/1053/771 1015/1063/1015
f 772/1054/772 1015/1063/1015 771/1053/771
f 1015/1063/1015 772/1054/772 1016/1064/1016
f 773/1055/773 1016/1064/1016 772/1054/772
f 1016/1064/1016 773/1055/773 1017/1065/1017
f 774/1056/774 1017/1065/1017 773/1055/773
f 1017/1065/1017 774/1056/774 1018/1066/1018
f 775/1057/775 1018/1066/1018 774/1056/774
f 1018/1066/1018 775/1057/775 1019/1067/1019
f 1011/1059/1011 1020/1068/1020 1010/1058/1010
f 1020/1068/1020 1011/1059/1011 1021/1069/1021
f 1012/1060/1012 1021/1069/1021 1011/1059/1011
f 1021/1069/1021 1012/1060/1012 1022/1070/1022
f 1013/1061/1013 1022/1070/1022 1012/1060/1012
f 1022/1070/1022 1013/1061/1013 1023/1071/1023
f 1014/1062/1014 1023/1071/1023 1013/1061/1013
f 1023/1071/1023 1014/1062/1014 1024/1072/1024
f 1015/1063/1015 1024/1072/1024 1014/1062/1014
f 1024/1072/1024 1015/1063/1015 1025/1073/1025
f 1016/1064/1016 1025/1073/1025 1015/1063/1015
f 1025/1073/1025 1016/1064/1016 1026/1074/1026
f 1017/1065/1017 1026/1074/1026 1016/1064/1016
f 1026/1074/1026 1017/1065/1017 1027/1075/1027
f 1018/1066/1018 1027/1075/1027 1017/1065/1017
f 1027/1075/1027 1018/1066/1018 1028/1076/1028
f 1019/1067/1019 1028/1076/1028 1018/1066/1018
f 1028/1076/1028 1019/1067/1019 1029/1077/1029
f 1021/1069/1021 1030/1078/1030 1020/1068/1020
f 1030/1078/1030 1021/1069/1021 1031/1079/1031
f 1022/1070/1022 1031/1079/1031 1021/1069/1021
f 1031/1079/1031 1022/1070/1022 1032/1080/1032
f 1023/1071/1023 1032/1080/1032 1022/1070/1022
f 1032/1080/1032 1023/1071/1023 1033/1081/1033
f 1024/1072/1024 1033/1081/1033 1023/1071/1023
f 1033/1081/1033 1024/1072/1024 1034/1082/1034
f 1025/1073/1025 1034/1082/1034 1024/1072/1024
f 1034/1082/1034 1025/1073/1025 1035/1083/1035
f 1026/1074/1026 1035/1083/1035 1025/1073/1025
f 1035/1083/1035 1026/1074/1026 1036/1084/1036
f 1027/1075/1027 1036/1084/1036 1026/1074/1026
f 1036/1084/1036 1027/1075/1027 1037/1085/1037
f 1028/1076/1028 1037/1085/1037 1027/1075/1027
f 1037/1085/1037 1028/1076/1028 1038/1086/1038
f 1029/1077/1029 1038/1086/1038 1028/1076/1028
f 1038/1086/1038 1029/1077/1029 1039/1087/1039
f 1031/1079/1031 1040/1088/1040 1030/1078/1030
f 1040/1088/1040 1031/1079/1031 1041/1089/1041
f 1032/1080/1032 1041/1089/1041 1031/1079/1031
f 1041/1089/1041 1032/1080/1032 1042/1090/1042
f 1033/1081/1033 1042/1090/1042 1032/1080/1032
f 1042/1090/1042 1033/1081/1033 1043/1091/1043
f 1034/1082/1034 1043/1091/1043 1033/1081/1033
f 1043/1091/1043 1034/1082/1034 1044/1092/1044
f 1035/1083/1035 1044/1092/1044 1034/1082/1034
f 1044/1092/1044 1035/1083/1035 1045/1093/1045
f 1036/1084/1036 1045/1093/1045 1035/1083/1035
f 1045/1093/1045 1036/1084/1036 1046/1094/1046
f 1037/1085/1037 1046/1094/1046 1036/1084/1036
f 1046/1094/1046 1037/1085/1037 1047/1095/1047
f 1038/1086/1038 1047/1095/1047 1037/1085/1037
f 1047/1095/1047 1038/1086/1038 1048/1096/1048
f 1039/1087/1039 1048/1096/1048 1038/1086/1038
f 1048/1096/1048 1039/1087/1039 1049/1097/1049
f 1041/1089/1041 1050/1098/1050 1040/1088/1040
f 1050/1098/1050 1041/1089/1041 1051/1099/1051
f 1042/1090/1042 1051/1099/1051 1041/1089/1041
f 1051/1099/1051 1042/1090/1042 1052/1100/1052
f 1043/1091/1043 1052/1100/1052 1042/1090/1042
f 1052/1100/1052 1043/1091/1043 1053/1101/1053
f 1044/1092/1044 1053/1101/1053 1043/1091/1043
f 1053/1101/1053 1044/1092/1044 1054/1102/1054
f 1045/1093/1045 1054/1102/1054 1044/1092/1044
f 1054/1102/1054 1045/1093/1045 1055/1103/1055
f 1046/1094/1046 1055/1103/1055 1045/1093/1045
f 1055/1103/1055 1046/1094/1046 1056/1104/1056
f 1047/1095/1047 1056/1104/1056 1046/1094/1046
f 1056/1104/1056 1047/1095/1047 1057/1105/1057
f 1048/1096/1048 1057/1105/1057 1047/1095/1047
f 1057/1105/1057 1048/1096/1048 1058/1106/1058
f 1049/1097/1049 1058/1106/1058 1048/1096/1048
f 1058/1106/1058 1049/1097/1049 1059/1107/1059
f 1051/1099/1051 1060/1108/1060 1050/1098/1050
f 1060/1108/1060 1051/1099/1051 1061/1109/1061
f 1052/1100/1052 1061/1109/1061 1051/1099/1051
f 1061/1109/1061 1052/1100/1052 1062/1110/1062
f 1053/1101/1053 1062/1110/1062 1052/1100/1052
f 1062/1110/1062 1053/1101/1053 1063/1111/1063
f 1054/1102/1054 1063/1111/1063 1053/1101/1053
f 1063/1111/1063 1054/1102/1054 1064/1112/1064
f 1055/1103/1055 1064/1112/1064 1054/1102/1054
f 1064/1112/1064 1055/1103/1055 1065/1113/1065
f 1056/1104/1056 1065/1113/1065 1055/1103/1055
f 1065/1113/1065 1056/1104/1056 1066/1114/1066
f 1057/1105/1057 1066/1114/1066 1056/1104/1056
f 1066/1114/1066 1057/1105/1057 1067/1115/1067
f 1058/1106/1058 1067/1115/1067 1057/1105/1057
f 1067/1115/1067 1058/1106/1058 1068/1116/1068
f 1059/1107/1059 1068/1116/1068 1058/1106/1058
f 1068/1116/1068 1059/1107/1059 1069/1117/1069
f 1061/1109/1061 1070/1118/1070 1060/1108/1060
f 1070/1118/1070 1061/1109/1061 1071/1119/1071
f 1062/1110/1062 1071/1119/1071 1061/1109/1061
f 1071/1119/1071 1062/1110/1062 1072/1120/1072
f 1063/1111/1063 1072/1120/1072 1062/1110/1062
f 1072/1120/1072 1063/1111/1063 1073/1121/1073
f 1064/1112/1064 1073/1121/1073 1063/1111/1063
f 1073/1121/1073 1064/1112/1064 1074/1122/1074
f 1065/1113/1065 1074/1122/1074 1064/1112/1064
f 1074/1122/1074 1065/1113/1065 1075/1123/1075
f 1066/1114/1066 1075/1123/1075 1065/1113/1065
f 1075/1123/1075 1066/1114/1066 1076/1124/1076
f 1067/1115/1067 1076/1124/1076 1066/1114/1066
f 1076/1124/1076 1067/1115/1067 1077/1125/1077
f 1068/1116/1068 1077/1125/1077 1067/1115/1067
f 1077/1125/1077 1068/1116/1068 1078/1126/1078
f 1069/1117/1069 1078/1126/1078 1068/1116/1068
f 1078/1126/1078 1069/1117/1069 1079/1127/1079
f 1071/1119/1071 1080/1128/1080 1070/1118/1070
f 1080/1128/1080 1071/1119/1071 1081/1129/1081
f 1072/1120/1072 1081/1129/1081 1071/1119/1071
f 1081/1129/1081 1072/1120/1072 1082/1130/1082
f 1073/1121/1073 1082/1130/1082 1072/1120/1072
f 1082/1130/1082 1073/1121/1073 1083/1131/1083
f 1074/1122/1074 1083/1131/1083 1073/1121/1073
f 1083/1131/1083 1074/1122/1074 1084/1132/1084
f 1075/1123/1075 1084/1132/1084 1074/1122/1074
f 1084/1132/1084 1075/1123/1075 1085/1133/1085
f 1076/1124/1076 1085/1133/1085 1075/1123/1075
f 1085/1133/1085 1076/1124/1076 1086/1134/1086
f 1077/1125/1077 1086/1134/1086 1076/1124/1076
f 1086/1134/1086 1077/1125/1077 1087/1135/1087
f 1078/1126/1078 1087/1135/1087 1077/1125/1077
f 1087/1135/1087 1078/1126/1078 1088/1136/1088
f 1079/1127/1079 1088/1136/1088 1078/1126/1078
f 1088/1136/1088 1079/1127/1079 1089/1137/1089
f 1081/1129/1081 1090/1138/1090 1080/1128/1080
f 1090/1138/1090 1081/1129/1081 1091/1139/1091
f 1082/1130/1082 1091/1139/1091 1081/1129/1081
f 1091/1139/1091 1082/1130/1082 1092/1140/1092
f 1083/1131/1083 1092/1140/1092 1082/1130/1082
f 1092/1140/1092 1083/1131/1083 1093/1141/1093
f 1084/1132/1084 1093/1141/1093 1083/1131/1083
f 1093/1141/1093 1084/1132/1084 1094/1142/1094
f 1085/1133/1085 1094/1142/1094 1084/1132/1084
f 1094/1142/1094 1085/1133/1085 1095/1143/1095
f 1086/1134/1086 1095/1143/1095 1085/1133/1085
f 1095/1143/1095 1086/1134/1086 1096/1144/1096
f 1087/1135/1087 1096/1144/1096 1086/1134/1086
f 1096/1144/1096 1087/1135/1087 1097/1145/1097
f 1088/1136/1088 1097/1145/1097 1087/1135/1087
f 1097/1145/1097 1088/1136/1088 1098/1146/1098
f 1089/1137/1089 1098/1146/1098 1088/1136/1088
f 1098/1146/1098 1089/1137/1089 1099/1147/1099
f 848/1148/848 1019/1067/1019 775/1057/775
f 1019/1067/1019 848/1148/848 1100/1157/1100
f 849/1149/849 1100/1157/1100 848/1148/848
f 1100/1157/1100 849/1149/849 1101/1158/1101
f 850/1150/850 1101/1158/1101 849/1149/849
f 1101/1158/1101 850/1150/850 1102/1159/1102
f 851/1151/851 1102/1159/1102 850/1150/850
f 1102/1159/1102 851/1151/851 1103/1160/1103
f 852/1152/852 1103/1160/1103 851/1151/851
f 1103/1160/1103 852/1152/852 1104/1161/1104
f 853/1153/853 1104/1161/1104 852/1152/852
f 1104/1161/1104 853/1153/853 1105/1162/1105
f 854/1154/854 1105/1162/1105 853/1153/853
f 1105/1162/1105 854/1154/854 1106/1163/1106
f 855/1155/855 1106/1163/1106 854/1154/854
f 1106/1163/1106 855/1155/855 1107/1164/1107
f 856/1156/856 1107/1164/1107 855/1155/855
f 1107/1164/1107 856/1156/856 1108/1165/1108
f 1100/1157/1100 1029/1077/1029 1019/1067/1019
f 1029/1077/1029 1100/1157/1100 1109/1166/1109
f 1101/1158/1101 1109/1166/1109 1100/1157/1100
f 1109/1166/1109 1101/1158/1101 1110/1167/1110
f 1102/1159/1102 1110/1167/1110 1101/1158/1101
f 1110/1167/1110 1102/1159/1102 1111/1168/1111
f 1103/1160/1103 1111/1168/1111 1102/1159/1102
f 1111/1168/1111 1103/1160/1103 1112/1169/1112
f 1104/1161/1104 1112/1169/1112 1103/1160/1103
f 1112/1169/1112 1104/1161/1104 1113/1170/1113
f 1105/1162/1105 1113/1170/1113 1104/1161/1104
f 1113/1170/1113 1105/1162/1105 1114/1171/1114
f 1106/1163/1106 1114/1171/1114 1105/1162/1105
f 1114/1171/1114 1106/1163/1106 1115/1172/1115
f 1107/1164/1107 1115/1172/1115 1106/1163/1106
f 1115/1172/1115 1107/1164/1107 1116/1173/1116
f 1108/1165/1108 1116/1173/1116 1107/1164/1107
f 1116/1173/1116 1108/1165/1108 1117/1174/1117
f 1109/1166/1109 1039/1087/1039 1029/1077/1029
f 1039/1087/1039 1109/1166/1109 1118/1175/1118
f 1110/1167/1110 1118/1175/1118 1109/1166/1109
f 1118/1175/1118 1110/1167/1110 1119/1176/1119
f 1111/1168/1111 1119/1176/1119 1110/1167/1110
f 1119/1176/1119 1111/1168/1111 1120/1177/1120
f 1112/1169/1112 1120/1177/1120 1111/1168/1111
f 1120/1177/1120 1112/1169/1112 1121/1178/1121
f 1113/1170/1113 1121/1178/1121 1112/1169/1112
f 1121/1178/1121 1113/1170/1113 1122/1179/1122
f 1114/1171/1114 1122/1179/1122 1113/1170/1113
f 1122/1179/1122 1114/1171/1114 1123/1180/1123
f 1115/1172/1115 1123/1180/1123 1114/1171/1114
f 1123/1180/1123 1115/1172/1115 1124/1181/1124
f 1116/1173/1116 1124/1181/1124 1115/1172/1115
f 1124/1181/1124 1116/1173/1116 1125/1182/1125
f 1117/1174/1117 1125/1182/1125 1116/1173/1116
f 1125/1182/1125 1117/1174/1117 1126/1183/1126
f 1118/1175/1118 1049/1097/1049 1039/1087/1039
f 1049/1097/1049 1118/1175/1118 1127/1184/1127
f 1119/1176/1119 1127/1184/1127 1118/1175/1118
f 1127/1184/1127 1119/1176/1119 1128/1185/1128
f 1120/1177/1120 1128/1185/1128 1119/1176/1119
f 1128/1185/1128 1120/1177/1120 1129/1186/1129
f 1121/1178/1121 1129/1186/1129 1120/1177/1120
f 1129/1186/1129 1121/1178/1121 1130/1187/1130
f 1122/1179/1122 1130/1187/1130 1121/1178/1121
f 1130/1187/1130 1122/1179/1122 1131/1188/1131
f 1123/1180/1123 1131/1188/1131 1122/1179/1122
f 1131/1188/1131 1123/1180/1123 1132/1189/1132
f 1124/1181/1124 1132/1189/1132 1123/1180/1123
f 1132/1189/1132 1124/1181/1124 1133/1190/1133
f 1125/1182/1125 1133/1190/1133 1124/1181/1124
f 1133/1190/1133 1125/1182/1125 1134/1191/1134
f 1126/1183/1126 1134/1191/1134 1125/1182/1125
f 1134/1191/1134 1126/1183/1126 1135/1192/1135
f 1127/1184/1127 1059/1107/1059 1049/1097/1049
f 1059/1107/1059 1127/1184/1127 1136/1193/1136
f 1128/1185/1128 1136/1193/1136 1127/1184/1127
f 1136/1193/1136 1128/1185/1128 1137/1194/1137
f 1129/1186/1129 1137/1194/1137 1128/1185/1128
f 1137/1194/1137 1129/1186/1129 1138/1195/1138
f 1130/1187/1130 1138/1195/1138 1129/1186/1129
f 1138/1195/1138 1130/1187/1130 1139/1196/1139
f 1131/1188/1131 1139/1196/1139 1130/1187/1130
f 1139/1196/1139 1131/1188/1131 1140/1197/1140
f 1132/1189/1132 1140/1197/1140 1131/1188/1131
f 1140/1197/1140 1132/1189/1132 1141/1198/1141
f 1133/1190/1133 1141/1198/1141 1132/1189/1132
f 1141/1198/1141 1133/1190/1133 1142/1199/1142
f 1134/1191/1134 1142/1199/1142 1133/1190/1133
f 1142/1199/1142 1134/1191/1134 1143/1200/1143
f 1135/1192/1135 1143/1200/1143 1134/1191/1134
f 1143/1200/1143 1135/1192/1135 1144/1201/1144
f 1136/1193/1136 1069/1117/1069 1059/1107/1059
f 1069/1117/1069 1136/1193/1136 1145/1202/1145
f 1137/1194/1137 1145/1202/1145 1136/1193/1136
f 1145/1202/1145 1137/1194/1137 1146/1203/1146
f 1138/1195/1138 1146/1203/1146 1137/1194/1137
f 1146/1203/1146 1138/1195/1138 1147/1204/1147
f 1139/1196/1139 1147/1204/1147 1138/1195/1138
f 1147/1204/1147 1139/1196/1139 1148/1205/1148
f 1140/1197/1140 1148/1205/1148 1139/1196/1139
f 1148/1205/1148 1140/1197/1140 1149/1206/1149
f 1141/1198/1141 1149/1206/1149 1140/1197/1140
f 1149/1206/1149 1141/1198/1141 1150/1207/1150
f 1142/1199/1142 1150/1207/1150 1141/1198/1141
f 1150/1207/1150 1142/1199/1142 1151/1208/1151
f 1143/1200/1143 1151/1208/1151 1142/1199/1142
f 1151/1208/1151 1143/1200/1143 1152/1209/1152
f 1144/1201/1144 1152/1209/1152 1143/1200/1143
f 1152/1209/1152 1144/1201/1144 1153/1210/1153
f 1145/1202/1145 1079/1127/1079 1069/1117/1069
f 1079/1127/1079 1145/1202/1145 1154/1211/1154
f 1146/1203/1146 1154/1211/1154 1145/1202/1145
f 1154/1211/1154 1146/1203/1146 1155/1212/1155
f 1147/1204/1147 1155/1212/1155 1146/1203/1146
f 1155/1212/1155 1147/1204/1147 1156/1213/1156
f 1148/1205/1148 1156/1213/1156 1147/1204/1147
f 1156/1213/1156 1148/1205/1148 1157/1214/1157
f 1149/1206/1149 1157/1214/1157 1148/1205/1148
f 1157/1214/1157 1149/1206/1149 1158/1215/1158
f 1150/1207/1150 1158/1215/1158 1149/1206/1149
f 1158/1215/1158 1150/1207/1150 1159/1216/1159
f 1151/1208/1151 1159/1216/1159 1150/1207/1150
f 1159/1216/1159 1151/1208/1151 1160/1217/1160
f 1152/1209/1152 1160/1217/1160 1151/1208/1151
f 1160/1217/1160 1152/1209/1152 1161/1218/1161
f 1153/1210/1153 1161/1218/1161 1152/1209/1152
f 1161/1218/1161 1153/1210/1153 1162/1219/1162
f 1154/1211/1154 1089/1137/1089 1079/1127/1079
f 1089/1137/1089 1154/1211/1154 1163/1220/1163
f 1155/1212/1155 1163/1220/1163 1154/1211/1154
f 1163/1220/1163 1155/1212/1155 1164/1221/1164
f 1156/1213/1156 1164/1221/1164 1155/1212/1155
f 1164/1221/1164 1156/1213/1156 1165/1222/1165
f 1157/1214/1157 1165/1222/1165 1156/1213/1156
f 1165/1222/1165 1157/1214/1157 1166/1223/1166
f 1158/1215/1158 1166/1223/1166 1157/1214/1157
f 1166/1223/1166 1158/1215/1158 1167/1224/1167
f 1159/1216/1159 1167/1224/1167 1158/1215/1158
f 1167/1224/1167 1159/1216/1159 1168/1225/1168
f 1160/1217/1160 1168/1225/1168 1159/1216/1159
f 1168/1225/1168 1160/1217/1160 1169/1226/1169
f 1161/1218/1161 1169/1226/1169 1160/1217/1160
f 1169/1226/1169 1161/1218/1161 1170/1227/1170
f 1162/1219/1162 1170/1227/1170 1161/1218/1161
f 1170/1227/1170 1162/1219/1162 1171/1228/1171
f 1163/1220/1163 1099/1147/1099 1089/1137/1089
f 1099/1147/1099 1163/1220/1163 1172/1229/1172
f 1164/1221/1164 1172/1229/1172 1163/1220/1163
f 1172/1229/1172 1164/1221/1164 1173/1230/1173
f 1165/1222/1165 1173/1230/1173 1164/1221/1164
f 1173/1230/1173 1165/1222/1165 1174/1231/1174
f 1166/1223/1166 1174/1231/1174 1165/1222/1165
f 1174/1231/1174 1166/1223/1166 1175/1232/1175
f 1167/1224/1167 1175/1232/1175 1166/1223/1166
f 1175/1232/1175 1167/1224/1167 1176/1233/1176
f 1168/1225/1168 1176/1233/1176 1167/1224/1167
f 1176/1233/1176 1168/1225/1168 1177/1234/1177
f 1169/1226/1169 1177/1234/1177 1168/1225/1168
f 1177/1234/1177 1169/1226/1169 1178/1235/1178
f 1170/1227/1170 1178/1235/1178 1169/1226/1169
f 1178/1235/1178 1170/1227/1170 1179/1236/1179
f 1171/1228/1171 1179/1236/1179 1170/1227/1170
f 1179/1236/1179 1171/1228/1171 1180/1237/1180
f 1181/1247/1181 930/1239/930 929/1238/929
f 930/1239/930 1181/1247/1181 1182/1248/1182
f 1182/1248/1182 931/1240/931 930/1239/930
f 931/1240/931 1182/1248/1182 1183/1249/1183
f 1183/1249/1183 932/1241/932 931/1240/931
f 932/1241/932 1183/1249/1183 1184/1250/1184
f 1184/1250/1184 933/1242/933 932/1241/932
f 933/1242/933 1184/1250/1184 1185/1251/1185
f 1185/1251/1185 934/1243/934 933/1242/933
f 934/1243/934 1185/1251/1185 1186/1252/1186
f 1186/1252/1186 935/1244/935 934/1243/934
f 935/1244/935 1186/1252/1186 1187/1253/1187
f 1187/1253/1187 936/1245/936 935/1244/935
f 936/1245/936 1187/1253/1187 1188/1254/1188
f 1188/1254/1188 937/1246/937 936/1245/936
f 937/1246/937 1188/1254/1188 1189/1255/1189
f 1189/1255/1189 856/1156/856 937/1246/937
f 856/1156/856 1189/1255/1189 1108/1165/1108
f 1190/1256/1190 1182/1248/1182 1181/1247/1181
f 1182/1248/1182 1190/1256/1190 1191/1257/1191
f 1191/1257/1191 1183/1249/1183 1182/1248/1182
f 1183/1249/1183 1191/1257/1191 1192/1258/1192
f 1192/1258/1192 1184/1250/1184 1183/1249/1183
f 1184/1250/1184 1192/1258/1192 1193/1259/1193
f 1193/1259/1193 1185/1251/1185 1184/1250/1184
f 1185/1251/1185 1193/1259/1193 1194/1260/1194
f 1194/1260/1194 1186/1252/1186 1185/1251/1185
f 1186/1252/1186 1194/1260/1194 1195/1261/1195
f 1195/1261/1195 1187/1253/1187 1186/1252/1186
f 1187/1253/1187 1195/1261/1195 1196/1262/1196
f 1196/1262/1196 1188/1254/1188 1187/1253/1187
f 1188/1254/1188 1196/1262/1196 1197/1263/1197
f 1197/1263/1197 1189/1255/1189 1188/1254/1188
f 1189/1255/1189 1197/1263/1197 1198/1264/1198
f 1198/1264/1198 1108/1165/1108 1189/1255/1189
f 1108/1165/1108 1198/1264/1198 1117/1174/1117
f 1199/1265/1199 1191/1257/1191 1190/1256/1190
f 1191/1257/1191 1199/1265/1199 1200/1266/1200
f 1200/1266/1200 1192/1258/1192 1191/1257/1191
f 1192/1258/1192 1200/1266/1200 1201/1267/1201
f 1201/1267/1201 1193/1259/1193 1192/1258/1192
f 1193/1259/1193 1201/1267/1201 1202/1268/1202
f 1202/1268/1202 1194/1260/1194 1193/1259/1193
f 1194/1260/1194 1202/1268/1202 1203/1269/1203
f 1203/1269/1203 1195/1261/1195 1194/1260/1194
f 1195/1261/1195 1203/1269/1203 1204/1270/1204
f 1204/1270/1204 1196/1262/1196 1195/1261/1195
f 1196/1262/1196 1204/1270/1204 1205/1271/1205
f 1205/1271/1205 1197/1263/1197 1196/1262/1196
f 1197/1263/1197 1205/1271/1205 1206/1272/1206
f 1206/1272/1206 1198/1264/1198 1197/1263/1197
f 1198/1264/1198 1206/1272/1206 1207/1273/1207
f 1207/1273/1207 1117/1174/1117 1198/1264/1198
f 1117/1174/1117 1207/1273/1207 1126/1183/1126
f 1208/1274/1208 1200/1266/1200 1199/1265/1199
f 1200/1266/1200 1208/1274/1208 1209/1275/1209
f 1209/1275/1209 1201/1267/1201 1200/1266/1200
f 1201/1267/1201 1209/1275/1209 1210/1276/1210
f 1210/1276/1210 1202/1268/1202 1201/1267/1201
f 1202/1268/1202 1210/1276/1210 1211/1277/1211
f 1211/1277/1211 1203/1269/1203 1202/1268/1202
f 1203/1269/1203 1211/1277/1211 1212/1278/1212
f 1212/1278/1212 1204/1270/1204 1203/1269/1203
f 1204/1270/1204 1212/1278/1212 1213/1279/1213
f 1213/1279/1213 1205/1271/1205 1204/1270/1204
f 1205/1271/1205 1213/1279/1213 1214/1280/1214
f 1214/1280/1214 1206/1272/1206 1205/1271/1205
f 1206/1272/1206 1214/1280/1214 1215/1281/1215
f 1215/1281/1215 1207/1273/1207 1206/1272/1206
f 1207/1273/1207 1215/1281/1215 1216/1282/1216
f 1216/1282/1216 1126/1183/1126 1207/1273/1207
f 1126/1183/1126 1216/1282/1216 1135/1192/1135
f 1217/1283/1217 1209/1275/1209 1208/1274/1208
f 1209/1275/1209 1217/1283/1217 1218/1284/1218
f 1218/1284/1218 1210/1276/1210 1209/1275/1209
f 1210/1276/1210 1218/1284/1218 1219/1285/1219
f 1219/1285/1219 1211/1277/1211 1210/1276/1210
f 1211/1277/1211 1219/1285/1219 1220/1286/1220
f 1220/1286/1220 1212/1278/1212 1211/1277/1211
f 1212/1278/1212 1220/1286/1220 1221/1287/1221
f 1221/1287/1221 1213/1279/1213 1212/1278/1212
f 1213/1279/1213 1221/1287/1221 1222/1288/1222
f 1222/1288/1222 1214/1280/1214 1213/1279/1213
f 1214/1280/1214 1222/1288/1222 1223/1289/1223
f 1223/1289/1223 1215/1281/1215 1214/1280/1214
f 1215/1281/1215 1223/1289/1223 1224/1290/1224
f 1224/1290/1224 1216/1282/1216 1215/1281/1215
f 1216/1282/1216 1224/1290/1224 1225/1291/1225
f 1225/1291/1225 1135/1192/1135 1216/1282/1216
f 1135/1192/1135 1225/1291/1225 1144/1201/1144
f 1226/1292/1226 1218/1284/1218 1217/1283/1217
f 1218/1284/1218 1226/1292/1226 1227/1293/1227
f 1227/1293/1227 1219/1285/1219 1218/1284/1218
f 1219/1285/1219 1227/1293/1227 1228/1294/1228
f 1228/1294/1228 1220/1286/1220 1219/1285/1219
f 1220/1286/1220 1228/1294/1228 1229/1295/1229
f 1229/1295/1229 1221/1287/1221 1220/1286/1220
f 1221/1287/1221 1229/1295/1229 1230/1296/1230
f 1230/1296/1230 1222/1288/1222 1221/1287/1221
f 1222/1288/1222 1230/1296/1230 1231/1297/1231
f 1231/1297/1231 1223/1289/1223 1222/1288/1222
f 1223/1289/1223 1231/1297/1231 1232/1298/1232
f 1232/1298/1232 1224/1290/1224 1223/1289/1223
f 1224/1290/1224 1232/1298/1232 1233/1299/1233
f 1233/1299/1233 1225/1291/1225 1224/1290/1224
f 1225/1291/1225 1233/1299/1233 1234/1300/1234
f 1234/1300/1234 1144/1201/1144 1225/1291/1225
f 1144/1201/1144 1234/1300/1234 1153/1210/1153
f 1235/1301/1235 1227/1293/1227 1226/1292/1226
f 1227/1293/1227 1235/1301/1235 1236/1302/1236
f 1236/1302/1236 1228/1294/1228 1227/1293/1227
f 1228/1294/1228 1236/1302/1236 1237/1303/1237
f 1237/1303/1237 1229/1295/1229 1228/1294/1228
f 1229/1295/1229 1237/1303/1237 1238/1304/1238
f 1238/1304/1238 1230/1296/1230 1229/1295/1229
f 1230/1296/1230 1238/1304/1238 1239/1305/1239
f 1239/1305/1239 1231/1297/1231 1230/1296/1230
f 1231/1297/1231 1239/1305/1239 1240/1306/1240
f 1240/1306/1240 1232/1298/1232 1231/1297/1231
f 1232/1298/1232 1240/1306/1240 1241/1307/1241
f 1241/1307/1241 1233/1299/1233 1232/1298/1232
f 1233/1299/1233 1241/1307/1241 1242/1308/1242
f 1242/1308/1242 1234/1300/1234 1233/1299/1233
f 1234/1300/1234 1242/1308/1242 1243/1309/1243
f 1243/1309/1243 1153/1210/1153 1234/1300/1234
f 1153/1210/1153 1243/1309/1243 1162/1219/1162
f 1244/1310/1244 1236/1302/1236 1235/1301/1235
f 1236/1302/1236 1244/1310/1244 1245/1311/1245
f 1245/1311/1245 1237/1303/1237 1236/1302/1236
f 1237/1303/1237 1245/1311/1245 1246/1312/1246
f 1246/1312/1246 1238/1304/1238 1237/1303/1237
f 1238/1304/1238 1246/1312/1246 1247/1313/1247
f 1247/1313/1247 1239/1305/1239 1238/1304/1238
f 1239/1305/1239 1247/1313/1247 1248/1314/1248
f 1248/1314/1248 1240/1306/1240 1239/1305/1239
f 1240/1306/1240 1248/1314/1248 1249/1315/1249
f 1249/1315/1249 1241/1307/1241 1240/1306/1240
f 1241/1307/1241 1249/1315/1249 1250/1316/1250
f 1250/1316/1250 1242/1308/1242 1241/1307/1241
f 1242/1308/1242 1250/1316/1250 1251/1317/1251
f 1251/1317/1251 1243/1309/1243 1242/1308/1242
f 1243/1309/1243 1251/1317/1251 1252/1318/1252
f 1252/1318/1252 1162/1219/1162 1243/1309/1243
f 1162/1219/1162 1252/1318/1252 1171/1228/1171
f 1253/1319/1253 1245/1311/1245 1244/1310/1244
f 1245/1311/1245 1253/1319/1253 1254/1320/1254
f 1254/1320/1254 1246/1312/1246 1245/1311/1245
f 1246/1312/1246 1254/1320/1254 1255/1321/1255
f 1255/1321/1255 1247/1313/1247 1246/1312/1246
f 1247/1313/1247 1255/1321/1255 1256/1322/1256
f 1256/1322/1256 1248/1314/1248 1247/1313/1247
f 1248/1314/1248 1256/1322/1256 1257/1323/1257
f 1257/1323/1257 1249/1315/1249 1248/1314/1248
f 1249/1315/1249 1257/1323/1257 1258/1324/1258
f 1258/1324/1258 1250/1316/1250 1249/1315/1249
f 1250/1316/1250 1258/1324/1258 1259/1325/1259
f 1259/1325/1259 1251/1317/1251 1250/1316/1250
f 1251/1317/1251 1259/1325/1259 1260/1326/1260
f 1260/1326/1260 1252/1318/1252 1251/1317/1251
f 1252/1318/1252 1260/1326/1260 1261/1327/1261
f 1261/1327/1261 1171/1228/1171 1252/1318/1252
f 1171/1228/1171 1261/1327/1261 1180/1237/1180
f 1010/1058/1010 1002/1328/1002 766/1048/766
f 1002/1328/1002 1010/1058/1010 1262/1336/1262
f 1262/1336/1262 1003/1329/1003 1002/1328/1002
f 1003/1329/1003 1262/1336/1262 1263/1337/1263
f 1263/1337/1263 1004/1330/1004 1003/1329/1003
f 1004/1330/1004 1263/1337/1263 1264/1338/1264
f 1264/1338/1264 1005/1331/1005 1004/1330/1004
f 1005/1331/1005 1264/1338/1264 1265/1339/1265
f 1265/1339/1265 1006/1332/1006 1005/1331/1005
f 1006/1332/1006 1265/1339/1265 1266/1340/1266
f 1266/1340/1266 1007/1333/1007 1006/1332/1006
f 1007/1333/1007 1266/1340/1266 1267/1341/1267
f 1267/1341/1267 1008/1334/1008 1007/1333/1007
f 1008/1334/1008 1267/1341/1267 1268/1342/1268
f 1268/1342/1268 1009/1335/1009 1008/1334/1008
f 1009/1335/1009 1268/1342/1268 1269/1343/1269
f 1269/1343/1269 929/1238/929 1009/1335/1009
f 929/1238/929 1269/1343/1269 1181/1247/1181
f 1020/1068/1020 1262/1336/1262 1010/1058/1010
f 1262/1336/1262 1020/1068/1020 1270/1344/1270
f 1270/1344/1270 1263/1337/1263 1262/1336/1262
f 1263/1337/1263 1270/1344/1270 1271/1345/1271
f 1271/1345/1271 1264/1338/1264 1263/1337/1263
f 1264/1338/1264 1271/1345/1271 1272/1346/1272
f 1272/1346/1272 1265/1339/1265 1264/1338/1264
f 1265/1339/1265 1272/1346/1272 1273/1347/1273
f 1273/1347/1273 1266/1340/1266 1265/1339/1265
f 1266/1340/1266 1273/1347/1273 1274/1348/1274
f 1274/1348/1274 1267/1341/1267 1266/1340/1266
f 1267/1341/1267 1274/1348/1274 1275/1349/1275
f 1275/1349/1275 1268/1342/1268 1267/1341/1267
f 1268/1342/1268 1275/1349/1275 1276/1350/1276
f 1276/1350/1276 1269/1343/1269 1268/1342/1268
f 1269/1343/1269 1276/1350/1276 1277/1351/1277
f 1277/1351/1277 1181/1247/1181 1269/1343/1269
f 1181/1247/1181 1277/1351/1277 1190/1256/1190
f 1030/1078/1030 1270/1344/1270 1020/1068/1020
f 1270/1344/1270 1030/1078/1030 1278/1352/1278
f 1278/1352/1278 1271/1345/1271 1270/1344/1270
f 1271/1345/1271 1278/1352/1278 1279/1353/1279
f 1279/1353/1279 1272/1346/1272 1271/1345/1271
f 1272/1346/1272 1279/1353/1279 1280/1354/1280
f 1280/1354/1280 1273/1347/1273 1272/1346/1272
f 1273/1347/1273 1280/1354/1280 1281/1355/1281
f 1281/1355/1281 1274/1348/1274 1273/1347/1273
f 1274/1348/1274 1281/1355/1281 1282/1356/1282
f 1282/1356/1282 1275/1349/1275 1274/1348/1274
f 1275/1349/1275 1282/1356/1282 1283/1357/1283
f 1283/1357/1283 1276/1350/1276 1275/1349/1275
f 1276/1350/1276 1283/1357/1283 1284/1358/1284
f 1284/1358/1284 1277/1351/1277 1276/1350/1276
f 1277/1351/1277 1284/1358/1284 1285/1359/1285
f 1285/1359/1285 1190/1256/1190 1277/1351/1277
f 1190/1256/1190 1285/1359/1285 1199/1265/1199
f 1040/1088/1040 1278/1352/1278 1030/1078/1030
f 1278/1352/1278 1040/1088/1040 1286/1360/1286
f 1286/1360/1286 1279/1353/1279 1278/1352/1278
f 1279/1353/1279 1286/1360/1286 1287/1361/1287
f 1287/1361/1287 1280/1354/1280 1279/1353/1279
f 1280/1354/1280 1287/1361/1287 1288/1362/1288
f 1288/1362/1288 1281/1355/1281 1280/1354/1280
f 1281/1355/1281 1288/1362/1288 1289/1363/1289
f 1289/1363/1289 1282/1356/1282 1281/1355/1281
f 1282/1356/1282 1289/1363/1289 1290/1364/1290
f 1290/1364/1290 1283/1357/1283 1282/1356/1282
f 1283/1357/1283 1290/1364/1290 1291/1365/1291
f 1291/1365/1291 1284/1358/1284 1283/1357/1283
f 1284/1358/1284 1291/1365/1291 1292/1366/1292
f 1292/1366/1292 1285/1359/1285 1284/1358/1284
f 1285/1359/1285 1292/1366/1292 1293/1367/1293
f 1293/1367/1293 1199/1265/1199 1285/1359/1285
f 1199/1265/1199 1293/1367/1293 1208/1274/1208
f 1050/1098/1050 1286/1360/1286 1040/1088/1040
f 1286/1360/1286 1050/1098/1050 1294/1368/1294
f 1294/1368/1294 1287/1361/1287 1286/1360/1286
f 1287/1361/1287 1294/1368/1294 1295/1369/1295
f 1295/1369/1295 1288/1362/1288 1287/1361/1287
f 1288/1362/1288 1295/1369/1295 1296/1370/1296
f 1296/1370/1296 1289/1363/1289 1288/1362/1288
f 1289/1363/1289 1296/1370/1296 1297/1371/1297
f 1297/1371/1297 1290/1364/1290 1289/1363/1289
f 1290/1364/1290 1297/1371/1297 1298/1372/1298
f 1298/1372/1298 1291/1365/1291 1290/1364/1290
f 1291/1365/1291 1298/1372/1298 1299/1373/1299
f 1299/1373/1299 1292/1366/1292 1291/1365/1291
f 1292/1366/1292 1299/1373/1299 1300/1374/1300
f 1300/1374/1300 1293/1367/1293 1292/1366/1292
f 1293/1367/1293 1300/1374/1300 1301/1375/1301
f 1301/1375/1301 1208/1274/1208 1293/1367/1293
f 1208/1274/1208 1301/1375/1301 1217/1283/1217
f 1060/1108/1060 1294/1368/1294 1050/1098/1050
f 1294/1368/1294 1060/1108/1060 1302/1376/1302
f 1302/1376/1302 1295/1369/1295 1294/1368/1294
f 1295/1369/1295 1302/1376/1302 1303/1377/1303
f 1303/1377/1303 1296/1370/1296 1295/1369/1295
f 1296/1370/1296 1303/1377/1303 1304/1378/1304
f 1304/1378/1304 1297/1371/1297 1296/1370/1296
f 1297/1371/1297 1304/1378/1304 1305/1379/1305
f 1305/1379/1305 1298/1372/1298 1297/1371/1297
f 1298/1372/1298 1305/1379/1305 1306/1380/1306
f 1306/1380/1306 1299/1373/1299 1298/1372/1298
f 1299/1373/1299 1306/1380/1306 1307/1381/1307
f 1307/1381/1307 1300/1374/1300 1299/1373/1299
f 1300/1374/1300 1307/1381/1307 1308/1382/1308
f 1308/1382/1308 1301/1375/1301 1300/1374/1300
f 1301/1375/1301 1308/1382/1308 1309/1383/1309
f 1309/1383/1309 1217/1283/1217 1301/1375/1301
f 1217/1283/1217 1309/1383/1309 1226/1292/1226
f 1070/1118/1070 1302/1376/1302 1060/1108/1060
f 1302/1376/1302 1070/1118/1070 1310/1384/1310
f 1310/1384/1310 1303/1377/1303 1302/1376/1302
f 1303/1377/1303 1310/1384/1310 1311/1385/1311
f 1311/1385/1311 1304/1378/1304 1303/1377/1303
f 1304/1378/1304 1311/1385/1311 1312/1386/1312
f 1312/1386/1312 1305/1379/1305 1304/1378/1304
f 1305/1379/1305 1312/1386/1312 1313/1387/1313
f 1313/1387/1313 1306/1380/1306 1305/1379/1305
f 1306/1380/1306 1313/1387/1313 1314/1388/1314
f 1314/1388/1314 1307/1381/1307 1306/1380/1306
f 1307/1381/1307 1314/1388/1314 1315/1389/1315
f 1315/1389/1315 1308/1382/1308 1307/1381/1307
f 1308/1382/1308 1315/1389/1315 1316/1390/1316
f 1316/1390/1316 1309/1383/1309 1308/1382/1308
f 1309/1383/1309 1316/1390/1316 1317/1391/1317
f 1317/1391/1317 1226/1292/1226 1309/1383/1309
f 1226/1292/1226 1317/1391/1317 1235/1301/1235
f 1080/1128/1080 1310/1384/1310 1070/1118/1070
f 1310/1384/1310 1080/1128/1080 1318/1392/1318
f 1318/1392/1318 1311/1385/1311 1310/1384/1310
f 1311/1385/1311 1318/1392/1318 1319/1393/1319
f 1319/1393/1319 1312/1386/1312 1311/1385/1311
f 1312/1386/1312 1319/1393/1319 1320/1394/1320
f 1320/1394/1320 1313/1387/1313 1312/1386/1312
f 1313/1387/1313 1320/1394/1320 1321/1395/1321
f 1321/1395/1321 1314/1388/1314 1313/1387/1313
f 1314/1388/1314 1321/1395/1321 1322/1396/1322
f 1322/1396/1322 1315/1389/1315 1314/1388/1314
f 1315/1389/1315 1322/1396/1322 1323/1397/1323
f 1323/1397/1323 1316/1390/1316 1315/1389/1315
f 1316/1390/1316 1323/1397/1323 1324/1398/1324
f 1324/1398/1324 1317/1391/1317 1316/1390/1316
f 1317/1391/1317 1324/1398/1324 1325/1399/1325
f 1325/1399/1325 1235/1301/1235 1317/1391/1317
f 1235/1301/1235 1325/1399/1325 1244/1310/1244
f 1090/1138/1090 1318/1392/1318 1080/1128/1080
f 1318/1392/1318 1090/1138/1090 1326/1400/1326
f 1326/1400/1326 1319/1393/1319 1318/1392/1318
f 1319/1393/1319 1326/1400/1326 1327/1401/1327
f 1327/1401/1327 1320/1394/1320 1319/1393/1319
f 1320/1394/1320 1327/1401/1327 1328/1402/1328
f 1328/1402/1328 1321/1395/1321 1320/1394/1320
f 1321/1395/1321 1328/1402/1328 1329/1403/1329
f 1329/1403/1329 1322/1396/1322 1321/1395/1321
f 1322/1396/1322 1329/1403/1329 1330/1404/1330
f 1330/1404/1330 1323/1397/1323 1322/1396/1322
f 1323/1397/1323 1330/1404/1330 1331/1405/1331
f 1331/1405/1331 1324/1398/1324 1323/1397/1323
f 1324/1398/1324 1331/1405/1331 1332/1406/1332
f 1332/1406/1332 1325/1399/1325 1324/1398/1324
f 1325/1399/1325 1332/1406/1332 1333/1407/1333
f 1333/1407/1333 1244/1310/1244 1325/1399/1325
f 1244/1310/1244 1333/1407/1333 1253/1319/1253
f 1335/1409/1335 1344/1418/1344 1334/1408/1334
f 1344/1418/1344 1335/1409/1335 1345/1419/1345
f 1336/1410/1336 1345/1419/1345 1335/1409/1335
f 1345/1419/1345 1336/1410/1336 1346/1420/1346
f 1337/1411/1337 1346/1420/1346 1336/1410/1336
f 1346/1420/1346 1337/1411/1337 1347/1421/1347
f 1338/1412/1338 1347/1421/1347 1337/1411/1337
f 1347/1421/1347 1338/1412/1338 1348/1422/1348
f 1339/1413/1339 1348/1422/1348 1338/1412/1338
f 1348/1422/1348 1339/1413/1339 1349/1423/1349
f 1340/1414/1340 1349/1423/1349 1339/1413/1339
f 1349/1423/1349 1340/1414/1340 1350/1424/1350
f 1341/1415/1341 1350/1424/1350 1340/1414/1340
f 1350/1424/1350 1341/1415/1341 1351/1425/1351
f 1342/1416/1342 1351/1425/1351 1341/1415/1341
f 1351/1425/1351 1342/1416/1342 1352/1426/1352
f 1343/1417/1343 1352/1426/1352 1342/1416/1342
f 1352/1426/1352 1343/1417/1343 1353/1427/1353
f 1345/1419/1345 1354/1428/1354 1344/1418/1344
f 1354/1428/1354 1345/1419/1345 1355/1429/1355
f 1346/1420/1346 1355/1429/1355 1345/1419/1345
f 1355/1429/1355 1346/1420/1346 1356/1430/1356
f 1347/1421/1347 1356/1430/1356 1346/1420/1346
f 1356/1430/1356 1347/1421/1347 1357/1431/1357
f 1348/1422/1348 1357/1431/1357 1347/1421/1347
f 1357/1431/1357 1348/1422/1348 1358/1432/1358
f 1349/1423/1349 1358/1432/1358 1348/1422/1348
f 1358/1432/1358 1349/1423/1349 1359/1433/1359
f 1350/1424/1350 1359/1433/1359 1349/1423/1349
f 1359/1433/1359 1350/1424/1350 1360/1434/1360
f 1351/1425/1351 1360/1434/1360 1350/1424/1350
f 1360/1434/1360 1351/1425/1351 1361/1435/1361
f 1352/1426/1352 1361/1435/1361 1351/1425/1351
f 1361/1435/1361 1352/1426/1352 1362/1436/1362
f 1353/1427/1353 1362/1436/1362 1352/1426/1352
f 1362/1436/1362 1353/1427/1353 1363/1437/1363
f 1355/1429/1355 1364/1438/1364 1354/1428/1354
f 1364/1438/1364 1355/1429/1355 1365/1439/1365
f 1356/1430/1356 1365/1439/1365 1355/1429/1355
f 1365/1439/1365 1356/1430/1356 1366/1440/1366
f 1357/1431/1357 1366/1440/1366 1356/1430/1356
f 1366/1440/1366 1357/1431/1357 1367/1441/1367
f 1358/1432/1358 1367/1441/1367 1357/1431/1357
f 1367/1441/1367 1358/1432/1358 1368/1442/1368
f 1359/1433/1359 1368/1442/1368 1358/1432/1358
f 1368/1442/1368 1359/1433/1359 1369/1443/1369
f 1360/1434/1360 1369/1443/1369 1359/1433/1359
f 1369/1443/1369 1360/1434/1360 1370/1444/1370
f 1361/1435/1361 1370/1444/1370 1360/1434/1360
f 1370/1444/1370 1361/1435/1361 1371/1445/1371
f 1362/1436/1362 1371/1445/1371 1361/1435/1361
f 1371/1445/1371 1362/1436/1362 1372/1446/1372
f 1363/1437/1363 1372/1446/1372 1362/1436/1362
f 1372/1446/1372 1363/1437/1363 1373/1447/1373
f 1365/1439/1365 1374/1448/1374 1364/1438/1364
f 1374/1448/1374 1365/1439/1365 1375/1449/1375
f 1366/1440/1366 1375/1449/1375 1365/1439/1365
f 1375/1449/1375 1366/1440/1366 1376/1450/1376
f 1367/1441/1367 1376/1450/1376 1366/1440/1366
f 1376/1450/1376 1367/1441/1367 1377/1451/1377
f 1368/1442/1368 1377/1451/1377 1367/1441/1367
f 1377/1451/1377 1368/1442/1368 1378/1452/1378
f 1369/1443/1369 1378/1452/1378 1368/1442/1368
f 1378/1452/1378 1369/1443/1369 1379/1453/1379
f 1370/1444/1370 1379/1453/1379 1369/1443/1369
f 1379/1453/1379 1370/1444/1370 1380/1454/1380
f 1371/1445/1371 1380/1454/1380 1370/1444/1370
f 1380/1454/1380 1371/1445/1371 1381/1455/1381
f 1372/1446/1372 1381/1455/1381 1371/1445/1371
f 1381/1455/1381 1372/1446/1372 1382/1456/1382
f 1373/1447/1373 1382/1456/1382 1372/1446/1372
f 1382/1456/1382 1373/1447/1373 1383/1457/1383
f 1375/1449/1375 1384/1458/1384 1374/1448/1374
f 1384/1458/1384 1375/1449/1375 1385/1459/1385
f 1376/1450/1376 1385/1459/1385 1375/1449/1375
f 1385/1459/1385 1376/1450/1376 1386/1460/1386
f 1377/1451/1377 1386/1460/1386 1376/1450/1376
f 1386/1460/1386 1377/1451/1377 1387/1461/1387
f 1378/1452/1378 1387/1461/1387 1377/1451/1377
f 1387/1461/1387 1378/1452/1378 1388/1462/1388
f 1379/1453/1379 1388/1462/1388 1378/1452/1378
f 1388/1462/1388 1379/1453/1379 1389/1463/1389
f 1380/1454/1380 1389/1463/1389 1379/1453/1379
f 1389/1463/1389 1380/1454/1380 1390/1464/1390
f 1381/1455/1381 1390/1464/1390 1380/1454/1380
f 1390/1464/1390 1381/1455/1381 1391/1465/1391
f 1382/1456/1382 1391/1465/1391 1381/1455/1381
f 1391/1465/1391 1382/1456/1382 1392/1466/1392
f 1383/1457/1383 1392/1466/1392 1382/1456/1382
f 1392/1466/1392 1383/1457/1383 1393/1467/1393
f 1385/1459/1385 1394/1468/1394 1384/1458/1384
f 1394/1468/1394 1385/1459/1385 1395/1469/1395
f 1386/1460/1386 1395/1469/1395 1385/1459/1385
f 1395/1469/1395 1386/1460/1386 1396/1470/1396
f 1387/1461/1387 1396/1470/1396 1386/1460/1386
f 1396/1470/1396 1387/1461/1387 1397/1471/1397
f 1388/1462/1388 1397/1471/1397 1387/1461/1387
f 1397/1471/1397 1388/1462/1388 1398/1472/1398
f 1389/1463/1389 1398/1472/1398 1388/1462/1388
f 1398/1472/1398 1389/1463/1389 1399/1473/1399
f 1390/1464/1390 1399/1473/1399 1389/1463/1389
f 1399/1473/1399 1390/1464/1390 1400/1474/1400
f 1391/1465/1391 1400/1474/1400 1390/1464/1390
f 1400/1474/1400 1391/1465/1391 1401/1475/1401
f 1392/1466/1392 1401/1475/1401 1391/1465/1391
f 1401/1475/1401 1392/1466/1392 1402/1476/1402
f 1393/1467/1393 1402/1476/1402 1392/1466/1392
f 1402/1476/1402 1393/1467/1393 1403/1477/1403
f 1395/1469/1395 1404/1478/1404 1394/1468/1394
f 1404/1478/1404 1395/1469/1395 1405/1479/1405
f 1396/1470/1396 1405/1479/1405 1395/1469/1395
f 1405/1479/1405 1396/1470/1396 1406/1480/1406
f 1397/1471/1397 1406/1480/1406 1396/1470/1396
f 1406/1480/1406 1397/1471/1397 1407/1481/1407
f 1398/1472/1398 1407/1481/1407 1397/1471/1397
f 1407/1481/1407 1398/1472/1398 1408/1482/1408
f 1399/1473/1399 1408/1482/1408 1398/1472/1398
f 1408/1482/1408 1399/1473/1399 1409/1483/1409
f 1400/1474/1400 1409/1483/1409 1399/1473/1399
f 1409/1483/1409 1400/1474/1400 1410/1484/1410
f 1401/1475/1401 1410/1484/1410 1400/1474/1400
f 1410/1484/1410 1401/1475/1401 1411/1485/1411
f 1402/1476/1402 1411/1485/1411 1401/1475/1401
f 1411/1485/1411 1402/1476/1402 1412/1486/1412
f 1403/1477/1403 1412/1486/1412 1402/1476/1402
f 1412/1486/1412 1403/1477/1403 1413/1487/1413
f 1405/1479/1405 1414/1488/1414 1404/1478/1404
f 1414/1488/1414 1405/1479/1405 1415/1489/1415
f 1406/1480/1406 1415/1489/1415 1405/1479/1405
f 1415/1489/1415 1406/1480/1406 1416/1490/1416
f 1407/1481/1407 1416/1490/1416 1406/1480/1406
f 1416/1490/1416 1407/1481/1407 1417/1491/1417
f 1408/1482/1408 1417/1491/1417 1407/1481/1407
f 1417/1491/1417 1408/1482/1408 1418/1492/1418
f 1409/1483/1409 1418/1492/1418 1408/1482/1408
f 1418/1492/1418 1409/1483/1409 1419/1493/1419
f 1410/1484/1410 1419/1493/1419 1409/1483/1409
f 1419/1493/1419 1410/1484/1410 1420/1494/1420
f 1411/1485/1411 1420/1494/1420 1410/1484/1410
f 1420/1494/1420 1411/1485/1411 1421/1495/1421
f 1412/1486/1412 1421/1495/1421 1411/1485/1411
f 1421/1495/1421 1412/1486/1412 1422/1496/1422
f 1413/1487/1413 1422/1496/1422 1412/1486/1412
f 1422/1496/1422 1413/1487/1413 1423/1497/1423
f 1415/1489/1415 1424/1498/1424 1414/1488/1414
f 1424/1498/1424 1415/1489/1415 1425/1499/1425
f 1416/1490/1416 1425/1499/1425 1415/1489/1415
f 1425/1499/1425 1416/1490/1416 1426/1500/1426
f 1417/1491/1417 1426/1500/1426 1416/1490/1416
f 1426/1500/1426 1417/1491/1417 1427/1501/1427
f 1418/1492/1418 1427/1501/1427 1417/1491/1417
f 1427/1501/1427 1418/1492/1418 1428/1502/1428
f 1419/1493/1419 1428/1502/1428 1418/1492/1418
f 1428/1502/1428 1419/1493/1419 1429/1503/1429
f 1420/1494/1420 1429/1503/1429 1419/1493/1419
f 1429/1503/1429 1420/1494/1420 1430/1504/1430
f 1421/1495/1421 1430/1504/1430 1420/1494/1420
f 1430/1504/1430 1421/1495/1421 1431/1505/1431
f 1422/1496/1422 1431/1505/1431 1421/1495/1421
f 1431/1505/1431 1422/1496/1422 1432/1506/1432
f 1423/1497/1423 1432/1506/1432 1422/1496/1422
f 1432/1506/1432 1423/1497/1423 1433/1507/1433
f 1434/1508/1434 1353/1427/1353 1343/1417/1343
f 1353/1427/1353 1434/1508/1434 1443/1517/1443
f 1435/1509/1435 1443/1517/1443 1434/1508/1434
f 1443/1517/1443 1435/1509/1435 1444/1518/1444
f 1436/1510/1436 1444/1518/1444 1435/1509/1435
f 1444/1518/1444 1436/1510/1436 1445/1519/1445
f 1437/1511/1437 1445/1519/1445 1436/1510/1436
f 1445/1519/1445 1437/1511/1437 1446/1520/1446
f 1438/1512/1438 1446/1520/1446 1437/1511/1437
f 1446/1520/1446 1438/1512/1438 1447/1521/1447
f 1439/1513/1439 1447/1521/1447 1438/1512/1438
f 1447/1521/1447 1439/1513/1439 1448/1522/1448
f 1440/1514/1440 1448/1522/1448 1439/1513/1439
f 1448/1522/1448 1440/1514/1440 1449/1523/1449
f 1441/1515/1441 1449/1523/1449 1440/1514/1440
f 1449/1523/1449 1441/1515/1441 1450/1524/1450
f 1442/1516/1442 1450/1524/1450 1441/1515/1441
f 1450/1524/1450 1442/1516/1442 1451/1525/1451
f 1443/1517/1443 1363/1437/1363 1353/1427/1353
f 1363/1437/1363 1443/1517/1443 1452/1526/1452
f 1444/1518/1444 1452/1526/1452 1443/1517/1443
f 1452/1526/1452 1444/1518/1444 1453/1527/1453
f 1445/1519/1445 1453/1527/1453 1444/1518/1444
f 1453/1527/1453 1445/1519/1445 1454/1528/1454
f 1446/1520/1446 1454/1528/1454 1445/1519/1445
f 1454/1528/1454 1446/1520/1446 1455/1529/1455
f 1447/1521/1447 1455/1529/1455 1446/1520/1446
f 1455/1529/1455 1447/1521/1447 1456/1530/1456
f 1448/1522/1448 1456/1530/1456 1447/1521/1447
f 1456/1530/1456 1448/1522/1448 1457/1531/1457
f 1449/1523/1449 1457/1531/1457 1448/1522/1448
f 1457/1531/1457 1449/1523/1449 1458/1532/1458
f 1450/1524/1450 1458/1532/1458 1449/1523/1449
f 1458/1532/1458 1450/1524/1450 1459/1533/1459
f 1451/1525/1451 1459/1533/1459 1450/1524/1450
f 1459/1533/1459 1451/1525/1451 1460/1534/1460
f 1452/1526/1452 1373/1447/1373 1363/1437/1363
f 1373/1447/1373 1452/1526/1452 1461/1535/1461
f 1453/1527/1453 1461/1535/1461 1452/1526/1452
f 1461/1535/1461 1453/1527/1453 1462/1536/1462
f 1454/1528/1454 1462/1536/1462 1453/1527/1453
f 1462/1536/1462 1454/1528/1454 1463/1537/1463
f 1455/1529/1455 1463/1537/1463 1454/1528/1454
f 1463/1537/1463 1455/1529/1455 1464/1538/1464
f 1456/1530/1456 1464/1538/1464 1455/1529/1455
f 1464/1538/1464 1456/1530/1456 1465/1539/1465
f 1457/1531/1457 1465/1539/1465 1456/1530/1456
f 1465/1539/1465 1457/1531/1457 1466/1540/1466
f 1458/1532/1458 1466/1540/1466 1457/1531/1457
f 1466/1540/1466 1458/1532/1458 1467/1541/1467
f 1459/1533/1459 1467/1541/1467 1458/1532/1458
f 1467/1541/1467 1459/1533/1459 1468/1542/1468
f 1460/1534/1460 1468/1542/1468 1459/1533/1459
f 1468/1542/1468 1460/1534/1460 1469/1543/1469
f 1461/1535/1461 1383/1457/1383 1373/1447/1373
f 1383/1457/1383 1461/1535/1461 1470/1544/1470
f 1462/1536/1462 1470/1544/1470 1461/1535/1461
f 1470/1544/1470 1462/1536/1462 1471/1545/1471
f 1463/1537/1463 1471/1545/1471 1462/1536/1462
f 1471/1545/1471 1463/1537/1463 1472/1546/1472
f 1464/1538/1464 1472/1546/1472 1463/1537/1463
f 1472/1546/1472 1464/1538/1464 1473/1547/1473
f 1465/1539/1465 1473/1547/1473 1464/1538/1464
f 1473/1547/1473 1465/1539/1465 1474/1548/1474
f 1466/1540/1466 1474/1548/1474 1465/1539/1465
f 1474/1548/1474 1466/1540/1466 1475/1549/1475
f 1467/1541/1467 1475/1549/1475 1466/1540/1466
f 1475/1549/1475 1467/1541/1467 1476/1550/1476
f 1468/1542/1468 1476/1550/1476 1467/1541/1467
f 1476/1550/1476 1468/1542/1468 1477/1551/1477
f 1469/1543/1469 1477/1551/1477 1468/1542/1468
f 1477/1551/1477 1469/1543/1469 1478/1552/1478
f 1470/1544/1470 1393/1467/1393 1383/1457/1383
f 1393/1467/1393 1470/1544/1470 1479/1553/1479
f 1471/1545/1471 1479/1553/1479 1470/1544/1470
f 1479/1553/1479 1471/1545/1471 1480/1554/1480
f 1472/1546/1472 1480/1554/1480 1471/1545/1471
f 1480/1554/1480 1472/1546/1472 1481/1555/1481
f 1473/1547/1473 1481/1555/1481 1472/1546/1472
f 1481/1555/1481 1473/1547/1473 1482/1556/1482
f 1474/1548/1474 1482/1556/1482 1473/1547/1473
f 1482/1556/1482 1474/1548/1474 1483/1557/1483
f 1475/1549/1475 1483/1557/1483 1474/1548/1474
f 1483/1557/1483 1475/1549/1475 1484/1558/1484
f 1476/1550/1476 1484/1558/1484 1475/1549/1475
f 1484/1558/1484 1476/1550/1476 1485/1559/1485
f 1477/1551/1477 1485/1559/1485 1476/1550/1476
f 1485/1559/1485 1477/1551/1477 1486/1560/1486
f 1478/1552/1478 1486/1560/1486 1477/1551/1477
f 1486/1560/1486 1478/1552/1478 1487/1561/1487
f 1479/1553/1479 1403/1477/1403 1393/1467/1393
f 1403/1477/1403 1479/1553/1479 1488/1562/1488
f 1480/1554/1480 1488/1562/1488 1479/1553/1479
f 1488/1562/1488 1480/1554/1480 1489/1563/1489
f 1481/1555/1481 1489/1563/1489 1480/1554/1480
f 1489/1563/1489 1481/1555/1481 1490/1564/1490
f 1482/1556/1482 1490/1564/1490 1481/1555/1481
f 1490/1564/1490 1482/1556/1482 1491/1565/1491
f 1483/1557/1483 1491/1565/1491 1482/1556/1482
f 1491/1565/1491 1483/1557/1483 1492/1566/1492
f 1484/1558/1484 1492/1566/1492 1483/1557/1483
f 1492/1566/1492 1484/1558/1484 1493/1567/1493
f 1485/1559/1485 1493/1567/1493 1484/1558/1484
f 1493/1567/1493 1485/1559/1485 1494/1568/1494
f 1486/1560/1486 1494/1568/1494 1485/1559/1485
f 1494/1568/1494 1486/1560/1486 1495/1569/1495
f 1487/1561/1487 1495/1569/1495 1486/1560/1486
f 1495/1569/1495 1487/1561/1487 1496/1570/1496
f 1488/1562/1488 1413/1487/1413 1403/1477/1403
f 1413/1487/1413 1488/1562/1488 1497/1571/1497
f 1489/1563/1489 1497/1571/1497 1488/1562/1488
f 1497/1571/1497 1489/1563/1489 1498/1572/1498
f 1490/1564/1490 1498/1572/1498 1489/1563/1489
f 1498/1572/1498 1490/1564/1490 1499/1573/1499
f 1491/1565/1491 1499/1573/1499 1490/1564/1490
f 1499/1573/1499 1491/1565/1491 1500/1574/1500
f 1492/1566/1492 1500/1574/1500 1491/1565/1491
f 1500/1574/1500 1492/1566/1492 1501/1575/1501
f 1493/1567/1493 1501/1575/1501 1492/1566/1492
f 1501/1575/1501 1493/1567/1493 1502/1576/1502
f 1494/1568/1494 1502/1576/1502 1493/1567/1493
f 1502/1576/1502 1494/1568/1494 1503/1577/1503
f 1495/1569/1495 1503/1577/1503 1494/1568/1494
f 1503/1577/1503 1495/1569/1495 1504/1578/1504
f 1496/1570/1496 1504/1578/1504 1495/1569/1495
f 1504/1578/1504 1496/1570/1496 1505/1579/1505
f 1497/1571/1497 1423/1497/1423 1413/1487/1413
f 1423/1497/1423 1497/1571/1497 1506/1580/1506
f 1498/1572/1498 1506/1580/1506 1497/1571/1497
f 1506/1580/1506 1498/1572/1498 1507/1581/1507
f 1499/1573/1499 1507/1581/1507 1498/1572/1498
f 1507/1581/1507 1499/1573/1499 1508/1582/1508
f 1500/1574/1500 1508/1582/1508 1499/1573/1499
f 1508/1582/1508 1500/1574/1500 1509/1583/1509
f 1501/1575/1501 1509/1583/1509 1500/1574/1500
f 1509/1583/1509 1501/1575/1501 1510/1584/1510
f 1502/1576/1502 1510/1584/1510 1501/1575/1501
f 1510/1584/1510 1502/1576/1502 1511/1585/1511
f 1503/1577/1503 1511/1585/1511 1502/1576/1502
f 1511/1585/1511 1503/1577/1503 1512/1586/1512
f 1504/1578/1504 1512/1586/1512 1503/1577/1503
f 1512/1586/1512 1504/1578/1504 1513/1587/1513
f 1505/1579/1505 1513/1587/1513 1504/1578/1504
f 1513/1587/1513 1505/1579/1505 1514/1588/1514
f 1506/1580/1506 1433/1507/1433 1423/1497/1423
f 1433/1507/1433 1506/1580/1506 1515/1589/1515
f 1507/1581/1507 1515/1589/1515 1506/1580/1506
f 1515/1589/1515 1507/1581/1507 1516/1590/1516
f 1508/1582/1508 1516/1590/1516 1507/1581/1507
f 1516/1590/1516 1508/1582/1508 1517/1591/1517
f 1509/1583/1509 1517/1591/1517 1508/1582/1508
f 1517/1591/1517 1509/1583/1509 1518/1592/1518
f 1510/1584/1510 1518/1592/1518 1509/1583/1509
f 1518/1592/1518 1510/1584/1510 1519/1593/1519
f 1511/1585/1511 1519/1593/1519 1510/1584/1510
f 1519/1593/1519 1511/1585/1511 1520/1594/1520
f 1512/1586/1512 1520/1594/1520 1511/1585/1511
f 1520/1594/1520 1512/1586/1512 1521/1595/1521
f 1513/1587/1513 1521/1595/1521 1512/1586/1512
f 1521/1595/1521 1513/1587/1513 1522/1596/1522
f 1514/1588/1514 1522/1596/1522 1513/1587/1513
f 1522/1596/1522 1514/1588/1514 1523/1597/1523
f 1533/1607/1533 1525/1599/1525 1524/1598/1524
f 1525/1599/1525 1533/1607/1533 1534/1608/1534
f 1534/1608/1534 1526/1600/1526 1525/1599/1525
f 1526/1600/1526 1534/1608/1534 1535/1609/1535
f 1535/1609/1535 1527/1601/1527 1526/1600/1526
f 1527/1601/1527 1535/1609/1535 1536/1610/1536
f 1536/1610/1536 1528/1602/1528 1527/1601/1527
f 1528/1602/1528 1536/1610/1536 1537/1611/1537
f 1537/1611/1537 1529/1603/1529 1528/1602/1528
f 1529/1603/1529 1537/1611/1537 1538/1612/1538
f 1538/1612/1538 1530/1604/1530 1529/1603/1529
f 1530/1604/1530 1538/1612/1538 1539/1613/1539
f 1539/1613/1539 1531/1605/1531 1530/1604/1530
f 1531/1605/1531 1539/1613/1539 1540/1614/1540
f 1540/1614/1540 1532/1606/1532 1531/1605/1531
f 1532/1606/1532 1540/1614/1540 1541/1615/1541
f 1541/1615/1541 1442/1516/1442 1532/1606/1532
f 1442/1516/1442 1541/1615/1541 1451/1525/1451
f 1542/1616/1542 1534/1608/1534 1533/1607/1533
f 1534/1608/1534 1542/1616/1542 1543/1617/1543
f 1543/1617/1543 1535/1609/1535 1534/1608/1534
f 1535/1609/1535 1543/1617/1543 1544/1618/1544
f 1544/1618/1544 1536/1610/1536 1535/1609/1535
f 1536/1610/1536 1544/1618/1544 1545/1619/1545
f 1545/1619/1545 1537/1611/1537 1536/1610/1536
f 1537/1611/1537 1545/1619/1545 1546/1620/1546
f 1546/1620/1546 1538/1612/1538 1537/1611/1537
f 1538/1612/1538 1546/1620/1546 1547/1621/1547
f 1547/1621/1547 1539/1613/1539 1538/1612/1538
f 1539/1613/1539 1547/1621/1547 1548/1622/1548
f 1548/1622/1548 1540/1614/1540 1539/1613/1539
f 1540/1614/1540 1548/1622/1548 1549/1623/1549
f 1549/1623/1549 1541/1615/1541 1540/1614/1540
f 1541/1615/1541 1549/1623/1549 1550/1624/1550
f 1550/1624/1550 1451/1525/1451 1541/1615/1541
f 1451/1525/1451 1550/1624/1550 1460/1534/1460
f 1551/1625/1551 1543/1617/1543 1542/1616/1542
f 1543/1617/1543 1551/1625/1551 1552/1626/1552
f 1552/1626/1552 1544/1618/1544 1543/1617/1543
f 1544/1618/1544 1552/1626/1552 1553/1627/1553
f 1553/1627/1553 1545/1619/1545 1544/1618/1544
f 1545/1619/1545 1553/1627/1553 1554/1628/1554
f 1554/1628/1554 1546/1620/1546 1545/1619/1545
f 1546/1620/1546 1554/1628/1554 1555/1629/1555
f 1555/1629/1555 1547/1621/1547 1546/1620/1546
f 1547/1621/1547 1555/1629/1555 1556/1630/1556
f 1556/1630/1556 1548/1622/1548 1547/1621/1547
f 1548/1622/1548 1556/1630/1556 1557/1631/1557
f 1557/1631/1557 1549/1623/1549 1548/1622/1548
f 1549/1623/1549 1557/1631/1557 1558/1632/1558
f 1558/1632/1558 1550/1624/1550 1549/1623/1549
f 1550/1624/1550 1558/1632/1558 1559/1633/1559
f 1559/1633/1559 1460/1534/1460 1550/1624/1550
f 1460/1534/1460 1559/1633/1559 1469/1543/1469
f 1560/1634/1560 1552/1626/1552 1551/1625/1551
f 1552/1626/1552 1560/1634/1560 1561/1635/1561
f 1561/1635/1561 1553/1627/1553 1552/1626/1552
f 1553/1627/1553 1561/1635/1561 1562/1636/1562
f 1562/1636/1562 1554/1628/1554 1553/1627/1553
f 1554/1628/1554 1562/1636/1562 1563/1637/1563
f 1563/1637/1563 1555/1629/1555 1554/1628/1554
f 1555/1629/1555 1563/1637/1563 1564/1638/1564
f 1564/1638/1564 1556/1630/1556 1555/1629/1555
f 1556/1630/1556 1564/1638/1564 1565/1639/1565
f 1565/1639/1565 1557/1631/1557 1556/1630/1556
f 1557/1631/1557 1565/1639/1565 1566/1640/1566
f 1566/1640/1566 1558/1632/1558 1557/1631/1557
f 1558/1632/1558 1566/1640/1566 1567/1641/1567
f 1567/1641/1567 1559/1633/1559 1558/1632/1558
f 1559/1633/1559 1567/1641/1567 1568/1642/1568
f 1568/1642/1568 1469/1543/1469 1559/1633/1559
f 1469/1543/1469 1568/1642/1568 1478/1552/1478
f 1569/1643/1569 1561/1635/1561 1560/1634/1560
f 1561/1635/1561 1569/1643/1569 1570/1644/1570
f 1570/1644/1570 1562/1636/1562 1561/1635/1561
f 1562/1636/1562 1570/1644/1570 1571/1645/1571
f 1571/1645/1571 1563/1637/1563 1562/1636/1562
f 1563/1637/1563 1571/1645/1571 1572/1646/1572
f 1572/1646/1572 1564/1638/1564 1563/1637/1563
f 1564/1638/1564 1572/1646/1572 1573/1647/1573
f 1573/1647/1573 1565/1639/1565 1564/1638/1564
f 1565/1639/1565 1573/1647/1573 1574/1648/1574
f 1574/1648/1574 1566/1640/1566 1565/1639/1565
f 1566/1640/1566 1574/1648/1574 1575/1649/1575
f 1575/1649/1575 1567/1641/1567 1566/1640/1566
f 1567/1641/1567 1575/1649/1575 1576/1650/1576
f 1576/1650/1576 1568/1642/1568 1567/1641/1567
f 1568/1642/1568 1576/1650/1576 1577/1651/1577
f 1577/1651/1577 1478/1552/1478 1568/1642/1568
f 1478/1552/1478 1577/1651/1577 1487/1561/1487
f 1578/1652/1578 1570/1644/1570 1569/1643/1569
f 1570/1644/1570 1578/1652/1578 1579/1653/1579
f 1579/1653/1579 1571/1645/1571 1570/1644/1570
f 1571/1645/1571 1579/1653/1579 1580/1654/1580
f 1580/1654/1580 1572/1646/1572 1571/1645/1571
f 1572/1646/1572 1580/1654/1580 1581/1655/1581
f 1581/1655/1581 1573/1647/1573 1572/1646/1572
f 1573/1647/1573 1581/1655/1581 1582/1656/1582
f 1582/1656/1582 1574/1648/1574 1573/1647/1573
f 1574/1648/1574 1582/1656/1582 1583/1657/1583
f 1583/1657/1583 1575/1649/1575 1574/1648/1574
f 1575/1649/1575 1583/1657/1583 1584/1658/1584
f 1584/1658/1584 1576/1650/1576 1575/1649/1575
f 1576/1650/1576 1584/1658/1584 1585/1659/1585
f 1585/1659/1585 1577/1651/1577 1576/1650/1576
f 1577/1651/1577 1585/1659/1585 1586/1660/1586
f 1586/1660/1586 1487/1561/1487 1577/1651/1577
f 1487/1561/1487 1586/1660/1586 1496/1570/1496
f 1587/1661/1587 1579/1653/1579 1578/1652/1578
f 1579/1653/1579 1587/1661/1587 1588/1662/1588
f 1588/1662/1588 1580/1654/1580 1579/1653/1579
f 1580/1654/1580 1588/1662/1588 1589/1663/1589
f 1589/1663/1589 1581/1655/1581 1580/1654/1580
f 1581/1655/1581 1589/1663/1589 1590/1664/1590
f 1590/1664/1590 1582/1656/1582 1581/1655/1581
f 1582/1656/1582 1590/1664/1590 1591/1665/1591
f 1591/1665/1591 1583/1657/1583 1582/1656/1582
f 1583/1657/1583 1591/1665/1591 1592/1666/1592
f 1592/1666/1592 1584/1658/1584 1583/1657/1583
f 1584/1658/1584 1592/1666/1592 1593/1667/1593
f 1593/1667/1593 1585/1659/1585 1584/1658/1584
f 1585/1659/1585 1593/1667/1593 1594/1668/1594
f 1594/1668/1594 1586/1660/1586 1585/1659/1585
f 1586/1660/1586 1594/1668/1594 1595/1669/1595
f 1595/1669/1595 1496/1570/1496 1586/1660/1586
f 1496/1570/1496 1595/1669/1595 1505/1579/1505
f 1596/1670/1596 1588/1662/1588 1587/1661/1587
f 1588/1662/1588 1596/1670/1596 1597/1671/1597
f 1597/1671/1597 1589/1663/1589 1588/1662/1588
f 1589/1663/1589 1597/1671/1597 1598/1672/1598
f 1598/1672/1598 1590/1664/1590 1589/1663/1589
f 1590/1664/1590 1598/1672/1598 1599/1673/1599
f 1599/1673/1599 1591/1665/1591 1590/1664/1590
f 1591/1665/1591 1599/1673/1599 1600/1674/1600
f 1600/1674/1600 1592/1666/1592 1591/1665/1591
f 1592/1666/1592 1600/1674/1600 1601/1675/1601
f 1601/1675/1601 1593/1667/1593 1592/1666/1592
f 1593/1667/1593 1601/1675/1601 1602/1676/1602
f 1602/1676/1602 1594/1668/1594 1593/1667/1593
f 1594/1668/1594 1602/1676/1602 1603/1677/1603
f 1603/1677/1603 1595/1669/1595 1594/1668/1594
f 1595/1669/1595 1603/1677/1603 1604/1678/1604
f 1604/1678/1604 1505/1579/1505 1595/1669/1595
f 1505/1579/1505 1604/1678/1604 1514/1588/1514
f 1605/1679/1605 1597/1671/1597 1596/1670/1596
f 1597/1671/1597 1605/1679/1605 1606/1680/1606
f 1606/1680/1606 1598/1672/1598 1597/1671/1597
f 1598/1672/1598 1606/1680/1606 1607/1681/1607
f 1607/1681/1607 1599/1673/1599 1598/1672/1598
f 1599/1673/1599 1607/1681/1607 1608/1682/1608
f 1608/1682/1608 1600/1674/1600 1599/1673/1599
f 1600/1674/1600 1608/1682/1608 1609/1683/1609
f 1609/1683/1609 1601/1675/1601 1600/1674/1600
f 1601/1675/1601 1609/1683/1609 1610/1684/1610
f 1610/1684/1610 1602/1676/1602 1601/1675/1601
f 1602/1676/1602 1610/1684/1610 1611/1685/1611
f 1611/1685/1611 1603/1677/1603 1602/1676/1602
f 1603/1677/1603 1611/1685/1611 1612/1686/1612
f 1612/1686/1612 1604/1678/1604 1603/1677/1603
f 1604/1678/1604 1612/1686/1612 1613/1687/1613
f 1613/1687/1613 1514/1588/1514 1604/1678/1604
f 1514/1588/1514 1613/1687/1613 1523/1597/1523
f 1344/1697/1344 1614/1689/1614 1334/1688/1334
f 1614/1689/1614 1344/1697/1344 1622/1698/1622
f 1622/1698/1622 1615/1690/1615 1614/1689/1614
f 1615/1690/1615 1622/1698/1622 1623/1699/1623
f 1623/1699/1623 1616/1691/1616 1615/1690/1615
f 1616/1691/1616 1623/1699/1623 1624/1700/1624
f 1624/1700/1624 1617/1692/1617 1616/1691/1616
f 1617/1692/1617 1624/1700/1624 1625/1701/1625
f 1625/1701/1625 1618/1693/1618 1617/1692/1617
f 1618/1693/1618 1625/1701/1625 1626/1702/1626
f 1626/1702/1626 1619/1694/1619 1618/1693/1618
f 1619/1694/1619 1626/1702/1626 1627/1703/1627
f 1627/1703/1627 1620/1695/1620 1619/1694/1619
f 1620/1695/1620 1627/1703/1627 1628/1704/1628
f 1628/1704/1628 1621/1696/1621 1620/1695/1620
f 1621/1696/1621 1628/1704/1628 1629/1705/1629
f 1629/1705/1629 1524/1598/1524 1621/1696/1621
f 1524/1598/1524 1629/1705/1629 1533/1607/1533
f 1354/1706/1354 1622/1698/1622 1344/1697/1344
f 1622/1698/1622 1354/1706/1354 1630/1707/1630
f 1630/1707/1630 1623/1699/1623 1622/1698/1622
f 1623/1699/1623 1630/1707/1630 1631/1708/1631
f 1631/1708/1631 1624/1700/1624 1623/1699/1623
f 1624/1700/1624 1631/1708/1631 1632/1709/1632
f 1632/1709/1632 1625/1701/1625 1624/1700/1624
f 1625/1701/1625 1632/1709/1632 1633/1710/1633
f 1633/1710/1633 1626/1702/1626 1625/1701/1625
f 1626/1702/1626 1633/1710/1633 1634/1711/1634
f 1634/1711/1634 1627/1703/1627 1626/1702/1626
f 1627/1703/1627 1634/1711/1634 1635/1712/1635
f 1635/1712/1635 1628/1704/1628 1627/1703/1627
f 1628/1704/1628 1635/1712/1635 1636/1713/1636
f 1636/1713/1636 1629/1705/1629 1628/1704/1628
f 1629/1705/1629 1636/1713/1636 1637/1714/1637
f 1637/1714/1637 1533/1607/1533 1629/1705/1629
f 1533/1607/1533 1637/1714/1637 1542/1616/1542
f 1364/1715/1364 1630/1707/1630 1354/1706/1354
f 1630/1707/1630 1364/1715/1364 1638/1716/1638
f 1638/1716/1638 1631/1708/1631 1630/1707/1630
f 1631/1708/1631 1638/1716/1638 1639/1717/1639
f 1639/1717/1639 1632/1709/1632 1631/1708/1631
f 1632/1709/1632 1639/1717/1639 1640/1718/1640
f 1640/1718/1640 1633/1710/1633 1632/1709/1632
f 1633/1710/1633 1640/1718/1640 1641/1719/1641
f 1641/1719/1641 1634/1711/1634 1633/1710/1633
f 1634/1711/1634 1641/1719/1641 1642/1720/1642
f 1642/1720/1642 1635/1712/1635 1634/1711/1634
f 1635/1712/1635 1642/1720/1642 1643/1721/1643
f 1643/1721/1643 1636/1713/1636 1635/1712/1635
f 1636/1713/1636 1643/1721/1643 1644/1722/1644
f 1644/1722/1644 1637/1714/1637 1636/1713/1636
f 1637/1714/1637 1644/1722/1644 1645/1723/1645
f 1645/1723/1645 1542/1616/1542 1637/1714/1637
f 1542/1616/1542 1645/1723/1645 1551/1625/1551
f 1374/1724/1374 1638/1716/1638 1364/1715/1364
f 1638/1716/1638 1374/1724/1374 1646/1725/1646
f 1646/1725/1646 1639/1717/1639 1638/1716/1638
f 1639/1717/1639 1646/1725/1646 1647/1726/1647
f 1647/1726/1647 1640/1718/1640 1639/1717/1639
f 1640/1718/1640 1647/1726/1647 1648/1727/1648
f 1648/1727/1648 1641/1719/1641 1640/1718/1640
f 1641/1719/1641 1648/1727/1648 1649/1728/1649
f 1649/1728/1649 1642/1720/1642 1641/1719/1641
f 1642/1720/1642 1649/1728/1649 1650/1729/1650
f 1650/1729/1650 1643/1721/1643 1642/1720/1642
f 1643/1721/1643 1650/1729/1650 1651/1730/1651
f 1651/1730/1651 1644/1722/1644 1643/1721/1643
f 1644/1722/1644 1651/1730/1651 1652/1731/1652
f 1652/1731/1652 1645/1723/1645 1644/1722/1644
f 1645/1723/1645 1652/1731/1652 1653/1732/1653
f 1653/1732/1653 1551/1625/1551 1645/1723/1645
f 1551/1625/1551 1653/1732/1653 1560/1634/1560
f 1384/1733/1384 1646/1725/1646 1374/1724/1374
f 1646/1725/1646 1384/1733/1384 1654/1734/1654
f 1654/1734/1654 1647/1726/1647 1646/1725/1646
f 1647/1726/1647 1654/1734/1654 1655/1735/1655
f 1655/1735/1655 1648/1727/1648 1647/1726/1647
f 1648/1727/1648 1655/1735/1655 1656/1736/1656
f 1656/1736/1656 1649/1728/1649 1648/1727/1648
f 1649/1728/1649 1656/1736/1656 1657/1737/1657
f 1657/1737/1657 1650/1729/1650 1649/1728/1649
f 1650/1729/1650 1657/1737/1657 1658/1738/1658
f 1658/1738/1658 1651/1730/1651 1650/1729/1650
f 1651/1730/1651 1658/1738/1658 1659/1739/1659
f 1659/1739/1659 1652/1731/1652 1651/1730/1651
f 1652/1731/1652 1659/1739/1659 1660/1740/1660
f 1660/1740/1660 1653/1732/1653 1652/1731/1652
f 1653/1732/1653 1660/1740/1660 1661/1741/1661
f 1661/1741/1661 1560/1634/1560 1653/1732/1653
f 1560/1634/1560 1661/1741/1661 1569/1643/1569
f 1394/1742/1394 1654/1734/1654 1384/1733/1384
f 1654/1734/1654 1394/1742/1394 1662/1743/1662
f 1662/1743/1662 1655/1735/1655 1654/1734/1654
f 1655/1735/1655 1662/1743/1662 1663/1744/1663
f 1663/1744/1663 1656/1736/1656 1655/1735/1655
f 1656/1736/1656 1663/1744/1663 1664/1745/1664
f 1664/1745/1664 1657/1737/1657 1656/1736/1656
f 1657/1737/1657 1664/1745/1664 1665/1746/1665
f 1665/1746/1665 1658/1738/1658 1657/1737/1657
f 1658/1738/1658 1665/1746/1665 1666/1747/1666
f 1666/1747/1666 1659/1739/1659 1658/1738/1658
f 1659/1739/1659 1666/1747/1666 1667/1748/1667
f 1667/1748/1667 1660/1740/1660 1659/1739/1659
f 1660/1740/1660 1667/1748/1667 1668/1749/1668
f 1668/1749/1668 1661/1741/1661 1660/1740/1660
f 1661/1741/1661 1668/1749/1668 1669/1750/1669
f 1669/1750/1669 1569/1643/1569 1661/1741/1661
f 1569/1643/1569 1669/1750/1669 1578/1652/1578
f 1404/1751/1404 1662/1743/1662 1394/1742/1394
f 1662/1743/1662 1404/1751/1404 1670/1752/1670
f 1670/1752/1670 1663/1744/1663 1662/1743/1662
f 1663/1744/1663 1670/1752/1670 1671/1753/1671
f 1671/1753/1671 1664/1745/1664 1663/1744/1663
f 1664/1745/1664 1671/1753/1671 1672/1754/1672
f 1672/1754/1672 1665/1746/1665 1664/1745/1664
f 1665/1746/1665 1672/1754/1672 1673/1755/1673
f 1673/1755/1673 1666/1747/1666 1665/1746/1665
f 1666/1747/1666 1673/1755/1673 1674/1756/1674
f 1674/1756/1674 1667/1748/1667 1666/1747/1666
f 1667/1748/1667 1674/1756/1674 1675/1757/1675
f 1675/1757/1675 1668/1749/1668 1667/1748/1667
f 1668/1749/1668 1675/1757/1675 1676/1758/1676
f 1676/1758/1676 1669/1750/1669 1668/1749/1668
f 1669/1750/1669 1676/1758/1676 1677/1759/1677
f 1677/1759/1677 1578/1652/1578 1669/1750/1669
f 1578/1652/1578 1677/1759/1677 1587/1661/1587
f 1414/1760/1414 1670/1752/1670 1404/1751/1404
f 1670/1752/1670 1414/1760/1414 1678/1761/1678
f 1678/1761/1678 1671/1753/1671 1670/1752/1670
f 1671/1753/1671 1678/1761/1678 1679/1762/1679
f 1679/1762/1679 1672/1754/1672 1671/1753/1671
f 1672/1754/1672 1679/1762/1679 1680/1763/1680
f 1680/1763/1680 1673/1755/1673 1672/1754/1672
f 1673/1755/1673 1680/1763/1680 1681/1764/1681
f 1681/1764/1681 1674/1756/1674 1673/1755/1673
f 1674/1756/1674 1681/1764/1681 1682/1765/1682
f 1682/1765/1682 1675/1757/1675 1674/1756/1674
f 1675/1757/1675 1682/1765/1682 1683/1766/1683
f 1683/1766/1683 1676/1758/1676 1675/1757/1675
f 1676/1758/1676 1683/1766/1683 1684/1767/1684
f 1684/1767/1684 1677/1759/1677 1676/1758/1676
f 1677/1759/1677 1684/1767/1684 1685/1768/1685
f 1685/1768/1685 1587/1661/1587 1677/1759/1677
f 1587/1661/1587 1685/1768/1685 1596/1670/1596
f 1424/1769/1424 1678/1761/1678 1414/1760/1414
f 1678/1761/1678 1424/1769/1424 1686/1770/1686
f 1686/1770/1686 1679/1762/1679 1678/1761/1678
f 1679/1762/1679 1686/1770/1686 1687/1771/1687
f 1687/1771/1687 1680/1763/1680 1679/1762/1679
f 1680/1763/1680 1687/1771/1687 1688/1772/1688
f 1688/1772/1688 1681/1764/1681 1680/1763/1680
f 1681/1764/1681 1688/1772/1688 1689/1773/1689
f 1689/1773/1689 1682/1765/1682 1681/1764/1681
f 1682/1765/1682 1689/1773/1689 1690/1774/1690
f 1690/1774/1690 1683/1766/1683 1682/1765/1682
f 1683/1766/1683 1690/1774/1690 1691/1775/1691
f 1691/1775/1691 1684/1767/1684 1683/1766/1683
f 1684/1767/1684 1691/1775/1691 1692/1776/1692
f 1692/1776/1692 1685/1768/1685 1684/1767/1684
f 1685/1768/1685 1692/1776/1692 1693/1777/1693
f 1693/1777/1693 1596/1670/1596 1685/1768/1685
f 1596/1670/1596 1693/1777/1693 1605/1679/1605
f 1425/1499/1425 1694/1778/1694 1424/1498/1424
f 1694/1778/1694 1425/1499/1425 1695/1779/1695
f 1426/1500/1426 1695/1779/1695 1425/1499/1425
f 1695/1779/1695 1426/1500/1426 1696/1780/1696
f 1427/1501/1427 1696/1780/1696 1426/1500/1426
f 1696/1780/1696 1427/1501/1427 1697/1781/1697
f 1428/1502/1428 1697/1781/1697 1427/1501/1427
f 1697/1781/1697 1428/1502/1428 1698/1782/1698
f 1429/1503/1429 1698/1782/1698 1428/1502/1428
f 1698/1782/1698 1429/1503/1429 1699/1783/1699
f 1430/1504/1430 1699/1783/1699 1429/1503/1429
f 1699/1783/1699 1430/1504/1430 1700/1784/1700
f 1431/1505/1431 1700/1784/1700 1430/1504/1430
f 1700/1784/1700 1431/1505/1431 1701/1785/1701
f 1432/1506/1432 1701/1785/1701 1431/1505/1431
f 1701/1785/1701 1432/1506/1432 1702/1786/1702
f 1433/1507/1433 1702/1786/1702 1432/1506/1432
f 1702/1786/1702 1433/1507/1433 1703/1787/1703
f 1695/1779/1695 1704/1788/1704 1694/1778/1694
f 1704/1788/1704 1695/1779/1695 1705/1789/1705
f 1696/1780/1696 1705/1789/1705 1695/1779/1695
f 1705/1789/1705 1696/1780/1696 1706/1790/1706
f 1697/1781/1697 1706/1790/1706 1696/1780/1696
f 1706/1790/1706 1697/1781/1697 1707/1791/1707
f 1698/1782/1698 1707/1791/1707 1697/1781/1697
f 1707/1791/1707 1698/1782/1698 1708/1792/1708
f 1699/1783/1699 1708/1792/1708 1698/1782/1698
f 1708/1792/1708 1699/1783/1699 1709/1793/1709
f 1700/1784/1700 1709/1793/1709 1699/1783/1699
f 1709/1793/1709 1700/1784/1700 1710/1794/1710
f 1701/1785/1701 1710/1794/1710 1700/1784/1700
f 1710/1794/1710 1701/1785/1701 1711/1795/1711
f 1702/1786/1702 1711/1795/1711 1701/1785/1701
f 1711/1795/1711 1702/1786/1702 1712/1796/1712
f 1703/1787/1703 1712/1796/1712 1702/1786/1702
f 1712/1796/1712 1703/1787/1703 1713/1797/1713
f 1705/1789/1705 1714/1798/1714 1704/1788/1704
f 1714/1798/1714 1705/1789/1705 1715/1799/1715
f 1706/1790/1706 1715/1799/1715 1705/1789/1705
f 1715/1799/1715 1706/1790/1706 1716/1800/1716
f 1707/1791/1707 1716/1800/1716 1706/1790/1706
f 1716/1800/1716 1707/1791/1707 1717/1801/1717
f 1708/1792/1708 1717/1801/1717 1707/1791/1707
f 1717/1801/1717 1708/1792/1708 1718/1802/1718
f 1709/1793/1709 1718/1802/1718 1708/1792/1708
f 1718/1802/1718 1709/1793/1709 1719/1803/1719
f 1710/1794/1710 1719/1803/1719 1709/1793/1709
f 1719/1803/1719 1710/1794/1710 1720/1804/1720
f 1711/1795/1711 1720/1804/1720 1710/1794/1710
f 1720/1804/1720 1711/1795/1711 1721/1805/1721
f 1712/1796/1712 1721/1805/1721 1711/1795/1711
f 1721/1805/1721 1712/1796/1712 1722/1806/1722
f 1713/1797/1713 1722/1806/1722 1712/1796/1712
f 1722/1806/1722 1713/1797/1713 1723/1807/1723
f 1715/1799/1715 1724/1808/1724 1714/1798/1714
f 1724/1808/1724 1715/1799/1715 1725/1809/1725
f 1716/1800/1716 1725/1809/1725 1715/1799/1715
f 1725/1809/1725 1716/1800/1716 1726/1810/1726
f 1717/1801/1717 1726/1810/1726 1716/1800/1716
f 1726/1810/1726 1717/1801/1717 1727/1811/1727
f 1718/1802/1718 1727/1811/1727 1717/1801/1717
f 1727/1811/1727 1718/1802/1718 1728/1812/1728
f 1719/1803/1719 1728/1812/1728 1718/1802/1718
f 1728/1812/1728 1719/1803/1719 1729/1813/1729
f 1720/1804/1720 1729/1813/1729 1719/1803/1719
f 1729/1813/1729 1720/1804/1720 1730/1814/1730
f 1721/1805/1721 1730/1814/1730 1720/1804/1720
f 1730/1814/1730 1721/1805/1721 1731/1815/1731
f 1722/1806/1722 1731/1815/1731 1721/1805/1721
f 1731/1815/1731 1722/1806/1722 1732/1816/1732
f 1723/1807/1723 1732/1816/1732 1722/1806/1722
f 1732/1816/1732 1723/1807/1723 1733/1817/1733
f 1725/1809/1725 1734/1818/1734 1724/1808/1724
f 1734/1818/1734 1725/1809/1725 1735/1819/1735
f 1726/1810/1726 1735/1819/1735 1725/1809/1725
f 1735/1819/1735 1726/1810/1726 1736/1820/1736
f 1727/1811/1727 1736/1820/1736 1726/1810/1726
f 1736/1820/1736 1727/1811/1727 1737/1821/1737
f 1728/1812/1728 1737/1821/1737 1727/1811/1727
f 1737/1821/1737 1728/1812/1728 1738/1822/1738
f 1729/1813/1729 1738/1822/1738 1728/1812/1728
f 1738/1822/1738 1729/1813/1729 1739/1823/1739
f 1730/1814/1730 1739/1823/1739 1729/1813/1729
f 1739/1823/1739 1730/1814/1730 1740/1824/1740
f 1731/1815/1731 1740/1824/1740 1730/1814/1730
f 1740/1824/1740 1731/1815/1731 1741/1825/1741
f 1732/1816/1732 1741/1825/1741 1731/1815/1731
f 1741/1825/1741 1732/1816/1732 1742/1826/1742
f 1733/1817/1733 1742/1826/1742 1732/1816/1732
f 1742/1826/1742 1733/1817/1733 1743/1827/1743
f 1735/1819/1735 1744/1828/1744 1734/1818/1734
f 1744/1828/1744 1735/1819/1735 1745/1829/1745
f 1736/1820/1736 1745/1829/1745 1735/1819/1735
f 1745/1829/1745 1736/1820/1736 1746/1830/1746
f 1737/1821/1737 1746/1830/1746 1736/1820/1736
f 1746/1830/1746 1737/1821/1737 1747/1831/1747
f 1738/1822/1738 1747/1831/1747 1737/1821/1737
f 1747/1831/1747 1738/1822/1738 1748/1832/1748
f 1739/1823/1739 1748/1832/1748 1738/1822/1738
f 1748/1832/1748 1739/1823/1739 1749/1833/1749
f 1740/1824/1740 1749/1833/1749 1739/1823/1739
f 1749/1833/1749 1740/1824/1740 1750/1834/1750
f 1741/1825/1741 1750/1834/1750 1740/1824/1740
f 1750/1834/1750 1741/1825/1741 1751/1835/1751
f 1742/1826/1742 1751/1835/1751 1741/1825/1741
f 1751/1835/1751 1742/1826/1742 1752/1836/1752
f 1743/1827/1743 1752/1836/1752 1742/1826/1742
f 1752/1836/1752 1743/1827/1743 1753/1837/1753
f 1745/1829/1745 1754/1838/1754 1744/1828/1744
f 1754/1838/1754 1745/1829/1745 1755/1839/1755
f 1746/1830/1746 1755/1839/1755 1745/1829/1745
f 1755/1839/1755 1746/1830/1746 1756/1840/1756
f 1747/1831/1747 1756/1840/1756 1746/1830/1746
f 1756/1840/1756 1747/1831/1747 1757/1841/1757
f 1748/1832/1748 1757/1841/1757 1747/1831/1747
f 1757/1841/1757 1748/1832/1748 1758/1842/1758
f 1749/1833/1749 1758/1842/1758 1748/1832/1748
f 1758/1842/1758 1749/1833/1749 1759/1843/1759
f 1750/1834/1750 1759/1843/1759 1749/1833/1749
f 1759/1843/1759 1750/1834/1750 1760/1844/1760
f 1751/1835/1751 1760/1844/1760 1750/1834/1750
f 1760/1844/1760 1751/1835/1751 1761/1845/1761
f 1752/1836/1752 1761/1845/1761 1751/1835/1751
f 1761/1845/1761 1752/1836/1752 1762/1846/1762
f 1753/1837/1753 1762/1846/1762 1752/1836/1752
f 1762/1846/1762 1753/1837/1753 1763/1847/1763
f 1755/1839/1755 1764/1848/1764 1754/1838/1754
f 1764/1848/1764 1755/1839/1755 1765/1849/1765
f 1756/1840/1756 1765/1849/1765 1755/1839/1755
f 1765/1849/1765 1756/1840/1756 1766/1850/1766
f 1757/1841/1757 1766/1850/1766 1756/1840/1756
f 1766/1850/1766 1757/1841/1757 1767/1851/1767
f 1758/1842/1758 1767/1851/1767 1757/1841/1757
f 1767/1851/1767 1758/1842/1758 1768/1852/1768
f 1759/1843/1759 1768/1852/1768 1758/1842/1758
f 1768/1852/1768 1759/1843/1759 1769/1853/1769
f 1760/1844/1760 1769/1853/1769 1759/1843/1759
f 1769/1853/1769 1760/1844/1760 1770/1854/1770
f 1761/1845/1761 1770/1854/1770 1760/1844/1760
f 1770/1854/1770 1761/1845/1761 1771/1855/1771
f 1762/1846/1762 1771/1855/1771 1761/1845/1761
f 1771/1855/1771 1762/1846/1762 1772/1856/1772
f 1763/1847/1763 1772/1856/1772 1762/1846/1762
f 1772/1856/1772 1763/1847/1763 1773/1857/1773
f 1765/1849/1765 1774/1858/1774 1764/1848/1764
f 1774/1858/1774 1765/1849/1765 1775/1859/1775
f 1766/1850/1766 1775/1859/1775 1765/1849/1765
f 1775/1859/1775 1766/1850/1766 1776/1860/1776
f 1767/1851/1767 1776/1860/1776 1766/1850/1766
f 1776/1860/1776 1767/1851/1767 1777/1861/1777
f 1768/1852/1768 1777/1861/1777 1767/1851/1767
f 1777/1861/1777 1768/1852/1768 1778/1862/1778
f 1769/1853/1769 1778/1862/1778 1768/1852/1768
f 1778/1862/1778 1769/1853/1769 1779/1863/1779
f 1770/1854/1770 1779/1863/1779 1769/1853/1769
f 1779/1863/1779 1770/1854/1770 1780/1864/1780
f 1771/1855/1771 1780/1864/1780 1770/1854/1770
f 1780/1864/1780 1771/1855/1771 1781/1865/1781
f 1772/1856/1772 1781/1865/1781 1771/1855/1771
f 1781/1865/1781 1772/1856/1772 1782/1866/1782
f 1773/1857/1773 1782/1866/1782 1772/1856/1772
f 1782/1866/1782 1773/1857/1773 1783/1867/1783
f 1515/1589/1515 1703/1787/1703 1433/1507/1433
f 1703/1787/1703 1515/1589/1515 1784/1868/1784
f 1516/1590/1516 1784/1868/1784 1515/1589/1515
f 1784/1868/1784 1516/1590/1516 1785/1869/1785
f 1517/1591/1517 1785/1869/1785 1516/1590/1516
f 1785/1869/1785 1517/1591/1517 1786/1870/1786
f 1518/1592/1518 1786/1870/1786 1517/1591/1517
f 1786/1870/1786 1518/1592/1518 1787/1871/1787
f 1519/1593/1519 1787/1871/1787 1518/1592/1518
f 1787/1871/1787 1519/1593/1519 1788/1872/1788
f 1520/1594/1520 1788/1872/1788 1519/1593/1519
f 1788/1872/1788 1520/1594/1520 1789/1873/1789
f 1521/1595/1521 1789/1873/1789 1520/1594/1520
f 1789/1873/1789 1521/1595/1521 1790/1874/1790
f 1522/1596/1522 1790/1874/1790 1521/1595/1521
f 1790/1874/1790 1522/1596/1522 1791/1875/1791
f 1523/1597/1523 1791/1875/1791 1522/1596/1522
f 1791/1875/1791 1523/1597/1523 1792/1876/1792
f 1784/1868/1784 1713/1797/1713 1703/1787/1703
f 1713/1797/1713 1784/1868/1784 1793/1877/1793
f 1785/1869/1785 1793/1877/1793 1784/1868/1784
f 1793/1877/1793 1785/1869/1785 1794/1878/1794
f 1786/1870/1786 1794/1878/1794 1785/1869/1785
f 1794/1878/1794 1786/1870/1786 1795/1879/1795
f 1787/1871/1787 1795/1879/1795 1786/1870/1786
f 1795/1879/1795 1787/1871/1787 1796/1880/1796
f 1788/1872/1788 1796/1880/1796 1787/1871/1787
f 1796/1880/1796 1788/1872/1788 1797/1881/1797
f 1789/1873/1789 1797/1881/1797 1788/1872/1788
f 1797/1881/1797 1789/1873/1789 1798/1882/1798
f 1790/1874/1790 1798/1882/1798 1789/1873/1789
f 1798/1882/1798 1790/1874/1790 1799/1883/1799
f 1791/1875/1791 1799/1883/1799 1790/1874/1790
f 1799/1883/1799 1791/1875/1791 1800/1884/1800
f 1792/1876/1792 1800/1884/1800 1791/1875/1791
f 1800/1884/1800 1792/1876/1792 1801/1885/1801
f 1793/1877/1793 1723/1807/1723 1713/1797/1713
f 1723/1807/1723 1793/1877/1793 1802/1886/1802
f 1794/1878/1794 1802/1886/1802 1793/1877/1793
f 1802/1886/1802 1794/1878/1794 1803/1887/1803
f 1795/1879/1795 1803/1887/1803 1794/1878/1794
f 1803/1887/1803 1795/1879/1795 1804/1888/1804
f 1796/1880/1796 1804/1888/1804 1795/1879/1795
f 1804/1888/1804 1796/1880/1796 1805/1889/1805
f 1797/1881/1797 1805/1889/1805 1796/1880/1796
f 1805/1889/1805 1797/1881/1797 1806/1890/1806
f 1798/1882/1798 1806/1890/1806 1797/1881/1797
f 1806/1890/1806 1798/1882/1798 1807/1891/1807
f 1799/1883/1799 1807/1891/1807 1798/1882/1798
f 1807/1891/1807 1799/1883/1799 1808/1892/1808
f 1800/1884/1800 1808/1892/1808 1799/1883/1799
f 1808/1892/1808 1800/1884/1800 1809/1893/1809
f 1801/1885/1801 1809/1893/1809 1800/1884/1800
f 1809/1893/1809 1801/1885/1801 1810/1894/1810
f 1802/1886/1802 1733/1817/1733 1723/1807/1723
f 1733/1817/1733 1802/1886/1802 1811/1895/1811
f 1803/1887/1803 1811/1895/1811 1802/1886/1802
f 1811/1895/1811 1803/1887/1803 1812/1896/1812
f 1804/1888/1804 1812/1896/1812 1803/1887/1803
f 1812/1896/1812 1804/1888/1804 1813/1897/1813
f 1805/1889/1805 1813/1897/1813 1804/1888/1804
f 1813/1897/1813 1805/1889/1805 1814/1898/1814
f 1806/1890/1806 1814/1898/1814 1805/1889/1805
f 1814/1898/1814 1806/1890/1806 1815/1899/1815
f 1807/1891/1807 1815/1899/1815 1806/1890/1806
f 1815/1899/1815 1807/1891/1807 1816/1900/1816
f 1808/1892/1808 1816/1900/1816 1807/1891/1807
f 1816/1900/1816 1808/1892/1808 1817/1901/1817
f 1809/1893/1809 1817/1901/1817 1808/1892/1808
f 1817/1901/1817 1809/1893/1809 1818/1902/1818
f 1810/1894/1810 1818/1902/1818 1809/1893/1809
f 1818/1902/1818 1810/1894/1810 1819/1903/1819
f 1811/1895/1811 1743/1827/1743 1733/1817/1733
f 1743/1827/1743 1811/1895/1811 1820/1904/1820
f 1812/1896/1812 1820/1904/1820 1811/1895/1811
f 1820/1904/1820 1812/1896/1812 1821/1905/1821
f 1813/1897/1813 1821/1905/1821 1812/1896/1812
f 1821/1905/1821 1813/1897/1813 1822/1906/1822
f 1814/1898/1814 1822/1906/1822 1813/1897/1813
f 1822/1906/1822 1814/1898/1814 1823/1907/1823
f 1815/1899/1815 1823/1907/1823 1814/1898/1814
f 1823/1907/1823 1815/1899/1815 1824/1908/1824
f 1816/1900/1816 1824/1908/1824 1815/1899/1815
f 1824/1908/1824 1816/1900/1816 1825/1909/1825
f 1817/1901/1817 1825/1909/1825 1816/1900/1816
f 1825/1909/1825 1817/1901/1817 1826/1910/1826
f 1818/1902/1818 1826/1910/1826 1817/1901/1817
f 1826/1910/1826 1818/1902/1818 1827/1911/1827
f 1819/1903/1819 1827/1911/1827 1818/1902/1818
f 1827/1911/1827 1819/1903/1819 1828/1912/1828
f 1820/1904/1820 1753/1837/1753 1743/1827/1743
f 1753/1837/1753 1820/1904/1820 1829/1913/1829
f 1821/1905/1821 1829/1913/1829 1820/1904/1820
f 1829/1913/1829 1821/1905/1821 1830/1914/1830
f 1822/1906/1822 1830/1914/1830 1821/1905/1821
f 1830/1914/1830 1822/1906/1822 1831/1915/1831
f 1823/1907/1823 1831/1915/1831 1822/1906/1822
f 1831/1915/1831 1823/1907/1823 1832/1916/1832
f 1824/1908/1824 1832/1916/1832 1823/1907/1823
f 1832/1916/1832 1824/1908/1824 1833/1917/1833
f 1825/1909/1825 1833/1917/1833 1824/1908/1824
f 1833/1917/1833 1825/1909/1825 1834/1918/1834
f 1826/1910/1826 1834/1918/1834 1825/1909/1825
f 1834/1918/1834 1826/1910/1826 1835/1919/1835
f 1827/1911/1827 1835/1919/1835 1826/1910/1826
f 1835/1919/1835 1827/1911/1827 1836/1920/1836
f 1828/1912/1828 1836/1920/1836 1827/1911/1827
f 1836/1920/1836 1828/1912/1828 1837/1921/1837
f 1829/1913/1829 1763/1847/1763 1753/1837/1753
f 1763/1847/1763 1829/1913/1829 1838/1922/1838
f 1830/1914/1830 1838/1922/1838 1829/1913/1829
f 1838/1922/1838 1830/1914/1830 1839/1923/1839
f 1831/1915/1831 1839/1923/1839 1830/1914/1830
f 1839/1923/1839 1831/1915/1831 1840/1924/1840
f 1832/1916/1832 1840/1924/1840 1831/1915/1831
f 1840/1924/1840 1832/1916/1832 1841/1925/1841
f 1833/1917/1833 1841/1925/1841 1832/1916/1832
f 1841/1925/1841 1833/1917/1833 1842/1926/1842
f 1834/1918/1834 1842/1926/1842 1833/1917/1833
f 1842/1926/1842 1834/1918/1834 1843/1927/1843
f 1835/1919/1835 1843/1927/1843 1834/1918/1834
f 1843/1927/1843 1835/1919/1835 1844/1928/1844
f 1836/1920/1836 1844/1928/1844 1835/1919/1835
f 1844/1928/1844 1836/1920/1836 1845/1929/1845
f 1837/1921/1837 1845/1929/1845 1836/1920/1836
f 1845/1929/1845 1837/1921/1837 1846/1930/1846
f 1838/1922/1838 1773/1857/1773 1763/1847/1763
f 1773/1857/1773 1838/1922/1838 1847/1931/1847
f 1839/1923/1839 1847/1931/1847 1838/1922/1838
f 1847/1931/1847 1839/1923/1839 1848/1932/1848
f 1840/1924/1840 1848/1932/1848 1839/1923/1839
f 1848/1932/1848 1840/1924/1840 1849/1933/1849
f 1841/1925/1841 1849/1933/1849 1840/1924/1840
f 1849/1933/1849 1841/1925/1841 1850/1934/1850
f 1842/1926/1842 1850/1934/1850 1841/1925/1841
f 1850/1934/1850 1842/1926/1842 1851/1935/1851
f 1843/1927/1843 1851/1935/1851 1842/1926/1842
f 1851/1935/1851 1843/1927/1843 1852/1936/1852
f 1844/1928/1844 1852/1936/1852 1843/1927/1843
f 1852/1936/1852 1844/1928/1844 1853/1937/1853
f 1845/1929/1845 1853/1937/1853 1844/1928/1844
f 1853/1937/1853 1845/1929/1845 1854/1938/1854
f 1846/1930/1846 1854/1938/1854 1845/1929/1845
f 1854/1938/1854 1846/1930/1846 1855/1939/1855
f 1847/1931/1847 1783/1867/1783 1773/1857/1773
f 1783/1867/1783 1847/1931/1847 1856/1940/1856
f 1848/1932/1848 1856/1940/1856 1847/1931/1847
f 1856/1940/1856 1848/1932/1848 1857/1941/1857
f 1849/1933/1849 1857/1941/1857 1848/1932/1848
f 1857/1941/1857 1849/1933/1849 1858/1942/1858
f 1850/1934/1850 1858/1942/1858 1849/1933/1849
f 1858/1942/1858 1850/1934/1850 1859/1943/1859
f 1851/1935/1851 1859/1943/1859 1850/1934/1850
f 1859/1943/1859 1851/1935/1851 1860/1944/1860
f 1852/1936/1852 1860/1944/1860 1851/1935/1851
f 1860/1944/1860 1852/1936/1852 1861/1945/1861
f 1853/1937/1853 1861/1945/1861 1852/1936/1852
f 1861/1945/1861 1853/1937/1853 1862/1946/1862
f 1854/1938/1854 1862/1946/1862 1853/1937/1853
f 1862/1946/1862 1854/1938/1854 1863/1947/1863
f 1855/1939/1855 1863/1947/1863 1854/1938/1854
f 1863/1947/1863 1855/1939/1855 1864/1948/1864
f 1865/1949/1865 1606/1680/1606 1605/1679/1605
f 1606/1680/1606 1865/1949/1865 1866/1950/1866
f 1866/1950/1866 1607/1681/1607 1606/1680/1606
f 1607/1681/1607 1866/1950/1866 1867/1951/1867
f 1867/1951/1867 1608/1682/1608 1607/1681/1607
f 1608/1682/1608 1867/1951/1867 1868/1952/1868
f 1868/1952/1868 1609/1683/1609 1608/1682/1608
f 1609/1683/1609 1868/1952/1868 1869/1953/1869
f 1869/1953/1869 1610/1684/1610 1609/1683/1609
f 1610/1684/1610 1869/1953/1869 1870/1954/1870
f 1870/1954/1870 1611/1685/1611 1610/1684/1610
f 1611/1685/1611 1870/1954/1870 1871/1955/1871
f 1871/1955/1871 1612/1686/1612 1611/1685/1611
f 1612/1686/1612 1871/1955/1871 1872/1956/1872
f 1872/1956/1872 1613/1687/1613 1612/1686/1612
f 1613/1687/1613 1872/1956/1872 1873/1957/1873
f 1873/1957/1873 1523/1597/1523 1613/1687/1613
f 1523/1597/1523 1873/1957/1873 1792/1876/1792
f 1874/1958/1874 1866/1950/1866 1865/1949/1865
f 1866/1950/1866 1874/1958/1874 1875/1959/1875
f 1875/1959/1875 1867/1951/1867 1866/1950/1866
f 1867/1951/1867 1875/1959/1875 1876/1960/1876
f 1876/1960/1876 1868/1952/1868 1867/1951/1867
f 1868/1952/1868 1876/1960/1876 1877/1961/1877
f 1877/1961/1877 1869/1953/1869 1868/1952/1868
f 1869/1953/1869 1877/1961/1877 1878/1962/1878
f 1878/1962/1878 1870/1954/1870 1869/1953/1869
f 1870/1954/1870 1878/1962/1878 1879/1963/1879
f 1879/1963/1879 1871/1955/1871 1870/1954/1870
f 1871/1955/1871 1879/1963/1879 1880/1964/1880
f 1880/1964/1880 1872/1956/1872 1871/1955/1871
f 1872/1956/1872 1880/1964/1880 1881/1965/1881
f 1881/1965/1881 1873/1957/1873 1872/1956/1872
f 1873/1957/1873 1881/1965/1881 1882/1966/1882
f 1882/1966/1882 1792/1876/1792 1873/1957/1873
f 1792/1876/1792 1882/1966/1882 1801/1885/1801
f 1883/1967/1883 1875/1959/1875 1874/1958/1874
f 1875/1959/1875 1883/1967/1883 1884/1968/1884
f 1884/1968/1884 1876/1960/1876 1875/1959/1875
f 1876/1960/1876 1884/1968/1884 1885/1969/1885
f 1885/1969/1885 1877/1961/1877 1876/1960/1876
f 1877/1961/1877 1885/1969/1885 1886/1970/1886
f 1886/1970/1886 1878/1962/1878 1877/1961/1877
f 1878/1962/1878 1886/1970/1886 1887/1971/1887
f 1887/1971/1887 1879/1963/1879 1878/1962/1878
f 1879/1963/1879 1887/1971/1887 1888/1972/1888
f 1888/1972/1888 1880/1964/1880 1879/1963/1879
f 1880/1964/1880 1888/1972/1888 1889/1973/1889
f 1889/1973/1889 1881/1965/1881 1880/1964/1880
f 1881/1965/1881 1889/1973/1889 1890/1974/1890
f 1890/1974/1890 1882/1966/1882 1881/1965/1881
f 1882/1966/1882 1890/1974/1890 1891/1975/1891
f 1891/1975/1891 1801/1885/1801 1882/1966/1882
f 1801/1885/1801 1891/1975/1891 1810/1894/1810
f 1892/1976/1892 1884/1968/1884 1883/1967/1883
f 1884/1968/1884 1892/1976/1892 1893/1977/1893
f 1893/1977/1893 1885/1969/1885 1884/1968/1884
f 1885/1969/1885 1893/1977/1893 1894/1978/1894
f 1894/1978/1894 1886/1970/1886 1885/1969/1885
f 1886/1970/1886 1894/1978/1894 1895/1979/1895
f 1895/1979/1895 1887/1971/1887 1886/1970/1886
f 1887/1971/1887 1895/1979/1895 1896/1980/1896
f 1896/1980/1896 1888/1972/1888 1887/1971/1887
f 1888/1972/1888 1896/1980/1896 1897/1981/1897
f 1897/1981/1897 1889/1973/1889 1888/1972/1888
f 1889/1973/1889 1897/1981/1897 1898/1982/1898
f 1898/1982/1898 1890/1974/1890 1889/1973/1889
f 1890/1974/1890 1898/1982/1898 1899/1983/1899
f 1899/1983/1899 1891/1975/1891 1890/1974/1890
f 1891/1975/1891 1899/1983/1899 1900/1984/1900
f 1900/1984/1900 1810/1894/1810 1891/1975/1891
f 1810/1894/1810 1900/1984/1900 1819/1903/1819
f 1901/1985/1901 1893/1977/1893 1892/1976/1892
f 1893/1977/1893 1901/1985/1901 1902/1986/1902
f 1902/1986/1902 1894/1978/1894 1893/1977/1893
f 1894/1978/1894 1902/1986/1902 1903/1987/1903
f 1903/1987/1903 1895/1979/1895 1894/1978/1894
f 1895/1979/1895 1903/1987/1903 1904/1988/1904
f 1904/1988/1904 1896/1980/1896 1895/1979/1895
f 1896/1980/1896 1904/1988/1904 1905/1989/1905
f 1905/1989/1905 1897/1981/1897 1896/1980/1896
f 1897/1981/1897 1905/1989/1905 1906/1990/1906
f 1906/1990/1906 1898/1982/1898 1897/1981/1897
f 1898/1982/1898 1906/1990/1906 1907/1991/1907
f 1907/1991/1907 1899/1983/1899 1898/1982/1898
f 1899/1983/1899 1907/1991/1907 1908/1992/1908
f 1908/1992/1908 1900/1984/1900 1899/1983/1899
f 1900/1984/1900 1908/1992/1908 1909/1993/1909
f 1909/1993/1909 1819/1903/1819 1900/1984/1900
f 1819/1903/1819 1909/1993/1909 1828/1912/1828
f 1910/1994/1910 1902/1986/1902 1901/1985/1901
f 1902/1986/1902 1910/1994/1910 1911/1995/1911
f 1911/1995/1911 1903/1987/1903 1902/1986/1902
f 1903/1987/1903 1911/1995/1911 1912/1996/1912
f 1912/1996/1912 1904/1988/1904 1903/1987/1903
f 1904/1988/1904 1912/1996/1912 1913/1997/1913
f 1913/1997/1913 1905/1989/1905 1904/1988/1904
f 1905/1989/1905 1913/1997/1913 1914/1998/1914
f 1914/1998/1914 1906/1990/1906 1905/1989/1905
f 1906/1990/1906 1914/1998/1914 1915/1999/1915
f 1915/1999/1915 1907/1991/1907 1906/1990/1906
f 1907/1991/1907 1915/1999/1915 1916/2000/1916
f 1916/2000/1916 1908/1992/1908 1907/1991/1907
f 1908/1992/1908 1916/2000/1916 1917/2001/1917
f 1917/2001/1917 1909/1993/1909 1908/1992/1908
f 1909/1993/1909 1917/2001/1917 1918/2002/1918
f 1918/2002/1918 1828/1912/1828 1909/1993/1909
f 1828/1912/1828 1918/2002/1918 1837/1921/1837
f 1919/2003/1919 1911/1995/1911 1910/1994/1910
f 1911/1995/1911 1919/2003/1919 1920/2004/1920
f 1920/2004/1920 1912/1996/1912 1911/1995/1911
f 1912/1996/1912 1920/2004/1920 1921/2005/1921
f 1921/2005/1921 1913/1997/1913 1912/1996/1912
f 1913/1997/1913 1921/2005/1921 1922/2006/1922
f 1922/2006/1922 1914/1998/1914 1913/1997/1913
f 1914/1998/1914 1922/2006/1922 1923/2007/1923
f 1923/2007/1923 1915/1999/1915 1914/1998/1914
f 1915/1999/1915 1923/2007/1923 1924/2008/1924
f 1924/2008/1924 1916/2000/1916 1915/1999/1915
f 1916/2000/1916 1924/2008/1924 1925/2009/1925
f 1925/2009/1925 1917/2001/1917 1916/2000/1916
f 1917/2001/1917 1925/2009/1925 1926/2010/1926
f 1926/2010/1926 1918/2002/1918 1917/2001/1917
f 1918/2002/1918 1926/2010/1926 1927/2011/1927
f 1927/2011/1927 1837/1921/1837 1918/2002/1918
f 1837/1921/1837 1927/2011/1927 1846/1930/1846
f 1928/2012/1928 1920/2004/1920 1919/2003/1919
f 1920/2004/1920 1928/2012/1928 1929/2013/1929
f 1929/2013/1929 1921/2005/1921 1920/2004/1920
f 1921/2005/1921 1929/2013/1929 1930/2014/1930
f 1930/2014/1930 1922/2006/1922 1921/2005/1921
f 1922/2006/1922 1930/2014/1930 1931/2015/1931
f 1931/2015/1931 1923/2007/1923 1922/2006/1922
f 1923/2007/1923 1931/2015/1931 1932/2016/1932
f 1932/2016/1932 1924/2008/1924 1923/2007/1923
f 1924/2008/1924 1932/2016/1932 1933/2017/1933
f 1933/2017/1933 1925/2009/1925 1924/2008/1924
f 1925/2009/1925 1933/2017/1933 1934/2018/1934
f 1934/2018/1934 1926/2010/1926 1925/2009/1925
f 1926/2010/1926 1934/2018/1934 1935/2019/1935
f 1935/2019/1935 1927/2011/1927 1926/2010/1926
f 1927/2011/1927 1935/2019/1935 1936/2020/1936
f 1936/2020/1936 1846/1930/1846 1927/2011/1927
f 1846/1930/1846 1936/2020/1936 1855/1939/1855
f 1937/2021/1937 1929/2013/1929 1928/2012/1928
f 1929/2013/1929 1937/2021/1937 1938/2022/1938
f 1938/2022/1938 1930/2014/1930 1929/2013/1929
f 1930/2014/1930 1938/2022/1938 1939/2023/1939
f 1939/2023/1939 1931/2015/1931 1930/2014/1930
f 1931/2015/1931 1939/2023/1939 1940/2024/1940
f 1940/2024/1940 1932/2016/1932 1931/2015/1931
f 1932/2016/1932 1940/2024/1940 1941/2025/1941
f 1941/2025/1941 1933/2017/1933 1932/2016/1932
f 1933/2017/1933 1941/2025/1941 1942/2026/1942
f 1942/2026/1942 1934/2018/1934 1933/2017/1933
f 1934/2018/1934 1942/2026/1942 1943/2027/1943
f 1943/2027/1943 1935/2019/1935 1934/2018/1934
f 1935/2019/1935 1943/2027/1943 1944/2028/1944
f 1944/2028/1944 1936/2020/1936 1935/2019/1935
f 1936/2020/1936 1944/2028/1944 1945/2029/1945
f 1945/2029/1945 1855/1939/1855 1936/2020/1936
f 1855/1939/1855 1945/2029/1945 1864/1948/1864
f 1694/2030/1694 1686/1770/1686 1424/1769/1424
f 1686/1770/1686 1694/2030/1694 1946/2031/1946
f 1946/2031/1946 1687/1771/1687 1686/1770/1686
f 1687/1771/1687 1946/2031/1946 1947/2032/1947
f 1947/2032/1947 1688/1772/1688 1687/1771/1687
f 1688/1772/1688 1947/2032/1947 1948/2033/1948
f 1948/2033/1948 1689/1773/1689 1688/1772/1688
f 1689/1773/1689 1948/2033/1948 1949/2034/1949
f 1949/2034/1949 1690/1774/1690 1689/1773/1689
f 1690/1774/1690 1949/2034/1949 1950/2035/1950
f 1950/2035/1950 1691/1775/1691 1690/1774/1690
f 1691/1775/1691 1950/2035/1950 1951/2036/1951
f 1951/2036/1951 1692/1776/1692 1691/1775/1691
f 1692/1776/1692 1951/2036/1951 1952/2037/1952
f 1952/2037/1952 1693/1777/1693 1692/1776/1692
f 1693/1777/1693 1952/2037/1952 1953/2038/1953
f 1953/2038/1953 1605/1679/1605 1693/1777/1693
f 1605/1679/1605 1953/2038/1953 1865/1949/1865
f 1704/2039/1704 1946/2031/1946 1694/2030/1694
f 1946/2031/1946 1704/2039/1704 1954/2040/1954
f 1954/2040/1954 1947/2032/1947 1946/2031/1946
f 1947/2032/1947 1954/2040/1954 1955/2041/1955
f 1955/2041/1955 1948/2033/1948 1947/2032/1947
f 1948/2033/1948 1955/2041/1955 1956/2042/1956
f 1956/2042/1956 1949/2034/1949 1948/2033/1948
f 1949/2034/1949 1956/2042/1956 1957/2043/1957
f 1957/2043/1957 1950/2035/1950 1949/2034/1949
f 1950/2035/1950 1957/2043/1957 1958/2044/1958
f 1958/2044/1958 1951/2036/1951 1950/2035/1950
f 1951/2036/1951 1958/2044/1958 1959/2045/1959
f 1959/2045/1959 1952/2037/1952 1951/2036/1951
f 1952/2037/1952 1959/2045/1959 1960/2046/1960
f 1960/2046/1960 1953/2038/1953 1952/2037/1952
f 1953/2038/1953 1960/2046/1960 1961/2047/1961
f 1961/2047/1961 1865/1949/1865 1953/2038/1953
f 1865/1949/1865 1961/2047/1961 1874/1958/1874
f 1714/2048/1714 1954/2040/1954 1704/2039/1704
f 1954/2040/1954 1714/2048/1714 1962/2049/1962
f 1962/2049/1962 1955/2041/1955 1954/2040/1954
f 1955/2041/1955 1962/2049/1962 1963/2050/1963
f 1963/2050/1963 1956/2042/1956 1955/2041/1955
f 1956/2042/1956 1963/2050/1963 1964/2051/1964
f 1964/2051/1964 1957/2043/1957 1956/2042/1956
f 1957/2043/1957 1964/2051/1964 1965/2052/1965
f 1965/2052/1965 1958/2044/1958 1957/2043/1957
f 1958/2044/1958 1965/2052/1965 1966/2053/1966
f 1966/2053/1966 1959/2045/1959 1958/2044/1958
f 1959/2045/1959 1966/2053/1966 1967/2054/1967
f 1967/2054/1967 1960/2046/1960 1959/2045/1959
f 1960/2046/1960 1967/2054/1967 1968/2055/1968
f 1968/2055/1968 1961/2047/1961 1960/2046/1960
f 1961/2047/1961 1968/2055/1968 1969/2056/1969
f 1969/2056/1969 1874/1958/1874 1961/2047/1961
f 1874/1958/1874 1969/2056/1969 1883/1967/1883
f 1724/2057/1724 1962/2049/1962 1714/2048/1714
f 1962/2049/1962 1724/2057/1724 1970/2058/1970
f 1970/2058/1970 1963/2050/1963 1962/2049/1962
f 1963/2050/1963 1970/2058/1970 1971/2059/1971
f 1971/2059/1971 1964/2051/1964 1963/2050/1963
f 1964/2051/1964 1971/2059/1971 1972/2060/1972
f 1972/2060/1972 1965/2052/1965 1964/2051/1964
f 1965/2052/1965 1972/2060/1972 1973/2061/1973
f 1973/2061/1973 1966/2053/1966 1965/2052/1965
f 1966/2053/1966 1973/2061/1973 1974/2062/1974
f 1974/2062/1974 1967/2054/1967 1966/2053/1966
f 1967/2054/1967 1974/2062/1974 1975/2063/1975
f 1975/2063/1975 1968/2055/1968 1967/2054/1967
f 1968/2055/1968 1975/2063/1975 1976/2064/1976
f 1976/2064/1976 1969/2056/1969 1968/2055/1968
f 1969/2056/1969 1976/2064/1976 1977/2065/1977
f 1977/2065/1977 1883/1967/1883 1969/2056/1969
f 1883/1967/1883 1977/2065/1977 1892/1976/1892
f 1734/2066/1734 1970/2058/1970 1724/2057/1724
f 1970/2058/1970 1734/2066/1734 1978/2067/1978
f 1978/2067/1978 1971/2059/1971 1970/2058/1970
f 1971/2059/1971 1978/2067/1978 1979/2068/1979
f 1979/2068/1979 1972/2060/1972 1971/2059/1971
f 1972/2060/1972 1979/2068/1979 1980/2069/1980
f 1980/2069/1980 1973/2061/1973 1972/2060/1972
f 1973/2061/1973 1980/2069/1980 1981/2070/1981
f 1981/2070/1981 1974/2062/1974 1973/2061/1973
f 1974/2062/1974 1981/2070/1981 1982/2071/1982
f 1982/2071/1982 1975/2063/1975 1974/2062/1974
f 1975/2063/1975 1982/2071/1982 1983/2072/1983
f 1983/2072/1983 1976/2064/1976 1975/2063/1975
f 1976/2064/1976 1983/2072/1983 1984/2073/1984
f 1984/2073/1984 1977/2065/1977 1976/2064/1976
f 1977/2065/1977 1984/2073/1984 1985/2074/1985
f 1985/2074/1985 1892/1976/1892 1977/2065/1977
f 1892/1976/1892 1985/2074/1985 1901/1985/1901
f 1744/2075/1744 1978/2067/1978 1734/2066/1734
f 1978/2067/1978 1744/2075/1744 1986/2076/1986
f 1986/2076/1986 1979/2068/1979 1978/2067/1978
f 1979/2068/1979 1986/2076/1986 1987/2077/1987
f 1987/2077/1987 1980/2069/1980 1979/2068/1979
f 1980/2069/1980 1987/2077/1987 1988/2078/1988
f 1988/2078/1988 1981/2070/1981 1980/2069/1980
f 1981/2070/1981 1988/2078/1988 1989/2079/1989
f 1989/2079/1989 1982/2071/1982 1981/2070/1981
f 1982/2071/1982 1989/2079/1989 1990/2080/1990
f 1990/2080/1990 1983/2072/1983 1982/2071/1982
f 1983/2072/1983 1990/2080/1990 1991/2081/1991
f 1991/2081/1991 1984/2073/1984 1983/2072/1983
f 1984/2073/1984 1991/2081/1991 1992/2082/1992
f 1992/2082/1992 1985/2074/1985 1984/2073/1984
f 1985/2074/1985 1992/2082/1992 1993/2083/1993
f 1993/2083/1993 1901/1985/1901 1985/2074/1985
f 1901/1985/1901 1993/2083/1993 1910/1994/1910
f 1754/2084/1754 1986/2076/1986 1744/2075/1744
f 1986/2076/1986 1754/2084/1754 1994/2085/1994
f 1994/2085/1994 1987/2077/1987 1986/2076/1986
f 1987/2077/1987 1994/2085/1994 1995/2086/1995
f 1995/2086/1995 1988/2078/1988 1987/2077/1987
f 1988/2078/1988 1995/2086/1995 1996/2087/1996
f 1996/2087/1996 1989/2079/1989 1988/2078/1988
f 1989/2079/1989 1996/2087/1996 1997/2088/1997
f 1997/2088/1997 1990/2080/1990 1989/2079/1989
f 1990/2080/1990 1997/2088/1997 1998/2089/1998
f 1998/2089/1998 1991/2081/1991 1990/2080/1990
f 1991/2081/1991 1998/2089/1998 1999/2090/1999
f 1999/2090/1999 1992/2082/1992 1991/2081/1991
f 1992/2082/1992 1999/2090/1999 2000/2091/2000
f 2000/2091/2000 1993/2083/1993 1992/2082/1992
f 1993/2083/1993 2000/2091/2000 2001/2092/2001
f 2001/2092/2001 1910/1994/1910 1993/2083/1993
f 1910/1994/1910 2001/2092/2001 1919/2003/1919
f 1764/2093/1764 1994/2085/1994 1754/2084/1754
f 1994/2085/1994 1764/2093/1764 2002/2094/2002
f 2002/2094/2002 1995/2086/1995 1994/2085/1994
f 1995/2086/1995 2002/2094/2002 2003/2095/2003
f 2003/2095/2003 1996/2087/1996 1995/2086/1995
f 1996/2087/1996 2003/2095/2003 2004/2096/2004
f 2004/2096/2004 1997/2088/1997 1996/2087/1996
f 1997/2088/1997 2004/2096/2004 2005/2097/2005
f 2005/2097/2005 1998/2089/1998 1997/2088/1997
f 1998/2089/1998 2005/2097/2005 2006/2098/2006
f 2006/2098/2006 1999/2090/1999 1998/2089/1998
f 1999/2090/1999 2006/2098/2006 2007/2099/2007
f 2007/2099/2007 2000/2091/2000 1999/2090/1999
f 2000/2091/2000 2007/2099/2007 2008/2100/2008
f 2008/2100/2008 2001/2092/2001 2000/2091/2000
f 2001/2092/2001 2008/2100/2008 2009/2101/2009
f 2009/2101/2009 1919/2003/1919 2001/2092/2001
f 1919/2003/1919 2009/2101/2009 1928/2012/1928
f 1774/2102/1774 2002/2094/2002 1764/2093/1764
f 2002/2094/2002 1774/2102/1774 2010/2103/2010
f 2010/2103/2010 2003/2095/2003 2002/2094/2002
f 2003/2095/2003 2010/2103/2010 2011/2104/2011
f 2011/2104/2011 2004/2096/2004 2003/2095/2003
f 2004/2096/2004 2011/2104/2011 2012/2105/2012
f 2012/2105/2012 2005/2097/2005 2004/2096/2004
f 2005/2097/2005 2012/2105/2012 2013/2106/2013
f 2013/2106/2013 2006/2098/2006 2005/2097/2005
f 2006/2098/2006 2013/2106/2013 2014/2107/2014
f 2014/2107/2014 2007/2099/2007 2006/2098/2006
f 2007/2099/2007 2014/2107/2014 2015/2108/2015
f 2015/2108/2015 2008/2100/2008 2007/2099/2007
f 2008/2100/2008 2015/2108/2015 2016/2109/2016
f 2016/2109/2016 2009/2101/2009 2008/2100/2008
f 2009/2101/2009 2016/2109/2016 2017/2110/2017
f 2017/2110/2017 1928/2012/1928 2009/2101/2009
f 1928/2012/1928 2017/2110/2017 1937/2021/1937
f 1775/1859/1775 2018/2111/2018 1774/1858/1774
f 2018/2111/2018 1775/1859/1775 2019/2112/2019
f 1776/1860/1776 2019/2112/2019 1775/1859/1775
f 2019/2112/2019 1776/1860/1776 2020/2113/2020
f 1777/1861/1777 2020/2113/2020 1776/1860/1776
f 2020/2113/2020 1777/1861/1777 2021/2114/2021
f 1778/1862/1778 2021/2114/2021 1777/1861/1777
f 2021/2114/2021 1778/1862/1778 2022/2115/2022
f 1779/1863/1779 2022/2115/2022 1778/1862/1778
f 2022/2115/2022 1779/1863/1779 2023/2116/2023
f 1780/1864/1780 2023/2116/2023 1779/1863/1779
f 2023/2116/2023 1780/1864/1780 2024/2117/2024
f 1781/1865/1781 2024/2117/2024 1780/1864/1780
f 2024/2117/2024 1781/1865/1781 2025/2118/2025
f 1782/1866/1782 2025/2118/2025 1781/1865/1781
f 2025/2118/2025 1782/1866/1782 2026/2119/2026
f 1783/1867/1783 2026/2119/2026 1782/1866/1782
f 2026/2119/2026 1783/1867/1783 2027/2120/2027
f 2019/2112/2019 2028/2121/2028 2018/2111/2018
f 2028/2121/2028 2019/2112/2019 2029/2122/2029
f 2020/2113/2020 2029/2122/2029 2019/2112/2019
f 2029/2122/2029 2020/2113/2020 2030/2123/2030
f 2021/2114/2021 2030/2123/2030 2020/2113/2020
f 2030/2123/2030 2021/2114/2021 2031/2124/2031
f 2022/2115/2022 2031/2124/2031 2021/2114/2021
f 2031/2124/2031 2022/2115/2022 2032/2125/2032
f 2023/2116/2023 2032/2125/2032 2022/2115/2022
f 2032/2125/2032 2023/2116/2023 2033/2126/2033
f 2024/2117/2024 2033/2126/2033 2023/2116/2023
f 2033/2126/2033 2024/2117/2024 2034/2127/2034
f 2025/2118/2025 2034/2127/2034 2024/2117/2024
f 2034/2127/2034 2025/2118/2025 2035/2128/2035
f 2026/2119/2026 2035/2128/2035 2025/2118/2025
f 2035/2128/2035 2026/2119/2026 2036/2129/2036
f 2027/2120/2027 2036/2129/2036 2026/2119/2026
f 2036/2129/2036 2027/2120/2027 2037/2130/2037
f 2029/2122/2029 2038/2131/2038 2028/2121/2028
f 2038/2131/2038 2029/2122/2029 2039/2132/2039
f 2030/2123/2030 2039/2132/2039 2029/2122/2029
f 2039/2132/2039 2030/2123/2030 2040/2133/2040
f 2031/2124/2031 2040/2133/2040 2030/2123/2030
f 2040/2133/2040 2031/2124/2031 2041/2134/2041
f 2032/2125/2032 2041/2134/2041 2031/2124/2031
f 2041/2134/2041 2032/2125/2032 2042/2135/2042
f 2033/2126/2033 2042/2135/2042 2032/2125/2032
f 2042/2135/2042 2033/2126/2033 2043/2136/2043
f 2034/2127/2034 2043/2136/2043 2033/2126/2033
f 2043/2136/2043 2034/2127/2034 2044/2137/2044
f 2035/2128/2035 2044/2137/2044 2034/2127/2034
f 2044/2137/2044 2035/2128/2035 2045/2138/2045
f 2036/2129/2036 2045/2138/2045 2035/2128/2035
f 2045/2138/2045 2036/2129/2036 2046/2139/2046
f 2037/2130/2037 2046/2139/2046 2036/2129/2036
f 2046/2139/2046 2037/2130/2037 2047/2140/2047
f 2039/2132/2039 2048/2141/2048 2038/2131/2038
f 2048/2141/2048 2039/2132/2039 2049/2142/2049
f 2040/2133/2040 2049/2142/2049 2039/2132/2039
f 2049/2142/2049 2040/2133/2040 2050/2143/2050
f 2041/2134/2041 2050/2143/2050 2040/2133/2040
f 2050/2143/2050 2041/2134/2041 2051/2144/2051
f 2042/2135/2042 2051/2144/2051 2041/2134/2041
f 2051/2144/2051 2042/2135/2042 2052/2145/2052
f 2043/2136/2043 2052/2145/2052 2042/2135/2042
f 2052/2145/2052 2043/2136/2043 2053/2146/2053
f 2044/2137/2044 2053/2146/2053 2043/2136/2043
f 2053/2146/2053 2044/2137/2044 2054/2147/2054
f 2045/2138/2045 2054/2147/2054 2044/2137/2044
f 2054/2147/2054 2045/2138/2045 2055/2148/2055
f 2046/2139/2046 2055/2148/2055 2045/2138/2045
f 2055/2148/2055 2046/2139/2046 2056/2149/2056
f 2047/2140/2047 2056/2149/2056 2046/2139/2046
f 2056/2149/2056 2047/2140/2047 2057/2150/2057
f 2049/2142/2049 2058/2151/2058 2048/2141/2048
f 2058/2151/2058 2049/2142/2049 2059/2152/2059
f 2050/2143/2050 2059/2152/2059 2049/2142/2049
f 2059/2152/2059 2050/2143/2050 2060/2153/2060
f 2051/2144/2051 2060/2153/2060 2050/2143/2050
f 2060/2153/2060 2051/2144/2051 2061/2154/2061
f 2052/2145/2052 2061/2154/2061 2051/2144/2051
f 2061/2154/2061 2052/2145/2052 2062/2155/2062
f 2053/2146/2053 2062/2155/2062 2052/2145/2052
f 2062/2155/2062 2053/2146/2053 2063/2156/2063
f 2054/2147/2054 2063/2156/2063 2053/2146/2053
f 2063/2156/2063 2054/2147/2054 2064/2157/2064
f 2055/2148/2055 2064/2157/2064 2054/2147/2054
f 2064/2157/2064 2055/2148/2055 2065/2158/2065
f 2056/2149/2056 2065/2158/2065 2055/2148/2055
f 2065/2158/2065 2056/2149/2056 2066/2159/2066
f 2057/2150/2057 2066/2159/2066 2056/2149/2056
f 2066/2159/2066 2057/2150/2057 2067/2160/2067
f 2059/2152/2059 2068/2161/2068 2058/2151/2058
f 2068/2161/2068 2059/2152/2059 2069/2162/2069
f 2060/2153/2060 2069/2162/2069 2059/2152/2059
f 2069/2162/2069 2060/2153/2060 2070/2163/2070
f 2061/2154/2061 2070/2163/2070 2060/2153/2060
f 2070/2163/2070 2061/2154/2061 2071/2164/2071
f 2062/2155/2062 2071/2164/2071 2061/2154/2061
f 2071/2164/2071 2062/2155/2062 2072/2165/2072
f 2063/2156/2063 2072/2165/2072 2062/2155/2062
f 2072/2165/2072 2063/2156/2063 2073/2166/2073
f 2064/2157/2064 2073/2166/2073 2063/2156/2063
f 2073/2166/2073 2064/2157/2064 2074/2167/2074
f 2065/2158/2065 2074/2167/2074 2064/2157/2064
f 2074/2167/2074 2065/2158/2065 2075/2168/2075
f 2066/2159/2066 2075/2168/2075 2065/2158/2065
f 2075/2168/2075 2066/2159/2066 2076/2169/2076
f 2067/2160/2067 2076/2169/2076 2066/2159/2066
f 2076/2169/2076 2067/2160/2067 2077/2170/2077
f 2069/2162/2069 2078/2171/2078 2068/2161/2068
f 2078/2171/2078 2069/2162/2069 2079/2172/2079
f 2070/2163/2070 2079/2172/2079 2069/2162/2069
f 2079/2172/2079 2070/2163/2070 2080/2173/2080
f 2071/2164/2071 2080/2173/2080 2070/2163/2070
f 2080/2173/2080 2071/2164/2071 2081/2174/2081
f 2072/2165/2072 2081/2174/2081 2071/2164/2071
f 2081/2174/2081 2072/2165/2072 2082/2175/2082
f 2073/2166/2073 2082/2175/2082 2072/2165/2072
f 2082/2175/2082 2073/2166/2073 2083/2176/2083
f 2074/2167/2074 2083/2176/2083 2073/2166/2073
f 2083/2176/2083 2074/2167/2074 2084/2177/2084
f 2075/2168/2075 2084/2177/2084 2074/2167/2074
f 2084/2177/2084 2075/2168/2075 2085/2178/2085
f 2076/2169/2076 2085/2178/2085 2075/2168/2075
f 2085/2178/2085 2076/2169/2076 2086/2179/2086
f 2077/2170/2077 2086/2179/2086 2076/2169/2076
f 2086/2179/2086 2077/2170/2077 2087/2180/2087
f 2079/2172/2079 2088/2181/2088 2078/2171/2078
f 2088/2181/2088 2079/2172/2079 2089/2182/2089
f 2080/2173/2080 2089/2182/2089 2079/2172/2079
f 2089/2182/2089 2080/2173/2080 2090/2183/2090
f 2081/2174/2081 2090/2183/2090 2080/2173/2080
f 2090/2183/2090 2081/2174/2081 2091/2184/2091
f 2082/2175/2082 2091/2184/2091 2081/2174/2081
f 2091/2184/2091 2082/2175/2082 2092/2185/2092
f 2083/2176/2083 2092/2185/2092 2082/2175/2082
f 2092/2185/2092 2083/2176/2083 2093/2186/2093
f 2084/2177/2084 2093/2186/2093 2083/2176/2083
f 2093/2186/2093 2084/2177/2084 2094/2187/2094
f 2085/2178/2085 2094/2187/2094 2084/2177/2084
f 2094/2187/2094 2085/2178/2085 2095/2188/2095
f 2086/2179/2086 2095/2188/2095 2085/2178/2085
f 2095/2188/2095 2086/2179/2086 2096/2189/2096
f 2087/2180/2087 2096/2189/2096 2086/2179/2086
f 2096/2189/2096 2087/2180/2087 2097/2190/2097
f 2089/2182/2089 2098/2191/2098 2088/2181/2088
f 2098/2191/2098 2089/2182/2089 2099/2192/2099
f 2090/2183/2090 2099/2192/2099 2089/2182/2089
f 2099/2192/2099 2090/2183/2090 2100/2193/2100
f 2091/2184/2091 2100/2193/2100 2090/2183/2090
f 2100/2193/2100 2091/2184/2091 2101/2194/2101
f 2092/2185/2092 2101/2194/2101 2091/2184/2091
f 2101/2194/2101 2092/2185/2092 2102/2195/2102
f 2093/2186/2093 2102/2195/2102 2092/2185/2092
f 2102/2195/2102 2093/2186/2093 2103/2196/2103
f 2094/2187/2094 2103/2196/2103 2093/2186/2093
f 2103/2196/2103 2094/2187/2094 2104/2197/2104
f 2095/2188/2095 2104/2197/2104 2094/2187/2094
f 2104/2197/2104 2095/2188/2095 2105/2198/2105
f 2096/2189/2096 2105/2198/2105 2095/2188/2095
f 2105/2198/2105 2096/2189/2096 2106/2199/2106
f 2097/2190/2097 2106/2199/2106 2096/2189/2096
f 2106/2199/2106 2097/2190/2097 2107/2200/2107
f 1856/1940/1856 2027/2120/2027 1783/1867/1783
f 2027/2120/2027 1856/1940/1856 2108/2201/2108
f 1857/1941/1857 2108/2201/2108 1856/1940/1856
f 2108/2201/2108 1857/1941/1857 2109/2202/2109
f 1858/1942/1858 2109/2202/2109 1857/1941/1857
f 2109/2202/2109 1858/1942/1858 2110/2203/2110
f 1859/1943/1859 2110/2203/2110 1858/1942/1858
f 2110/2203/2110 1859/1943/1859 2111/2204/2111
f 1860/1944/1860 2111/2204/2111 1859/1943/1859
f 2111/2204/2111 1860/1944/1860 2112/2205/2112
f 1861/1945/1861 2112/2205/2112 1860/1944/1860
f 2112/2205/2112 1861/1945/1861 2113/2206/2113
f 1862/1946/1862 2113/2206/2113 1861/1945/1861
f 2113/2206/2113 1862/1946/1862 2114/2207/2114
f 1863/1947/1863 2114/2207/2114 1862/1946/1862
f 2114/2207/2114 1863/1947/1863 2115/2208/2115
f 1864/1948/1864 2115/2208/2115 1863/1947/1863
f 2115/2208/2115 1864/1948/1864 2116/2209/2116
f 2108/2201/2108 2037/2130/2037 2027/2120/2027
f 2037/2130/2037 2108/2201/2108 2117/2210/2117
f 2109/2202/2109 2117/2210/2117 2108/2201/2108
f 2117/2210/2117 2109/2202/2109 2118/2211/2118
f 2110/2203/2110 2118/2211/2118 2109/2202/2109
f 2118/2211/2118 2110/2203/2110 2119/2212/2119
f 2111/2204/2111 2119/2212/2119 2110/2203/2110
f 2119/2212/2119 2111/2204/2111 2120/2213/2120
f 2112/2205/2112 2120/2213/2120 2111/2204/2111
f 2120/2213/2120 2112/2205/2112 2121/2214/2121
f 2113/2206/2113 2121/2214/2121 2112/2205/2112
f 2121/2214/2121 2113/2206/2113 2122/2215/2122
f 2114/2207/2114 2122/2215/2122 2113/2206/2113
f 2122/2215/2122 2114/2207/2114 2123/2216/2123
f 2115/2208/2115 2123/2216/2123 2114/2207/2114
f 2123/2216/2123 2115/2208/2115 2124/2217/2124
f 2116/2209/2116 2124/2217/2124 2115/2208/2115
f 2124/2217/2124 2116/2209/2116 2125/2218/2125
f 2117/2210/2117 2047/2140/2047 2037/2130/2037
f 2047/2140/2047 2117/2210/2117 2126/2219/2126
f 2118/2211/2118 2126/2219/2126 2117/2210/2117
f 2126/2219/2126 2118/2211/2118 2127/2220/2127
f 2119/2212/2119 2127/2220/2127 2118/2211/2118
f 2127/2220/2127 2119/2212/2119 2128/2221/2128
f 2120/2213/2120 2128/2221/2128 2119/2212/2119
f 2128/2221/2128 2120/2213/2120 2129/2222/2129
f 2121/2214/2121 2129/2222/2129 2120/2213/2120
f 2129/2222/2129 2121/2214/2121 2130/2223/2130
f 2122/2215/2122 2130/2223/2130 2121/2214/2121
f 2130/2223/2130 2122/2215/2122 2131/2224/2131
f 2123/2216/2123 2131/2224/2131 2122/2215/2122
f 2131/2224/2131 2123/2216/2123 2132/2225/2132
f 2124/2217/2124 2132/2225/2132 2123/2216/2123
f 2132/2225/2132 2124/2217/2124 2133/2226/2133
f 2125/2218/2125 2133/2226/2133 2124/2217/2124
f 2133/2226/2133 2125/2218/2125 2134/2227/2134
f 2126/2219/2126 2057/2150/2057 2047/2140/2047
f 2057/2150/2057 2126/2219/2126 2135/2228/2135
f 2127/2220/2127 2135/2228/2135 2126/2219/2126
f 2135/2228/2135 2127/2220/2127 2136/2229/2136
f 2128/2221/2128 2136/2229/2136 2127/2220/2127
f 2136/2229/2136 2128/2221/2128 2137/2230/2137
f 2129/2222/2129 2137/2230/2137 2128/2221/2128
f 2137/2230/2137 2129/2222/2129 2138/2231/2138
f 2130/2223/2130 2138/2231/2138 2129/2222/2129
f 2138/2231/2138 2130/2223/2130 2139/2232/2139
f 2131/2224/2131 2139/2232/2139 2130/2223/2130
f 2139/2232/2139 2131/2224/2131 2140/2233/2140
f 2132/2225/2132 2140/2233/2140 2131/2224/2131
f 2140/2233/2140 2132/2225/2132 2141/2234/2141
f 2133/2226/2133 2141/2234/2141 2132/2225/2132
f 2141/2234/2141 2133/2226/2133 2142/2235/2142
f 2134/2227/2134 2142/2235/2142 2133/2226/2133
f 2142/2235/2142 2134/2227/2134 2143/2236/2143
f 2135/2228/2135 2067/2160/2067 2057/2150/2057
f 2067/2160/2067 2135/2228/2135 2144/2237/2144
f 2136/2229/2136 2144/2237/2144 2135/2228/2135
f 2144/2237/2144 2136/2229/2136 2145/2238/2145
f 2137/2230/2137 2145/2238/2145 2136/2229/2136
f 2145/2238/2145 2137/2230/2137 2146/2239/2146
f 2138/2231/2138 2146/2239/2146 2137/2230/2137
f 2146/2239/2146 2138/2231/2138 2147/2240/2147
f 2139/2232/2139 2147/2240/2147 2138/2231/2138
f 2147/2240/2147 2139/2232/2139 2148/2241/2148
f 2140/2233/2140 2148/2241/2148 2139/2232/2139
f 2148/2241/2148 2140/2233/2140 2149/2242/2149
f 2141/2234/2141 2149/2242/2149 2140/2233/2140
f 2149/2242/2149 2141/2234/2141 2150/2243/2150
f 2142/2235/2142 2150/2243/2150 2141/2234/2141
f 2150/2243/2150 2142/2235/2142 2151/2244/2151
f 2143/2236/2143 2151/2244/2151 2142/2235/2142
f 2151/2244/2151 2143/2236/2143 2152/2245/2152
f 2144/2237/2144 2077/2170/2077 2067/2160/2067
f 2077/2170/2077 2144/2237/2144 2153/2246/2153
f 2145/2238/2145 2153/2246/2153 2144/2237/2144
f 2153/2246/2153 2145/2238/2145 2154/2247/2154
f 2146/2239/2146 2154/2247/2154 2145/2238/2145
f 2154/2247/2154 2146/2239/2146 2155/2248/2155
f 2147/2240/2147 2155/2248/2155 2146/2239/2146
f 2155/2248/2155 2147/2240/2147 2156/2249/2156
f 2148/2241/2148 2156/2249/2156 2147/2240/2147
f 2156/2249/2156 2148/2241/2148 2157/2250/2157
f 2149/2242/2149 2157/2250/2157 2148/2241/2148
f 2157/2250/2157 2149/2242/2149 2158/2251/2158
f 2150/2243/2150 2158/2251/2158 2149/2242/2149
f 2158/2251/2158 2150/2243/2150 2159/2252/2159
f 2151/2244/2151 2159/2252/2159 2150/2243/2150
f 2159/2252/2159 2151/2244/2151 2160/2253/2160
f 2152/2245/2152 2160/2253/2160 2151/2244/2151
f 2160/2253/2160 2152/2245/2152 2161/2254/2161
f 2153/2246/2153 2087/2180/2087 2077/2170/2077
f 2087/2180/2087 2153/2246/2153 2162/2255/2162
f 2154/2247/2154 2162/2255/2162 2153/2246/2153
f 2162/2255/2162 2154/2247/2154 2163/2256/2163
f 2155/2248/2155 2163/2256/2163 2154/2247/2154
f 2163/2256/2163 2155/2248/2155 2164/2257/2164
f 2156/2249/2156 2164/2257/2164 2155/2248/2155
f 2164/2257/2164 2156/2249/2156 2165/2258/2165
f 2157/2250/2157 2165/2258/2165 2156/2249/2156
f 2165/2258/2165 2157/2250/2157 2166/2259/2166
f 2158/2251/2158 2166/2259/2166 2157/2250/2157
f 2166/2259/2166 2158/2251/2158 2167/2260/2167
f 2159/2252/2159 2167/2260/2167 2158/2251/2158
f 2167/2260/2167 2159/2252/2159 2168/2261/2168
f 2160/2253/2160 2168/2261/2168 2159/2252/2159
f 2168/2261/2168 2160/2253/2160 2169/2262/2169
f 2161/2254/2161 2169/2262/2169 2160/2253/2160
f 2169/2262/2169 2161/2254/2161 2170/2263/2170
f 2162/2255/2162 2097/2190/2097 2087/2180/2087
f 2097/2190/2097 2162/2255/2162 2171/2264/2171
f 2163/2256/2163 2171/2264/2171 2162/2255/2162
f 2171/2264/2171 2163/2256/2163 2172/2265/2172
f 2164/2257/2164 2172/2265/2172 2163/2256/2163
f 2172/2265/2172 2164/2257/2164 2173/2266/2173
f 2165/2258/2165 2173/2266/2173 2164/2257/2164
f 2173/2266/2173 2165/2258/2165 2174/2267/2174
f 2166/2259/2166 2174/2267/2174 2165/2258/2165
f 2174/2267/2174 2166/2259/2166 2175/2268/2175
f 2167/2260/2167 2175/2268/2175 2166/2259/2166
f 2175/2268/2175 2167/2260/2167 2176/2269/2176
f 2168/2261/2168 2176/2269/2176 2167/2260/2167
f 2176/2269/2176 2168/2261/2168 2177/2270/2177
f 2169/2262/2169 2177/2270/2177 2168/2261/2168
f 2177/2270/2177 2169/2262/2169 2178/2271/2178
f 2170/2263/2170 2178/2271/2178 2169/2262/2169
f 2178/2271/2178 2170/2263/2170 2179/2272/2179
f 2171/2264/2171 2107/2200/2107 2097/2190/2097
f 2107/2200/2107 2171/2264/2171 2180/2273/2180
f 2172/2265/2172 2180/2273/2180 2171/2264/2171
f 2180/2273/2180 2172/2265/2172 2181/2274/2181
f 2173/2266/2173 2181/2274/2181 2172/2265/2172
f 2181/2274/2181 2173/2266/2173 2182/2275/2182
f 2174/2267/2174 2182/2275/2182 2173/2266/2173
f 2182/2275/2182 2174/2267/2174 2183/2276/2183
f 2175/2268/2175 2183/2276/2183 2174/2267/2174
f 2183/2276/2183 2175/2268/2175 2184/2277/2184
f 2176/2269/2176 2184/2277/2184 2175/2268/2175
f 2184/2277/2184 2176/2269/2176 2185/2278/2185
f 2177/2270/2177 2185/2278/2185 2176/2269/2176
f 2185/2278/2185 2177/2270/2177 2186/2279/2186
f 2178/2271/2178 2186/2279/2186 2177/2270/2177
f 2186/2279/2186 2178/2271/2178 2187/2280/2187
f 2179/2272/2179 2187/2280/2187 2178/2271/2178
f 2187/2280/2187 2179/2272/2179 2188/2281/2188
f 2189/2282/2189 1938/2022/1938 1937/2021/1937
f 1938/2022/1938 2189/2282/2189 2190/2283/2190
f 2190/2283/2190 1939/2023/1939 1938/2022/1938
f 1939/2023/1939 2190/2283/2190 2191/2284/2191
f 2191/2284/2191 1940/2024/1940 1939/2023/1939
f 1940/2024/1940 2191/2284/2191 2192/2285/2192
f 2192/2285/2192 1941/2025/1941 1940/2024/1940
f 1941/2025/1941 2192/2285/2192 2193/2286/2193
f 2193/2286/2193 1942/2026/1942 1941/2025/1941
f 1942/2026/1942 2193/2286/2193 2194/2287/2194
f 2194/2287/2194 1943/2027/1943 1942/2026/1942
f 1943/2027/1943 2194/2287/2194 2195/2288/2195
f 2195/2288/2195 1944/2028/1944 1943/2027/1943
f 1944/2028/1944 2195/2288/2195 2196/2289/2196
f 2196/2289/2196 1945/2029/1945 1944/2028/1944
f 1945/2029/1945 2196/2289/2196 2197/2290/2197
f 2197/2290/2197 1864/1948/1864 1945/2029/1945
f 1864/1948/1864 2197/2290/2197 2116/2209/2116
f 2198/2291/2198 2190/2283/2190 2189/2282/2189
f 2190/2283/2190 2198/2291/2198 2199/2292/2199
f 2199/2292/2199 2191/2284/2191 2190/2283/2190
f 2191/2284/2191 2199/2292/2199 2200/2293/2200
f 2200/2293/2200 2192/2285/2192 2191/2284/2191
f 2192/2285/2192 2200/2293/2200 2201/2294/2201
f 2201/2294/2201 2193/2286/2193 2192/2285/2192
f 2193/2286/2193 2201/2294/2201 2202/2295/2202
f 2202/2295/2202 2194/2287/2194 2193/2286/2193
f 2194/2287/2194 2202/2295/2202 2203/2296/2203
f 2203/2296/2203 2195/2288/2195 2194/2287/2194
f 2195/2288/2195 2203/2296/2203 2204/2297/2204
f 2204/2297/2204 2196/2289/2196 2195/2288/2195
f 2196/2289/2196 2204/2297/2204 2205/2298/2205
f 2205/2298/2205 2197/2290/2197 2196/2289/2196
f 2197/2290/2197 2205/2298/2205 2206/2299/2206
f 2206/2299/2206 2116/2209/2116 2197/2290/2197
f 2116/2209/2116 2206/2299/2206 2125/2218/2125
f 2207/2300/2207 2199/2292/2199 2198/2291/2198
f 2199/2292/2199 2207/2300/2207 2208/2301/2208
f 2208/2301/2208 2200/2293/2200 2199/2292/2199
f 2200/2293/2200 2208/2301/2208 2209/2302/2209
f 2209/2302/2209 2201/2294/2201 2200/2293/2200
f 2201/2294/2201 2209/2302/2209 2210/2303/2210
f 2210/2303/2210 2202/2295/2202 2201/2294/2201
f 2202/2295/2202 2210/2303/2210 2211/2304/2211
f 2211/2304/2211 2203/2296/2203 2202/2295/2202
f 2203/2296/2203 2211/2304/2211 2212/2305/2212
f 2212/2305/2212 2204/2297/2204 2203/2296/2203
f 2204/2297/2204 2212/2305/2212 2213/2306/2213
f 2213/2306/2213 2205/2298/2205 2204/2297/2204
f 2205/2298/2205 2213/2306/2213 2214/2307/2214
f 2214/2307/2214 2206/2299/2206 2205/2298/2205
f 2206/2299/2206 2214/2307/2214 2215/2308/2215
f 2215/2308/2215 2125/2218/2125 2206/2299/2206
f 2125/2218/2125 2215/2308/2215 2134/2227/2134
f 2216/2309/2216 2208/2301/2208 2207/2300/2207
f 2208/2301/2208 2216/2309/2216 2217/2310/2217
f 2217/2310/2217 2209/2302/2209 2208/2301/2208
f 2209/2302/2209 2217/2310/2217 2218/2311/2218
f 2218/2311/2218 2210/2303/2210 2209/2302/2209
f 2210/2303/2210 2218/2311/2218 2219/2312/2219
f 2219/2312/2219 2211/2304/2211 2210/2303/2210
f 2211/2304/2211 2219/2312/2219 2220/2313/2220
f 2220/2313/2220 2212/2305/2212 2211/2304/2211
f 2212/2305/2212 2220/2313/2220 2221/2314/2221
f 2221/2314/2221 2213/2306/2213 2212/2305/2212
f 2213/2306/2213 2221/2314/2221 2222/2315/2222
f 2222/2315/2222 2214/2307/2214 2213/2306/2213
f 2214/2307/2214 2222/2315/2222 2223/2316/2223
f 2223/2316/2223 2215/2308/2215 2214/2307/2214
f 2215/2308/2215 2223/2316/2223 2224/2317/2224
f 2224/2317/2224 2134/2227/2134 2215/2308/2215
f 2134/2227/2134 2224/2317/2224 2143/2236/2143
f 2225/2318/2225 2217/2310/2217 2216/2309/2216
f 2217/2310/2217 2225/2318/2225 2226/2319/2226
f 2226/2319/2226 2218/2311/2218 2217/2310/2217
f 2218/2311/2218 2226/2319/2226 2227/2320/2227
f 2227/2320/2227 2219/2312/2219 2218/2311/2218
f 2219/2312/2219 2227/2320/2227 2228/2321/2228
f 2228/2321/2228 2220/2313/2220 2219/2312/2219
f 2220/2313/2220 2228/2321/2228 2229/2322/2229
f 2229/2322/2229 2221/2314/2221 2220/2313/2220
f 2221/2314/2221 2229/2322/2229 2230/2323/2230
f 2230/2323/2230 2222/2315/2222 2221/2314/2221
f 2222/2315/2222 2230/2323/2230 2231/2324/2231
f 2231/2324/2231 2223/2316/2223 2222/2315/2222
f 2223/2316/2223 2231/2324/2231 2232/2325/2232
f 2232/2325/2232 2224/2317/2224 2223/2316/2223
f 2224/2317/2224 2232/2325/2232 2233/2326/2233
f 2233/2326/2233 2143/2236/2143 2224/2317/2224
f 2143/2236/2143 2233/2326/2233 2152/2245/2152
f 2234/2327/2234 2226/2319/2226 2225/2318/2225
f 2226/2319/2226 2234/2327/2234 2235/2328/2235
f 2235/2328/2235 2227/2320/2227 2226/2319/2226
f 2227/2320/2227 2235/2328/2235 2236/2329/2236
f 2236/2329/2236 2228/2321/2228 2227/2320/2227
f 2228/2321/2228 2236/2329/2236 2237/2330/2237
f 2237/2330/2237 2229/2322/2229 2228/2321/2228
f 2229/2322/2229 2237/2330/2237 2238/2331/2238
f 2238/2331/2238 2230/2323/2230 2229/2322/2229
f 2230/2323/2230 2238/2331/2238 2239/2332/2239
f 2239/2332/2239 2231/2324/2231 2230/2323/2230
f 2231/2324/2231 2239/2332/2239 2240/2333/2240
f 2240/2333/2240 2232/2325/2232 2231/2324/2231
f 2232/2325/2232 2240/2333/2240 2241/2334/2241
f 2241/2334/2241 2233/2326/2233 2232/2325/2232
f 2233/2326/2233 2241/2334/2241 2242/2335/2242
f 2242/2335/2242 2152/2245/2152 2233/2326/2233
f 2152/2245/2152 2242/2335/2242 2161/2254/2161
f 2243/2336/2243 2235/2328/2235 2234/2327/2234
f 2235/2328/2235 2243/2336/2243 2244/2337/2244
f 2244/2337/2244 2236/2329/2236 2235/2328/2235
f 2236/2329/2236 2244/2337/2244 2245/2338/2245
f 2245/2338/2245 2237/2330/2237 2236/2329/2236
f 2237/2330/2237 2245/2338/2245 2246/2339/2246
f 2246/2339/2246 2238/2331/2238 2237/2330/2237
f 2238/2331/2238 2246/2339/2246 2247/2340/2247
f 2247/2340/2247 2239/2332/2239 2238/2331/2238
f 2239/2332/2239 2247/2340/2247 2248/2341/2248
f 2248/2341/2248 2240/2333/2240 2239/2332/2239
f 2240/2333/2240 2248/2341/2248 2249/2342/2249
f 2249/2342/2249 2241/2334/2241 2240/2333/2240
f 2241/2334/2241 2249/2342/2249 2250/2343/2250
f 2250/2343/2250 2242/2335/2242 2241/2334/2241
f 2242/2335/2242 2250/2343/2250 2251/2344/2251
f 2251/2344/2251 2161/2254/2161 2242/2335/2242
f 2161/2254/2161 2251/2344/2251 2170/2263/2170
f 2252/2345/2252 2244/2337/2244 2243/2336/2243
f 2244/2337/2244 2252/2345/2252 2253/2346/2253
f 2253/2346/2253 2245/2338/2245 2244/2337/2244
f 2245/2338/2245 2253/2346/2253 2254/2347/2254
f 2254/2347/2254 2246/2339/2246 2245/2338/2245
f 2246/2339/2246 2254/2347/2254 2255/2348/2255
f 2255/2348/2255 2247/2340/2247 2246/2339/2246
f 2247/2340/2247 2255/2348/2255 2256/2349/2256
f 2256/2349/2256 2248/2341/2248 2247/2340/2247
f 2248/2341/2248 2256/2349/2256 2257/2350/2257
f 2257/2350/2257 2249/2342/2249 2248/2341/2248
f 2249/2342/2249 2257/2350/2257 2258/2351/2258
f 2258/2351/2258 2250/2343/2250 2249/2342/2249
f 2250/2343/2250 2258/2351/2258 2259/2352/2259
f 2259/2352/2259 2251/2344/2251 2250/2343/2250
f 2251/2344/2251 2259/2352/2259 2260/2353/2260
f 2260/2353/2260 2170/2263/2170 2251/2344/2251
f 2170/2263/2170 2260/2353/2260 2179/2272/2179
f 2261/2354/2261 2253/2346/2253 2252/2345/2252
f 2253/2346/2253 2261/2354/2261 2262/2355/2262
f 2262/2355/2262 2254/2347/2254 2253/2346/2253
f 2254/2347/2254 2262/2355/2262 2263/2356/2263
f 2263/2356/2263 2255/2348/2255 2254/2347/2254
f 2255/2348/2255 2263/2356/2263 2264/2357/2264
f 2264/2357/2264 2256/2349/2256 2255/2348/2255
f 2256/2349/2256 2264/2357/2264 2265/2358/2265
f 2265/2358/2265 2257/2350/2257 2256/2349/2256
f 2257/2350/2257 2265/2358/2265 2266/2359/2266
f 2266/2359/2266 2258/2351/2258 2257/2350/2257
f 2258/2351/2258 2266/2359/2266 2267/2360/2267
f 2267/2360/2267 2259/2352/2259 2258/2351/2258
f 2259/2352/2259 2267/2360/2267 2268/2361/2268
f 2268/2361/2268 2260/2353/2260 2259/2352/2259
f 2260/2353/2260 2268/2361/2268 2269/2362/2269
f 2269/2362/2269 2179/2272/2179 2260/2353/2260
f 2179/2272/2179 2269/2362/2269 2188/2281/2188
f 2018/2363/2018 2010/2103/2010 1774/2102/1774
f 2010/2103/2010 2018/2363/2018 2270/2364/2270
f 2270/2364/2270 2011/2104/2011 2010/2103/2010
f 2011/2104/2011 2270/2364/2270 2271/2365/2271
f 2271/2365/2271 2012/2105/2012 2011/2104/2011
f 2012/2105/2012 2271/2365/2271 2272/2366/2272
f 2272/2366/2272 2013/2106/2013 2012/2105/2012
f 2013/2106/2013 2272/2366/2272 2273/2367/2273
f 2273/2367/2273 2014/2107/2014 2013/2106/2013
f 2014/2107/2014 2273/2367/2273 2274/2368/2274
f 2274/2368/2274 2015/2108/2015 2014/2107/2014
f 2015/2108/2015 2274/2368/2274 2275/2369/2275
f 2275/2369/2275 2016/2109/2016 2015/2108/2015
f 2016/2109/2016 2275/2369/2275 2276/2370/2276
f 2276/2370/2276 2017/2110/2017 2016/2109/2016
f 2017/2110/2017 2276/2370/2276 2277/2371/2277
f 2277/2371/2277 1937/2021/1937 2017/2110/2017
f 1937/2021/1937 2277/2371/2277 2189/2282/2189
f 2028/2372/2028 2270/2364/2270 2018/2363/2018
f 2270/2364/2270 2028/2372/2028 2278/2373/2278
f 2278/2373/2278 2271/2365/2271 2270/2364/2270
f 2271/2365/2271 2278/2373/2278 2279/2374/2279
f 2279/2374/2279 2272/2366/2272 2271/2365/2271
f 2272/2366/2272 2279/2374/2279 2280/2375/2280
f 2280/2375/2280 2273/2367/2273 2272/2366/2272
f 2273/2367/2273 2280/2375/2280 2281/2376/2281
f 2281/2376/2281 2274/2368/2274 2273/2367/2273
f 2274/2368/2274 2281/2376/2281 2282/2377/2282
f 2282/2377/2282 2275/2369/2275 2274/2368/2274
f 2275/2369/2275 2282/2377/2282 2283/2378/2283
f 2283/2378/2283 2276/2370/2276 2275/2369/2275
f 2276/2370/2276 2283/2378/2283 2284/2379/2284
f 2284/2379/2284 2277/2371/2277 2276/2370/2276
f 2277/2371/2277 2284/2379/2284 2285/2380/2285
f 2285/2380/2285 2189/2282/2189 2277/2371/2277
f 2189/2282/2189 2285/2380/2285 2198/2291/2198
f 2038/2381/2038 2278/2373/2278 2028/2372/2028
f 2278/2373/2278 2038/2381/2038 2286/2382/2286
f 2286/2382/2286 2279/2374/2279 2278/2373/2278
f 2279/2374/2279 2286/2382/2286 2287/2383/2287
f 2287/2383/2287 2280/2375/2280 2279/2374/2279
f 2280/2375/2280 2287/2383/2287 2288/2384/2288
f 2288/2384/2288 2281/2376/2281 2280/2375/2280
f 2281/2376/2281 2288/2384/2288 2289/2385/2289
f 2289/2385/2289 2282/2377/2282 2281/2376/2281
f 2282/2377/2282 2289/2385/2289 2290/2386/2290
f 2290/2386/2290 2283/2378/2283 2282/2377/2282
f 2283/2378/2283 2290/2386/2290 2291/2387/2291
f 2291/2387/2291 2284/2379/2284 2283/2378/2283
f 2284/2379/2284 2291/2387/2291 2292/2388/2292
f 2292/2388/2292 2285/2380/2285 2284/2379/2284
f 2285/2380/2285 2292/2388/2292 2293/2389/2293
f 2293/2389/2293 2198/2291/2198 2285/2380/2285
f 2198/2291/2198 2293/2389/2293 2207/2300/2207
f 2048/2390/2048 2286/2382/2286 2038/2381/2038
f 2286/2382/2286 2048/2390/2048 2294/2391/2294
f 2294/2391/2294 2287/2383/2287 2286/2382/2286
f 2287/2383/2287 2294/2391/2294 2295/2392/2295
f 2295/2392/2295 2288/2384/2288 2287/2383/2287
f 2288/2384/2288 2295/2392/2295 2296/2393/2296
f 2296/2393/2296 2289/2385/2289 2288/2384/2288
f 2289/2385/2289 2296/2393/2296 2297/2394/2297
f 2297/2394/2297 2290/2386/2290 2289/2385/2289
f 2290/2386/2290 2297/2394/2297 2298/2395/2298
f 2298/2395/2298 2291/2387/2291 2290/2386/2290
f 2291/2387/2291 2298/2395/2298 2299/2396/2299
f 2299/2396/2299 2292/2388/2292 2291/2387/2291
f 2292/2388/2292 2299/2396/2299 2300/2397/2300
f 2300/2397/2300 2293/2389/2293 2292/2388/2292
f 2293/2389/2293 2300/2397/2300 2301/2398/2301
f 2301/2398/2301 2207/2300/2207 2293/2389/2293
f 2207/2300/2207 2301/2398/2301 2216/2309/2216
f 2058/2399/2058 2294/2391/2294 2048/2390/2048
f 2294/2391/2294 2058/2399/2058 2302/2400/2302
f 2302/2400/2302 2295/2392/2295 2294/2391/2294
f 2295/2392/2295 2302/2400/2302 2303/2401/2303
f 2303/2401/2303 2296/2393/2296 2295/2392/2295
f 2296/2393/2296 2303/2401/2303 2304/2402/2304
f 2304/2402/2304 2297/2394/2297 2296/2393/2296
f 2297/2394/2297 2304/2402/2304 2305/2403/2305
f 2305/2403/2305 2298/2395/2298 2297/2394/2297
f 2298/2395/2298 2305/2403/2305 2306/2404/2306
f 2306/2404/2306 2299/2396/2299 2298/2395/2298
f 2299/2396/2299 2306/2404/2306 2307/2405/2307
f 2307/2405/2307 2300/2397/2300 2299/2396/2299
f 2300/2397/2300 2307/2405/2307 2308/2406/2308
f 2308/2406/2308 2301/2398/2301 2300/2397/2300
f 2301/2398/2301 2308/2406/2308 2309/2407/2309
f 2309/2407/2309 2216/2309/2216 2301/2398/2301
f 2216/2309/2216 2309/2407/2309 2225/2318/2225
f 2068/2408/2068 2302/2400/2302 2058/2399/2058
f 2302/2400/2302 2068/2408/2068 2310/2409/2310
f 2310/2409/2310 2303/2401/2303 2302/2400/2302
f 2303/2401/2303 2310/2409/2310 2311/2410/2311
f 2311/2410/2311 2304/2402/2304 2303/2401/2303
f 2304/2402/2304 2311/2410/2311 2312/2411/2312
f 2312/2411/2312 2305/2403/2305 2304/2402/2304
f 2305/2403/2305 2312/2411/2312 2313/2412/2313
f 2313/2412/2313 2306/2404/2306 2305/2403/2305
f 2306/2404/2306 2313/2412/2313 2314/2413/2314
f 2314/2413/2314 2307/2405/2307 2306/2404/2306
f 2307/2405/2307 2314/2413/2314 2315/2414/2315
f 2315/2414/2315 2308/2406/2308 2307/2405/2307
f 2308/2406/2308 2315/2414/2315 2316/2415/2316
f 2316/2415/2316 2309/2407/2309 2308/2406/2308
f 2309/2407/2309 2316/2415/2316 2317/2416/2317
f 2317/2416/2317 2225/2318/2225 2309/2407/2309
f 2225/2318/2225 2317/2416/2317 2234/2327/2234
f 2078/2417/2078 2310/2409/2310 2068/2408/2068
f 2310/2409/2310 2078/2417/2078 2318/2418/2318
f 2318/2418/2318 2311/2410/2311 2310/2409/2310
f 2311/2410/2311 2318/2418/2318 2319/2419/2319
f 2319/2419/2319 2312/2411/2312 2311/2410/2311
f 2312/2411/2312 2319/2419/2319 2320/2420/2320
f 2320/2420/2320 2313/2412/2313 2312/2411/2312
f 2313/2412/2313 2320/2420/2320 2321/2421/2321
f 2321/2421/2321 2314/2413/2314 2313/2412/2313
f 2314/2413/2314 2321/2421/2321 2322/2422/2322
f 2322/2422/2322 2315/2414/2315 2314/2413/2314
f 2315/2414/2315 2322/2422/2322 2323/2423/2323
f 2323/2423/2323 2316/2415/2316 2315/2414/2315
f 2316/2415/2316 2323/2423/2323 2324/2424/2324
f 2324/2424/2324 2317/2416/2317 2316/2415/2316
f 2317/2416/2317 2324/2424/2324 2325/2425/2325
f 2325/2425/2325 2234/2327/2234 2317/2416/2317
f 2234/2327/2234 2325/2425/2325 2243/2336/2243
f 2088/2426/2088 2318/2418/2318 2078/2417/2078
f 2318/2418/2318 2088/2426/2088 2326/2427/2326
f 2326/2427/2326 2319/2419/2319 2318/2418/2318
f 2319/2419/2319 2326/2427/2326 2327/2428/2327
f 2327/2428/2327 2320/2420/2320 2319/2419/2319
f 2320/2420/2320 2327/2428/2327 2328/2429/2328
f 2328/2429/2328 2321/2421/2321 2320/2420/2320
f 2321/2421/2321 2328/2429/2328 2329/2430/2329
f 2329/2430/2329 2322/2422/2322 2321/2421/2321
f 2322/2422/2322 2329/2430/2329 2330/2431/2330
f 2330/2431/2330 2323/2423/2323 2322/2422/2322
f 2323/2423/2323 2330/2431/2330 2331/2432/2331
f 2331/2432/2331 2324/2424/2324 2323/2423/2323
f 2324/2424/2324 2331/2432/2331 2332/2433/2332
f 2332/2433/2332 2325/2425/2325 2324/2424/2324
f 2325/2425/2325 2332/2433/2332 2333/2434/2333
f 2333/2434/2333 2243/2336/2243 2325/2425/2325
f 2243/2336/2243 2333/2434/2333 2252/2345/2252
f 2098/2435/2098 2326/2427/2326 2088/2426/2088
f 2326/2427/2326 2098/2435/2098 2334/2436/2334
f 2334/2436/2334 2327/2428/2327 2326/2427/2326
f 2327/2428/2327 2334/2436/2334 2335/2437/2335
f 2335/2437/2335 2328/2429/2328 2327/2428/2327
f 2328/2429/2328 2335/2437/2335 2336/2438/2336
f 2336/2438/2336 2329/2430/2329 2328/2429/2328
f 2329/2430/2329 2336/2438/2336 2337/2439/2337
f 2337/2439/2337 2330/2431/2330 2329/2430/2329
f 2330/2431/2330 2337/2439/2337 2338/2440/2338
f 2338/2440/2338 2331/2432/2331 2330/2431/2330
f 2331/2432/2331 2338/2440/2338 2339/2441/2339
f 2339/2441/2339 2332/2433/2332 2331/2432/2331
f 2332/2433/2332 2339/2441/2339 2340/2442/2340
f 2340/2442/2340 2333/2434/2333 2332/2433/2332
f 2333/2434/2333 2340/2442/2340 2341/2443/2341
f 2341/2443/2341 2252/2345/2252 2333/2434/2333
f 2252/2345/2252 2341/2443/2341 2261/2354/2261
